current directory: /Users/collinsmunyendo/rt2lab.github.io/vendor/bundle/ruby/4.0.0/gems/nokogiri-1.13.1/ext/nokogiri
/opt/homebrew/opt/ruby/bin/ruby extconf.rb
checking for whether -std=c99 is accepted as CFLAGS... yes
checking for whether -Wno-declaration-after-statement is accepted as CFLAGS... yes
checking for whether -g is accepted as CFLAGS... yes
checking for whether -Winline is accepted as CFLAGS... yes
checking for whether -Wmissing-noreturn is accepted as CFLAGS... yes
checking for whether -Wno-error=unused-command-line-argument-hard-error-in-future is accepted as CFLAGS... no
Building nokogiri using packaged libraries.
Static linking is enabled.
Cross build is disabled.
checking for iconv.h... yes
Using mini_portile version 2.7.1
checking for iconv using --with-opt-* flags... yes
---------- IMPORTANT NOTICE ----------
Building Nokogiri with a packaged version of libxml2-2.9.12.
Configuration options: --host\=arm64-apple-darwin25 --enable-static --disable-shared --libdir\=/Users/collinsmunyendo/rt2lab.github.io/vendor/bundle/ruby/4.0.0/gems/nokogiri-1.13.1/ports/arm64-darwin25/libxml2/2.9.12/lib --with-iconv\=yes --disable-dependency-tracking --without-python --without-readline --with-c14n --with-debug --with-threads --disable-shared --enable-static CPPFLAGS\=-I/opt/homebrew/opt/libyaml/include\ -I/opt/homebrew/opt/openssl@3/include LDFLAGS\=-L/opt/homebrew/opt/libyaml/lib\ -L/opt/homebrew/opt/openssl@3/lib RANLIB\=/usr/bin/ranlib AR\=/usr/bin/ar CFLAGS\=-O2\ -U_FORTIFY_SOURCE\ -g\ -fPIC
The following patches are being applied:
  - 0001-Remove-script-macro-support.patch
  - 0002-Update-entities-to-remove-handling-of-ssi.patch
  - 0003-libxml2.la-is-in-top_builddir.patch
  - 0004-use-glibc-strlen.patch
  - 0005-avoid-isnan-isinf.patch
  - 0006-update-automake-files-for-arm64.patch
  - 0007-Fix-XPath-recursion-limit.patch
  - 0008-htmlParseComment-handle-abruptly-closed-comments.patch
  - 0009-allow-wildcard-namespaces.patch

The Nokogiri maintainers intend to provide timely security updates, but if
this is a concern for you and want to use your OS/distro system library
instead, then abort this installation process and install nokogiri as
instructed at:

  https://nokogiri.org/tutorials/installing_nokogiri.html#installing-using-standard-system-libraries

Note, however, that nokogiri cannot guarantee compatibility with every
version of libxml2 that may be provided by OS/package vendors.

Extracting libxml2-2.9.12.tar.gz into tmp/arm64-apple-darwin25/ports/libxml2/2.9.12... OK
Running git apply with /Users/collinsmunyendo/rt2lab.github.io/vendor/bundle/ruby/4.0.0/gems/nokogiri-1.13.1/patches/libxml2/0001-Remove-script-macro-support.patch... OK
Running git apply with /Users/collinsmunyendo/rt2lab.github.io/vendor/bundle/ruby/4.0.0/gems/nokogiri-1.13.1/patches/libxml2/0002-Update-entities-to-remove-handling-of-ssi.patch... OK
Running git apply with /Users/collinsmunyendo/rt2lab.github.io/vendor/bundle/ruby/4.0.0/gems/nokogiri-1.13.1/patches/libxml2/0003-libxml2.la-is-in-top_builddir.patch... OK
Running git apply with /Users/collinsmunyendo/rt2lab.github.io/vendor/bundle/ruby/4.0.0/gems/nokogiri-1.13.1/patches/libxml2/0004-use-glibc-strlen.patch... OK
Running git apply with /Users/collinsmunyendo/rt2lab.github.io/vendor/bundle/ruby/4.0.0/gems/nokogiri-1.13.1/patches/libxml2/0005-avoid-isnan-isinf.patch... OK
Running git apply with /Users/collinsmunyendo/rt2lab.github.io/vendor/bundle/ruby/4.0.0/gems/nokogiri-1.13.1/patches/libxml2/0006-update-automake-files-for-arm64.patch... OK
Running git apply with /Users/collinsmunyendo/rt2lab.github.io/vendor/bundle/ruby/4.0.0/gems/nokogiri-1.13.1/patches/libxml2/0007-Fix-XPath-recursion-limit.patch... OK
Running git apply with /Users/collinsmunyendo/rt2lab.github.io/vendor/bundle/ruby/4.0.0/gems/nokogiri-1.13.1/patches/libxml2/0008-htmlParseComment-handle-abruptly-closed-comments.patch... OK
Running git apply with /Users/collinsmunyendo/rt2lab.github.io/vendor/bundle/ruby/4.0.0/gems/nokogiri-1.13.1/patches/libxml2/0009-allow-wildcard-namespaces.patch... OK
Running 'configure' for libxml2 2.9.12... OK
Running 'compile' for libxml2 2.9.12... OK
Running 'install' for libxml2 2.9.12... OK
Activating libxml2 2.9.12 (from /Users/collinsmunyendo/rt2lab.github.io/vendor/bundle/ruby/4.0.0/gems/nokogiri-1.13.1/ports/arm64-darwin25/libxml2/2.9.12)...
Using mini_portile version 2.7.1
---------- IMPORTANT NOTICE ----------
Building Nokogiri with a packaged version of libxslt-1.1.34.
Configuration options: --host\=arm64-apple-darwin25 --enable-static --disable-shared --libdir\=/Users/collinsmunyendo/rt2lab.github.io/vendor/bundle/ruby/4.0.0/gems/nokogiri-1.13.1/ports/arm64-darwin25/libxslt/1.1.34/lib --disable-dependency-tracking --without-python --without-crypto --with-debug --with-libxml-prefix\=/Users/collinsmunyendo/rt2lab.github.io/vendor/bundle/ruby/4.0.0/gems/nokogiri-1.13.1/ports/arm64-darwin25/libxml2/2.9.12 --disable-shared --enable-static RANLIB\=/usr/bin/ranlib AR\=/usr/bin/ar CFLAGS\=-O2\ -U_FORTIFY_SOURCE\ -g\ -fPIC
The following patches are being applied:
  - 0001-update-automake-files-for-arm64.patch
  - 0002-Fix-xml2-config-check-in-configure-script.patch

The Nokogiri maintainers intend to provide timely security updates, but if
this is a concern for you and want to use your OS/distro system library
instead, then abort this installation process and install nokogiri as
instructed at:

  https://nokogiri.org/tutorials/installing_nokogiri.html#installing-using-standard-system-libraries

Extracting libxslt-1.1.34.tar.gz into tmp/arm64-apple-darwin25/ports/libxslt/1.1.34... OK
Running git apply with /Users/collinsmunyendo/rt2lab.github.io/vendor/bundle/ruby/4.0.0/gems/nokogiri-1.13.1/patches/libxslt/0001-update-automake-files-for-arm64.patch... OK
Running git apply with /Users/collinsmunyendo/rt2lab.github.io/vendor/bundle/ruby/4.0.0/gems/nokogiri-1.13.1/patches/libxslt/0002-Fix-xml2-config-check-in-configure-script.patch... OK
Running 'configure' for libxslt 1.1.34... OK
Running 'compile' for libxslt 1.1.34... OK
Running 'install' for libxslt 1.1.34... OK
Activating libxslt 1.1.34 (from /Users/collinsmunyendo/rt2lab.github.io/vendor/bundle/ruby/4.0.0/gems/nokogiri-1.13.1/ports/arm64-darwin25/libxslt/1.1.34)...
checking for whether -DNOKOGIRI_PACKAGED_LIBRARIES is accepted as CPPFLAGS... yes
checking for whether -DNOKOGIRI_LIBXML2_PATCHES="\"0001-Remove-script-macro-support.patch 0002-Update-entities-to-remove-handling-of-ssi.patch 0003-libxml2.la-is-in-top_builddir.patch 0004-use-glibc-strlen.patch 0005-avoid-isnan-isinf.patch 0006-update-automake-files-for-arm64.patch 0007-Fix-XPath-recursion-limit.patch 0008-htmlParseComment-handle-abruptly-closed-comments.patch 0009-allow-wildcard-namespaces.patch\"" is accepted as CPPFLAGS... yes
checking for -llzma... yes
checking for whether -DNOKOGIRI_LIBXSLT_PATCHES="\"0001-update-automake-files-for-arm64.patch 0002-Fix-xml2-config-check-in-configure-script.patch\"" is accepted as CPPFLAGS... yes
checking for xmlParseDoc() in libxml/parser.h... yes
checking for xsltParseStylesheetDoc() in libxslt/xslt.h... yes
checking for exsltFuncRegister() in libexslt/exslt.h... yes
Using mini_portile version 2.7.1
---------- IMPORTANT NOTICE ----------
Building Nokogiri with a packaged version of libgumbo-1.0.0-nokogiri.
Configuration options: --disable-shared --enable-static CFLAGS\=-fPIC
Copying gumbo-parser files into tmp/arm64-apple-darwin25/ports/libgumbo/1.0.0-nokogiri/gumbo-parser...
Running 'compile' for libgumbo 1.0.0-nokogiri... OK
Activating libgumbo 1.0.0-nokogiri (from ports/arm64-darwin25/libgumbo/1.0.0-nokogiri)...
checking for whether -I/Users/collinsmunyendo/rt2lab.github.io/vendor/bundle/ruby/4.0.0/gems/nokogiri-1.13.1/ext/nokogiri/ports/arm64-darwin25/libgumbo/1.0.0-nokogiri/include is accepted as CPPFLAGS... yes
checking for gumbo_parse_with_options() in gumbo.h... yes
checking for xmlHasFeature()... yes
checking for xmlFirstElementChild()... yes
checking for xmlRelaxNGSetParserStructuredErrors()... yes
checking for xmlRelaxNGSetValidStructuredErrors()... yes
checking for xmlSchemaSetValidStructuredErrors()... yes
checking for xmlSchemaSetParserStructuredErrors()... yes
checking for vasprintf()... yes
checking for whether -DNOKOGIRI_OTHER_LIBRARY_VERSIONS="\"libgumbo:1.0.0-nokogiri\"" is accepted as CPPFLAGS... yes
creating Makefile

current directory: /Users/collinsmunyendo/rt2lab.github.io/vendor/bundle/ruby/4.0.0/gems/nokogiri-1.13.1/ext/nokogiri
make -j9 DESTDIR\= sitearchdir\=./.gem.20260508-30760-kegsmj sitelibdir\=./.gem.20260508-30760-kegsmj clean

current directory: /Users/collinsmunyendo/rt2lab.github.io/vendor/bundle/ruby/4.0.0/gems/nokogiri-1.13.1/ext/nokogiri
make -j9 DESTDIR\= sitearchdir\=./.gem.20260508-30760-kegsmj sitelibdir\=./.gem.20260508-30760-kegsmj
compiling gumbo.c
compiling html4_document.c
compiling html4_element_description.c
compiling html4_entity_lookup.c
compiling html4_sax_parser_context.c
compiling html4_sax_push_parser.c
compiling libxml2_backwards_compat.c
compiling nokogiri.c
compiling test_global_handlers.c
compiling xml_attr.c
html4_entity_lookup.c:23:36: warning: implicit conversion loses integer precision: 'long' to 'int' [-Wshorten-64-to-32]
   23 |   rb_constructor_args[0] = INT2NUM((long)c_entity_desc->value);
      |                            ~~~~~~~ ^~~~~~~~~~~~~~~~~~~~~~~~~~
gumbo.c:284:57: warning: implicit conversion loses integer precision: 'size_t' (aka 'unsigned long') to 'int' [-Wshorten-64-to-32]
  284 |       rb_iv_set(syntax_error, "@line", INT2NUM(position.line));
      |                                        ~~~~~~~ ~~~~~~~~~^~~~
gumbo.c:289:59: warning: implicit conversion loses integer precision: 'size_t' (aka 'unsigned long') to 'int' [-Wshorten-64-to-32]
  289 |       rb_iv_set(syntax_error, "@column", INT2NUM(position.column));
      |                                          ~~~~~~~ ~~~~~~~~~^~~~~~
html4_sax_push_parser.c:20:3: warning: 'rb_data_object_get_warning' is deprecated: by TypedData [-Wdeprecated-declarations]
   20 |   Data_Get_Struct(self, xmlParserCtxt, ctx);
      |   ^
/opt/homebrew/Cellar/ruby/4.0.3/include/ruby-4.0.0/ruby/internal/core/rdata.h:278:34: note: expanded from macro 'Data_Get_Struct'
  278 |     ((sval) = RBIMPL_CAST((type*)rb_data_object_get(obj)))
      |                                  ^
/opt/homebrew/Cellar/ruby/4.0.3/include/ruby-4.0.0/ruby/internal/core/rdata.h:370:31: note: expanded from macro 'rb_data_object_get'
  370 | #define rb_data_object_get    RUBY_MACRO_SELECT(rb_data_object_get_2, RUBY_UNTYPED_DATA_WARNING)
      |                               ^
/opt/homebrew/Cellar/ruby/4.0.3/include/ruby-4.0.0/ruby/internal/core/rdata.h:50:35: note: expanded from macro 'RUBY_MACRO_SELECT'
   50 | #define RUBY_MACRO_SELECT(x, y)   RBIMPL_MACRO_SELECT(x, y)
      |                                   ^
/opt/homebrew/Cellar/ruby/4.0.3/include/ruby-4.0.0/ruby/internal/core/rdata.h:49:35: note: expanded from macro 'RBIMPL_MACRO_SELECT'
   49 | #define RBIMPL_MACRO_SELECT(x, y) x ## y
      |                                   ^
<scratch space>:176:1: note: expanded from here
  176 | rb_data_object_get_1
      | ^
/opt/homebrew/Cellar/ruby/4.0.3/include/ruby-4.0.0/ruby/internal/core/rdata.h:368:31: note: expanded from macro 'rb_data_object_get_1'
  368 | #define rb_data_object_get_1  rb_data_object_get_warning
      |                               ^
/opt/homebrew/Cellar/ruby/4.0.3/include/ruby-4.0.0/ruby/internal/core/rdata.h:317:1: note: 'rb_data_object_get_warning' has been explicitly marked deprecated here
  317 | RBIMPL_ATTRSET_UNTYPED_DATA_FUNC()
      | ^
/opt/homebrew/Cellar/ruby/4.0.3/include/ruby-4.0.0/ruby/internal/core/rdata.h:47:5: note: expanded from macro 'RBIMPL_ATTRSET_UNTYPED_DATA_FUNC'
   47 |     RBIMPL_ATTR_DEPRECATED(("by TypedData"))
      |     ^
/opt/homebrew/Cellar/ruby/4.0.3/include/ruby-4.0.0/ruby/internal/attr/deprecated.h:36:53: note: expanded from macro 'RBIMPL_ATTR_DEPRECATED'
   36 | # define RBIMPL_ATTR_DEPRECATED(msg) __attribute__((__deprecated__ msg))
      |                                                     ^
html4_document.c:148:3: warning: 'rb_data_object_get_warning' is deprecated: by TypedData [-Wdeprecated-declarations]
  148 |   Data_Get_Struct(selhtml4_sax_push_parser.cf, xmlDoc, doc);
      |   ^
/opt/homebrew/Cellar/ruby/4.0.3/include/ruby-4.0.0/ruby/internal/core/rdata.h:278:34: note: expanded from macro 'Data_Get_Struct'
  278 |     ((sval) = RBIMPL_CAST((type*)rb_data_object_get(obj)))
      |                                  ^
/opt/homebrew/Cellar/ruby/4.0.3/include/ruby-4.0.0/ruby/internal/core/rdata.h:370:31: note: expanded from macro 'rb_data_object_get'
  370 | #define rb_data_object_get    gumbo.c:404:3: warning: 'rb_data_object_get_warning' is deprecated: by TypedData [-Wdeprecated-declarations]
  :57:3: warning: 'rb_data_object_get_warning' is deprecated: by TypedData [-Wdeprecated-declarations]
   57 |   Data_GetR_S404 | t ruct(_xml_sax, xmlSAXHandler, sax);
      |   ^
UBY_M/opt/homebrew/Cellar/ruby/4.0.3/include/ruby-4.0.0/ruby/internal/core/rdata.h: 278:34: note: expanded from macro 'Data_Get_Struct'
  A278 | D    ((sval) = RBIMPL_CAST((type*)rb_data_object_get(obj)))
      |                                  ^
/opt/homebrew/Cellar/ruby/4.0.3/include/ruby-4.0.0/ruby/internal/core/rdata.h:370:31: note: expanded from macro 'rb_data_object_get'
CRO_SELECT(  r370 | at#ade_bfine _data_objecGerb_data_object_t_get_2, RUBY_UNTYPED_DATA_WARNING)
      |                               ^
/opt/homebrew/Cellar/ruby/4.0.3/include/ruby-4.0.0/ruby/internal/core/rdata.h:50:35: tget    RUBY_Mnote: expanded from macro 'RUBY_MACRO_SELECT'
   50 | #defAinCeR OR_USBEYL_EMCATC(RrOb__SdEaLtEaC_To(bxj,e cyt)_ g e tR_B2I,M PRLU_BMYA_CURNOT_YSPEELDE_CDTA(TxA,_ WyA)R
N      I| N                                  ^G
)
      /opt/homebrew/Cellar/ruby/4.0.3/include/ruby-4.0.0/ruby/internal/core/rdata.h:49:35: note: expanded from macro 'RBIMPL_MACRO_SELECT'
   49 | #defi| n                              ^e
 RBI/opt/homebrew/Cellar/ruby/4.0.3/include/ruby-4.0.0/ruby/internal/core/rdata.h:50:_StrucMPL_MACRO_SELECT(x, y) x ## y
      |                                   ^
35: <scratch space>:176t:1(:n onote: dexpanded from heree
, xmlNode, xml_node);
      |   ^
note: expanded from macro 'RUBY_MACRO_SELECT'
/opt/homebrew/Cellar/ruby/4.0.3/include/ruby-4.0.0/ruby/internal/core/rdata.h:278:34:    note: 50expanded from macro 'Data_Get_Struct' | 
#define   278 |     ((sRvUaBlY)_ M=A CRRBOI_MSPELL_ECCATS(Tx(,( tyy)p e * )RrBbI_MdPaLt_aM_AoCbRjOe_cStE_LgEeCtT((oxb,j )y)))

            | |                                   ^                                 ^

/opt/homebrew/Cellar/ruby/4.0.3/include/ruby-4.0.0/ruby/internal/core/rdata.h/opt/homebrew/Cellar/ruby/4.0.3/include/ruby-4.0.0/ruby/internal/core/rdata.h::49370::3531::  note: note: expanded from macro 'RBIMPL_MACRO_SELECT'expanded from macro 'rb_data_object_get'

   49 | #define RB  I370M | P#Ld_eMfAiCnReO _rSbE_LdEaCtTa(_xo,b jye)c tx_ g#e#t  y 
        | R                                  ^U
BY_MACR<scratch space>O:_177S:E1L:E Cnote: Texpanded from here(
rb_data_object_get  _1772 | ,r bR_UdBaYt_aU_NoTbYjPeEcDt__DgAeTtA__1W
A      R| N^I
NG)/opt/homebrew/Cellar/ruby/4.0.3/include/ruby-4.0.0/ruby/internal/core/rdata.h:368:31  :176 | rb_data_object_ge
      |                               ^
/opt/homebrew/Cellar/ruby/4.0.3/include/ruby-4.0.0/ruby/internal/core/rdata.h:50:35: note: expanded from macro 'RUBY_MACRO_SELECT' note: expanded from macro 'rb_data_object_get_1'
  368 | #t_
   50 | #def1
      | ^
/opt/homebrew/Cellar/ruby/4.0.3/include/ruby-4.0.0/ruby/internal/core/rdata.h:368dine R:U31: enote: fexpanded from macro 'rb_data_object_get_1'i
ne rb_d  a368t | a#_doebfjiencet _rgbe_td_a1t a _robb_jdeactta__goebtj_e1c t _rgbe_td_awtaar_noibnjge
c      t| _                              ^g
et_warning
      /opt/homebrew/Cellar/ruby/4.0.3/include/ruby-4.0.0/ruby/internal/core/rdata.h:317:1:BY_|                               ^
 note: 'rb_data_object_get_warning' has been explicitly marked deprecated here/opt/homebrew/Cellar/ruby/4.0.3/include/ruby-4.0.0/ruby/internal/core/rdata.h
:317:1: note: 'rb_data_object_get_warning' has been explicitly marked deprecated hereM
ACRO_  S317E | LREBCITM(PxL,_ AyT)T R S ERTB_IUMNPTLY_PMEADC_RDOA_TSAE_LFEUCNTC((x),
       y| )^

      |                                   ^
/opt/homebrew/Cellar/ruby/4.0.3/include/ruby-4.0.0/ruby/internal/core/rdata.h:49:35: note: expanded from macro 'RBIMPL_MACRO_SELECT'
   49 |   317 | R/opt/homebrew/Cellar/ruby/4.0.3/include/ruby-4.0.0/ruby/internal/core/rdata.h:47:5: note: expanded from macro 'RBIMPL_ATTRSET_UNTYPED_DATA_FUNC'#defiBIMPL_ATT
ne    47 |     RBIMPL_RSET_UNTRYBIMAPTLT_RM_ADCERPOR_ESCEALTEECDT(((x",b yy )T yxp e#d#D ayt
a      "| )                                  ^)

      |     ^
<scratch space>:186:1/opt/homebrew/Cellar/ruby/4.0.3/include/ruby-4.0.0/ruby/internal/attr/deprecated.h:36:53: note: expanded from macro 'RBIMPL_ATTR_DEPRECATED'
   36 | # define RBIMPLP_AETDT_RD_ADTEAP_RFEUCNACT(E)D
(      m| s^g
) __a/opt/homebrew/Cellar/ruby/4.0.3/include/ruby-4.0.0/ruby/internal/core/rdata.ht:t47r:i5b:u tnote: eexpanded from macro 'RBIMPL_ATTRSET_UNTYPED_DATA_FUNC'_
_((__depr: note:    47 |     RBIeMcPaLt_eAdT_T_R _mDsEgP)R)E
C      A| T                                                    ^E
D(("by TypedData"))
      |     ^
/opt/homebrew/Cellar/ruby/4.0.3/include/ruby-4.0.0/ruby/internal/attr/deprecated.h:36:53: note: expanded from macro 'RBIMPL_ATTR_DEPRECATED'
   36 | # define RBIMPL_ATTR_DEPRECATED(msg) __attribute__((__deprecated__ msg))
      |                                                     ^
html4_document.c:149:18: warning: implicit conversion loses integer precision: 'long' to 'int' [-Wshorten-64-to-32]
  149 |   return INT2NUM((long)doc->type);
      |          ~~~~~~~ ^~~~~~~~~~~~~~~
expanded from here
  186 | rb_data_object_get_1
      | ^
/opt/homebrew/Cellar/ruby/4.0.3/include/ruby-4.0.0/ruby/internal/core/rdata.h:368:31: note: expanded from macro 'rb_data_object_get_1'
  368 | #define rb_data_object_get_1  rb_data_object_get_warning
      |                               ^
/opt/homebrew/Cellar/ruby/4.0.3/include/ruby-4.0.0/ruby/internal/core/rdata.h:317:1: note: 'rb_data_object_get_warning' has been explicitly marked deprecated here
  317 | RBIMPL_ATTRSET_UNTYPED_DATA_FUNC()
      | ^
/opt/homebrew/Cellar/ruby/4.0.3/include/ruby-4.0.0/ruby/internal/core/rdata.h:47:5: note: expanded from macro 'RBIMPL_ATTRSET_UNTYPED_DATA_FUNC'
   47 |     RBIMPL_ATTR_DEPRECATED(("by TypedData"))
      |     ^
/opt/homebrew/Cellar/ruby/4.0.3/include/ruby-4.0.0/ruby/internal/attr/deprecated.h:36:53: note: expanded from macro 'RBIMPL_ATTR_DEPRECATED'
   36 | # define RBIMPL_ATTR_DEPRECATED(msg) __attribute__((__deprecated__ msg))
      |                                                     ^
gumbo.c:504:30: warning: implicit conversion loses integer precision: 'VALUE' (aka 'unsigned long') to 'int' [-Wshorten-64-to-32]
  503 |       VALUE enc = rb_funcall(ctx, rb_intern_const("[]"),
      |                   ~~~~~~~~~~
  504 |                              rb_utf8_str_new_static("encoding", 8));
      |                              ^~~~~~~~~~~~~~~~~~~~~~~~~~~~~~~~~~~~~
1 warning generated.
html4_sax_parser_context.c:47:10: warning: 'rb_data_object_wrap_warning' is deprecated: by TypedData [-Wdeprecated-declarations]
   47 |   return Data_Wrap_Struct(klass, NULL, deallocate, ctxt);
      |          ^
/opt/homebrew/Cellar/ruby/4.0.3/include/ruby-4.0.0/ruby/internal/core/rdata.h:202:5: note: expanded from macro 'Data_Wrap_Struct'
  202 |     rb_data_object_wrap(                          \
      |     ^
/opt/homebrew/Cellar/ruby/4.0.3/include/ruby-4.0.0/ruby/internal/core/rdata.h:366:31: note: expanded from macro 'rb_data_object_wrap'
  366 | #define rb_data_object_wrap   RUBY_MACRO_SELECT(rb_data_object_wrap_2, RUBY_UNTYPED_DATA_WARNING)
      |                               ^
/opt/homebrew/Cellar/ruby/4.0.3/include/ruby-4.0.0/ruby/internal/core/rdata.h:50:35: note: expanded from macro 'RUBY_MACRO_SELECT'
   50 | #define RUBY_MACRO_SELECT(x, y)   RBIMPL_MACRO_SELECT(x, y)
      |                                   ^
/opt/homebrew/Cellar/ruby/4.0.3/include/ruby-4.0.0/ruby/internal/core/rdata.h:49:35: note: expanded from macro 'RBIMPL_MACRO_SELECT'
   49 | #define RBIMPL_MACRO_SELECT(x, y) x ## y
      |                                   ^
<scratch space>:176:1: note: expanded from here
  176 | rb_data_object_wrap_1
      | ^
/opt/homebrew/Cellar/ruby/4.0.3/include/ruby-4.0.0/ruby/internal/core/rdata.h:364:31: note: expanded from macro 'rb_data_object_wrap_1'
  364 | #define rb_data_object_wrap_1 rb_data_object_wrap_warning
      |                               ^
/opt/homebrew/Cellar/ruby/4.0.3/include/ruby-4.0.0/ruby/internal/core/rdata.h:280:1: note: 'rb_data_object_wrap_warning' has been explicitly marked deprecated here
  280 | RBIMPL_ATTRSET_UNTYPED_DATA_FUNC()
      | ^
/opt/homebrew/Cellar/ruby/4.0.3/include/ruby-4.0.0/ruby/internal/core/rdata.h:47:5: note: expanded from macro 'RBIMPL_ATTRSET_UNTYPED_DATA_FUNC'
   47 |     RBIMPL_ATTR_DEPRECATED(("by TypedData"))
      |     ^
/opt/homebrew/Cellar/ruby/4.0.3/include/ruby-4.0.0/ruby/internal/attr/deprecated.h:36:53: note: expanded from macro 'RBIMPL_ATTR_DEPRECATED'
   36 | # define RBIMPL_ATTR_DEPRECATED(msg) __attribute__((__deprecated__ msg))
      |                                                     ^
html4_sax_parser_context.c:57:10: warning: 'rb_data_object_wrap_warning' is deprecated: by TypedData [-Wdeprecated-declarations]
   57 |   return Data_Wrap_Struct(klass, NULL, deallocate, ctxt);
      |          ^
/opt/homebrew/Cellar/ruby/4.0.3/include/ruby-4.0.0/ruby/internal/core/rdata.h:202:5: note: expanded from macro 'Data_Wrap_Struct'
  202 |     rb_data_object_wrap(                          \
      |     ^
/opt/homebrew/Cellar/ruby/4.0.3/include/ruby-4.0.0/ruby/internal/core/rdata.h:366:31: note: expanded from macro 'rb_data_object_wrap'
  366 | #define rb_data_object_wrap   RUBY_MACRO_SELECT(rb_data_object_wrap_2, RUBY_UNTYPED_DATA_WARNING)
      |                               ^
/opt/homebrew/Cellar/ruby/4.0.3/include/ruby-4.0.0/ruby/internal/core/rdata.h:50:35: note: expanded from macro 'RUBY_MACRO_SELECT'
   50 | #define RUBY_MACRO_SELECT(x, y)   RBIMPL_MACRO_SELECT(x, y)
      |                                   ^
/opt/homebrew/Cellar/ruby/4.0.3/include/ruby-4.0.0/ruby/internal/core/rdata.h:49:35: note: expanded from macro 'RBIMPL_MACRO_SELECT'
   49 | #define RBIMPL_MACRO_SELECT(x, y) x ## y
      |                                   ^
<scratch space>:177:1: note: expanded from here
  177 | rb_data_object_wrap_1
      | ^
/opt/homebrew/Cellar/ruby/4.0.3/include/ruby-4.0.0/ruby/internal/core/rdata.h:364:31: note: expanded from macro 'rb_data_object_wrap_1'
  364 | #define rb_data_object_wrap_1 rb_data_object_wrap_warning
      |                               ^
/opt/homebrew/Cellar/ruby/4.0.3/include/ruby-4.0.0/ruby/internal/core/rdata.h:280:1: note: 'rb_data_object_wrap_warning' has been explicitly marked deprecated here
  280 | RBIMPL_ATTRSET_UNTYPED_DATA_FUNC()
      | ^
/opt/homebrew/Cellar/ruby/4.0.3/include/ruby-4.0.0/ruby/internal/core/rdata.h:47:5: note: expanded from macro 'RBIMPL_ATTRSET_UNTYPED_DATA_FUNC'
   47 |     RBIMPL_ATTR_DEPRECATED(("by TypedData"))
      |     ^
/opt/homebrew/Cellar/ruby/4.0.3/include/ruby-4.0.0/ruby/internal/attr/deprecated.h:36:53: note: expanded from macro 'RBIMPL_ATTR_DEPRECATED'
   36 | # define RBIMPL_ATTR_DEPRECATED(msg) __attribute__((__deprecated__ msg))
      |                                                     ^
html4_sax_parser_context.c:91:3: warning: 'rb_data_object_get_warning' is deprecated: by TypedData [-Wdeprecated-declarations]
   91 |   Data_Get_Struct(self, htmlParserCtxt, ctxt);
      |   ^
/opt/homebrew/Cellar/ruby/4.0.3/include/ruby-4.0.0/ruby/internal/core/rdata.h:278:34: note: expanded from macro 'Data_Get_Struct'
  278 |     ((sval) = RBIMPL_CAST((type*)rb_data_object_get(obj)))
      |                                  ^
/opt/homebrew/Cellar/ruby/4.0.3/include/ruby-4.0.0/ruby/internal/core/rdata.h:370:31: note: expanded from macro 'rb_data_object_get'
  370 | #define rb_data_object_get    RUBY_MACRO_SELECT(rb_data_object_get_2, RUBY_UNTYPED_DATA_WARNING)
      |                               ^
/opt/homebrew/Cellar/ruby/4.0.3/include/ruby-4.0.0/ruby/internal/core/rdata.h:50:35: note: expanded from macro 'RUBY_MACRO_SELECT'
   50 | #define RUBY_MACRO_SELECT(x, y)   RBIMPL_MACRO_SELECT(x, y)
      |                                   ^
/opt/homebrew/Cellar/ruby/4.0.3/include/ruby-4.0.0/ruby/internal/core/rdata.h:49:35: note: expanded from macro 'RBIMPL_MACRO_SELECT'
   49 | #define RBIMPL_MACRO_SELECT(x, y) x ## y
      |                                   ^
<scratch space>:178:1: note: expanded from here
  178 | rb_data_object_get_1
      | ^
/opt/homebrew/Cellar/ruby/4.0.3/include/ruby-4.0.0/ruby/internal/core/rdata.h:368:31: note: expanded from macro 'rb_data_object_get_1'
  368 | #define rb_data_object_get_1  rb_data_object_get_warning
      |                               ^
/opt/homebrew/Cellar/ruby/4.0.3/include/ruby-4.0.0/ruby/internal/core/rdata.h:317:1: note: 'rb_data_object_get_warning' has been explicitly marked deprecated here
  317 | RBIMPL_ATTRSET_UNTYPED_DATA_FUNC()
      | ^
/opt/homebrew/Cellar/ruby/4.0.3/include/ruby-4.0.0/ruby/internal/core/rdata.h:47:5: note: expanded from macro 'RBIMPL_ATTRSET_UNTYPED_DATA_FUNC'
   47 |     RBIMPL_ATTR_DEPRECATED(("by TypedData"))
      |     ^
/opt/homebrew/Cellar/ruby/4.0.3/include/ruby-4.0.0/ruby/internal/attr/deprecated.h:36:53: note: expanded from macro 'RBIMPL_ATTR_DEPRECATED'
   36 | # define RBIMPL_ATTR_DEPRECATED(msg) __attribute__((__deprecated__ msg))
      |                                                     ^
html4_sax_parser_context.c:92:3: warning: 'rb_data_object_get_warning' is deprecated: by TypedData [-Wdeprecated-declarations]
   92 |   Data_Get_Struct(sax_handler, htmlSAXHandler, sax);
      |   ^
/opt/homebrew/Cellar/ruby/4.0.3/include/ruby-4.0.0/ruby/internal/core/rdata.h:278:34: note: expanded from macro 'Data_Get_Struct'
  278 |     ((sval) = RBIMPL_CAST((type*)rb_data_object_get(obj)))
      |                                  ^
/opt/homebrew/Cellar/ruby/4.0.3/include/ruby-4.0.0/ruby/internal/core/rdata.h:370:31: note: expanded from macro 'rb_data_object_get'
  370 | #define rb_data_object_get    RUBY_MACRO_SELECT(rb_data_object_get_2, RUBY_UNTYPED_DATA_WARNING)
      |                               ^
/opt/homebrew/Cellar/ruby/4.0.3/include/ruby-4.0.0/ruby/internal/core/rdata.h:50:35: note: expanded from macro 'RUBY_MACRO_SELECT'
   50 | #define RUBY_MACRO_SELECT(x, y)   RBIMPL_MACRO_SELECT(x, y)
      |                                   ^
/opt/homebrew/Cellar/ruby/4.0.3/include/ruby-4.0.0/ruby/internal/core/rdata.h:49:35: note: expanded from macro 'RBIMPL_MACRO_SELECT'
   49 | #define RBIMPL_MACRO_SELECT(x, y) x ## y
      |                                   ^
<scratch space>:179:1: note: expanded from here
  179 | rb_data_object_get_1
      | ^
/opt/homebrew/Cellar/ruby/4.0.3/include/ruby-4.0.0/ruby/internal/core/rdata.h:368:31: note: expanded from macro 'rb_data_object_get_1'
  368 | #define rb_data_object_get_1  rb_data_object_get_warning
      |                               ^
/opt/homebrew/Cellar/ruby/4.0.3/include/ruby-4.0.0/ruby/internal/core/rdata.h:317:1: note: 'rb_data_object_get_warning' has been explicitly marked deprecated here
  317 | RBIMPL_ATTRSET_UNTYPED_DATA_FUNC()
      | ^
/opt/homebrew/Cellar/ruby/4.0.3/include/ruby-4.0.0/ruby/internal/core/rdata.h:47:5: note: expanded from macro 'RBIMPL_ATTRSET_UNTYPED_DATA_FUNC'
   47 |     RBIMPL_ATTR_DEPRECATED(("by TypedData"))
      |     ^
/opt/homebrew/Cellar/ruby/4.0.3/include/ruby-4.0.0/ruby/internal/attr/deprecated.h:36:53: note: expanded from macro 'RBIMPL_ATTR_DEPRECATED'
   36 | # define RBIMPL_ATTR_DEPRECATED(msg) __attribute__((__deprecated__ msg))
      |                                                     ^
html4_element_description.c:18:3: warning: 'rb_data_object_get_warning' is deprecated: by TypedData [-Wdeprecated-declarations]
   18 |   Data_Get_Struct(self, htmlElemDesc, description);
      |   ^
/opt/homebrew/Cellar/ruby/4.0.3/include/ruby-4.0.0/ruby/internal/core/rdata.h:278:34: note: expanded from macro 'Data_Get_Struct'
  278 |     ((sval) = RBIMPL_CAST((type*)rb_data_object_get(obj)))
      |                                  ^
/opt/homebrew/Cellar/ruby/4.0.3/include/ruby-4.0.0/ruby/internal/core/rdata.h:370:31: note: expanded from macro 'rb_data_object_get'
  370 | #define rb_data_object_get    RUBY_MACRO_SELECT(rb_data_object_get_2, RUBY_UNTYPED_DATA_WARNING)
      |                               ^
/opt/homebrew/Cellar/ruby/4.0.3/include/ruby-4.0.0/ruby/internal/core/rdata.h:50:35: note: expanded from macro 'RUBY_MACRO_SELECT'
   50 | #define RUBY_MACRO_SELECT(x, y)   RBIMPL_MACRO_SELECT(x, y)
      |                                   ^
/opt/homebrew/Cellar/ruby/4.0.3/include/ruby-4.0.0/ruby/internal/core/rdata.h:49:35: note: expanded from macro 'RBIMPL_MACRO_SELECT'
   49 | #define RBIMPL_MACRO_SELECT(x, y) x ## y
      |                                   ^
<scratch space>:176:1: note: expanded from here
  176 | rb_data_object_get_1
      | ^
/opt/homebrew/Cellar/ruby/4.0.3/include/ruby-4.0.0/ruby/internal/core/rdata.h:368:31: note: expanded from macro 'rb_data_object_get_1'
  368 | #define rb_data_object_get_1  rb_data_object_get_warning
      |                               ^
/opt/homebrew/Cellar/ruby/4.0.3/include/ruby-4.0.0/ruby/internal/core/rdata.h:317:1: note: 'rb_data_object_get_warning' has been explicitly marked deprecated here
  317 | RBIMPL_ATTRSET_UNTYPED_DATA_FUNC()
      | ^
/opt/homebrew/Cellar/ruby/4.0.3/include/ruby-4.0.0/ruby/internal/core/rdata.h:47:5: note: expanded from macro 'RBIMPL_ATTRSET_UNTYPED_DATA_FUNC'
   47 |     RBIMPL_ATTR_DEPRECATED(("by TypedData"))
      |     ^
/opt/homebrew/Cellar/ruby/4.0.3/include/ruby-4.0.0/ruby/internal/attr/deprecated.h:36:53: note: expanded from macro 'RBIMPL_ATTR_DEPRECATED'
   36 | # define RBIMPL_ATTR_DEPRECATED(msg) __attribute__((__deprecated__ msg))
      |                                                     ^
html4_element_description.c:44:3: warning: 'rb_data_object_get_warning' is deprecated: by TypedData [-Wdeprecated-declarations]
   44 |   Data_Get_Struct(self, htmlElemDesc, description);
      |   ^
/opt/homebrew/Cellar/ruby/4.0.3/include/ruby-4.0.0/ruby/internal/core/rdata.h:278:34: note: expanded from macro 'Data_Get_Struct'
  278 |     ((sval) = RBIMPL_CAST((type*)rb_data_object_get(obj)))
      |                                  ^
/opt/homebrew/Cellar/ruby/4.0.3/include/ruby-4.0.0/ruby/internal/core/rdata.h:370:31: note: expanded from macro 'rb_data_object_get'
  370 | #define rb_data_object_get    RUBY_MACRO_SELECT(rb_data_object_get_2, RUBY_UNTYPED_DATA_WARNING)
      |                               ^
/opt/homebrew/Cellar/ruby/4.0.3/include/ruby-4.0.0/ruby/internal/core/rdata.h:50:35: note: expanded from macro 'RUBY_MACRO_SELECT'
   50 | #define RUBY_MACRO_SELECT(x, y)   RBIMPL_MACRO_SELECT(x, y)
      |                                   ^
/opt/homebrew/Cellar/ruby/4.0.3/include/ruby-4.0.0/ruby/internal/core/rdata.h:49:35: note: expanded from macro 'RBIMPL_MACRO_SELECT'
   49 | #define RBIMPL_MACRO_SELECT(x, y) x ## y
      |                                   ^
<scratch space>:177:1: note: expanded from here
  177 | rb_data_object_get_1
      | ^
/opt/homebrew/Cellar/ruby/4.0.3/include/ruby-4.0.0/ruby/internal/core/rdata.h:368:31: note: expanded from macro 'rb_data_object_get_1'
  368 | #define rb_data_object_get_1  rb_data_object_get_warning
      |                               ^
/opt/homebrew/Cellar/ruby/4.0.3/include/ruby-4.0.0/ruby/internal/core/rdata.h:317:1: note: 'rb_data_object_get_warning' has been explicitly marked deprecated here
  317 | RBIMPL_ATTRSET_UNTYPED_DATA_FUNC()
      | ^
/opt/homebrew/Cellar/ruby/4.0.3/include/ruby-4.0.0/ruby/internal/core/rdata.h:47:5: note: expanded from macro 'RBIMPL_ATTRSET_UNTYPED_DATA_FUNC'
   47 |     RBIMPL_ATTR_DEPRECATED(("by TypedData"))
      |     ^
/opt/homebrew/Cellar/ruby/4.0.3/include/ruby-4.0.0/ruby/internal/attr/deprecated.h:36:53: note: expanded from macro 'RBIMPL_ATTR_DEPRECATED'
   36 | # define RBIMPL_ATTR_DEPRECATED(msg) __attribute__((__deprecated__ msg))
      |                                                     ^
html4_element_description.c:70:3: warning: 'rb_data_object_get_warning' is deprecated: by TypedData [-Wdeprecated-declarations]
   70 |   Data_Get_Struct(self, htmlElemDesc, description);
      |   ^
/opt/homebrew/Cellar/ruby/4.0.3/include/ruby-4.0.0/ruby/internal/core/rdata.h:278:34: note: expanded from macro 'Data_Get_Struct'
  278 |     ((sval) = RBIMPL_CAST((type*)rb_data_object_get(obj)))
      |                                  ^
/opt/homebrew/Cellar/ruby/4.0.3/include/ruby-4.0.0/ruby/internal/core/rdata.h:370:31: note: expanded from macro 'rb_data_object_get'
  370 | #define rb_data_object_get    RUBY_MACRO_SELECT(rb_data_object_get_2, RUBY_UNTYPED_DATA_WARNING)
      |                               ^
/opt/homebrew/Cellar/ruby/4.0.3/include/ruby-4.0.0/ruby/internal/core/rdata.h:50:35: note: expanded from macro 'RUBY_MACRO_SELECT'
   50 | #define RUBY_MACRO_SELECT(x, y)   RBIMPL_MACRO_SELECT(x, y)
      |                                   ^
/opt/homebrew/Cellar/ruby/4.0.3/include/ruby-4.0.0/ruby/internal/core/rdata.h:49:35: note: expanded from macro 'RBIMPL_MACRO_SELECT'
   49 | #define RBIMPL_MACRO_SELECT(x, y) x ## y
      |                                   ^
<scratch space>:178:1: note: expanded from here
  178 | rb_data_object_get_1
      | ^
/opt/homebrew/Cellar/ruby/4.0.3/include/ruby-4.0.0/ruby/internal/core/rdata.h:368:31: note: expanded from macro 'rb_data_object_get_1'
  368 | #define rb_data_object_get_1  rb_data_object_get_warning
      |                               ^
/opt/homebrew/Cellar/ruby/4.0.3/include/ruby-4.0.0/ruby/internal/core/rdata.h:317:1: note: 'rb_data_object_get_warning' has been explicitly marked deprecated here
  317 | RBIMPL_ATTRSET_UNTYPED_DATA_FUNC()
      | ^
/opt/homebrew/Cellar/ruby/4.0.3/include/ruby-4.0.0/ruby/internal/core/rdata.h:47:5: note: expanded from macro 'RBIMPL_ATTRSET_UNTYPED_DATA_FUNC'
   47 |     RBIMPL_ATTR_DEPRECATED(("by TypedData"))
      |     ^
/opt/homebrew/Cellar/ruby/4.0.3/include/ruby-4.0.0/ruby/internal/attr/deprecated.h:36:53: note: expanded from macro 'RBIMPL_ATTR_DEPRECATED'
   36 | # define RBIMPL_ATTR_DEPRECATED(msg) __attribute__((__deprecated__ msg))
      |                                                     ^
html4_element_description.c:93:3: warning: 'rb_data_object_get_warning' is deprecated: by TypedData [-Wdeprecated-declarations]
   93 |   Data_Get_Struct(self, htmlElemDesc, description);
      |   ^
/opt/homebrew/Cellar/ruby/4.0.3/include/ruby-4.0.0/ruby/internal/core/rdata.h:278:34: note: expanded from macro 'Data_Get_Struct'
  278 |     ((sval) = RBIMPL_CAST((type*)rb_data_object_get(obj)))
      |                                  ^
/opt/homebrew/Cellar/ruby/4.0.3/include/ruby-4.0.0/ruby/internal/core/rdata.h:370:31: note: expanded from macro 'rb_data_object_get'
  370 | #define rb_data_object_get    RUBY_MACRO_SELECT(rb_data_object_get_2, RUBY_UNTYPED_DATA_WARNING)
      |                               ^
/opt/homebrew/Cellar/ruby/4.0.3/include/ruby-4.0.0/ruby/internal/core/rdata.h:50:35: note: expanded from macro 'RUBY_MACRO_SELECT'
   50 | #define RUBY_MACRO_SELECT(x, y)   RBIMPL_MACRO_SELECT(x, y)
      |                                   ^
/opt/homebrew/Cellar/ruby/4.0.3/include/ruby-4.0.0/ruby/internal/core/rdata.h:49:35: note: expanded from macro 'RBIMPL_MACRO_SELECT'
   49 | #define RBIMPL_MACRO_SELECT(x, y) x ## y
      |                                   ^
<scratch space>:179:1: note: expanded from here
  179 | rb_data_object_get_1
      | ^
/opt/homebrew/Cellar/ruby/4.0.3/include/ruby-4.0.0/ruby/internal/core/rdata.h:368:31: note: expanded from macro 'rb_data_object_get_1'
  368 | #define rb_data_object_get_1  rb_data_object_get_warning
      |                               ^
/opt/homebrew/Cellar/ruby/4.0.3/include/ruby-4.0.0/ruby/internal/core/rdata.h:317:1: note: 'rb_data_object_get_warning' has been explicitly marked deprecated here
  317 | RBIMPL_ATTRSET_UNTYPED_DATA_FUNC()
      | ^
/opt/homebrew/Cellar/ruby/4.0.3/include/ruby-4.0.0/ruby/internal/core/rdata.h:47:5: note: expanded from macro 'RBIMPL_ATTRSET_UNTYPED_DATA_FUNC'
   47 |     RBIMPL_ATTR_DEPRECATED(("by TypedData"))
      |     ^
/opt/homebrew/Cellar/ruby/4.0.3/include/ruby-4.0.0/ruby/internal/attr/deprecated.h:36:53: note: expanded from macro 'RBIMPL_ATTR_DEPRECATED'
   36 | # define RBIMPL_ATTR_DEPRECATED(msg) __attribute__((__deprecated__ msg))
      |                                                     ^
html4_element_description.c:115:3: warning: 'rb_data_object_get_warning' is deprecated: by TypedData [-Wdeprecated-declarations]
  115 |   Data_Get_Struct(self, htmlElemDesc, description);
      |   ^
/opt/homebrew/Cellar/ruby/4.0.3/include/ruby-4.0.0/ruby/internal/core/rdata.h:278:34: note: expanded from macro 'Data_Get_Struct'
  278 |     ((sval) = RBIMPL_CAST((type*)rb_data_object_get(obj)))
      |                                  ^
/opt/homebrew/Cellar/ruby/4.0.3/include/ruby-4.0.0/ruby/internal/core/rdata.h:370:31: note: expanded from macro 'rb_data_object_get'
  370 | #define rb_data_object_get    RUBY_MACRO_SELECT(rb_data_object_get_2, RUBY_UNTYPED_DATA_WARNING)
      |                               ^
/opt/homebrew/Cellar/ruby/4.0.3/include/ruby-4.0.0/ruby/internal/core/rdata.h:50:35: note: expanded from macro 'RUBY_MACRO_SELECT'
   50 | #define RUBY_MACRO_SELECT(x, y)   RBIMPL_MACRO_SELECT(x, y)
      |                                   ^
/opt/homebrew/Cellar/ruby/4.0.3/include/ruby-4.0.0/ruby/internal/core/rdata.h:49:35: note: expanded from macro 'RBIMPL_MACRO_SELECT'
   49 | #define RBIMPL_MACRO_SELECT(x, y) x ## y
      |                                   ^
<scratch space>:180:1: note: expanded from here
  180 | rb_data_object_get_1
      | ^
/opt/homebrew/Cellar/ruby/4.0.3/include/ruby-4.0.0/ruby/internal/core/rdata.h:368:31: note: expanded from macro 'rb_data_object_get_1'
  368 | #define rb_data_object_get_1  rb_data_object_get_warning
      |                               ^
/opt/homebrew/Cellar/ruby/4.0.3/include/ruby-4.0.0/ruby/internal/core/rdata.h:317:1: note: 'rb_data_object_get_warning' has been explicitly marked deprecated here
  317 | RBIMPL_ATTRSET_UNTYPED_DATA_FUNC()
      | ^
/opt/homebrew/Cellar/ruby/4.0.3/include/ruby-4.0.0/ruby/internal/core/rdata.h:47:5: note: expanded from macro 'RBIMPL_ATTRSET_UNTYPED_DATA_FUNC'
   47 |     RBIMPL_ATTR_DEPRECATED(("by TypedData"))
      |     ^
/opt/homebrew/Cellar/ruby/4.0.3/include/ruby-4.0.0/ruby/internal/attr/deprecated.h:36:53: note: expanded from macro 'RBIMPL_ATTR_DEPRECATED'
   36 | # define RBIMPL_ATTR_DEPRECATED(msg) __attribute__((__deprecated__ msg))
      |                                                     ^
html4_element_description.c:138:3: warning: 'rb_data_object_get_warning' is deprecated: by TypedData [-Wdeprecated-declarations]
  138 |   Data_Get_Struct(self, htmlElemDesc, description);
      |   ^
/opt/homebrew/Cellar/ruby/4.0.3/include/ruby-4.0.0/ruby/internal/core/rdata.h:278:34: note: expanded from macro 'Data_Get_Struct'
  278 |     ((sval) = RBIMPL_CAST((type*)rb_data_object_get(obj)))
      |                                  ^
/opt/homebrew/Cellar/ruby/4.0.3/include/ruby-4.0.0/ruby/internal/core/rdata.h:370:31: note: expanded from macro 'rb_data_object_get'
  370 | #define rb_data_object_get    RUBY_MACRO_SELECT(rb_data_object_get_2, RUBY_UNTYPED_DATA_WARNING)
      |                               ^
/opt/homebrew/Cellar/ruby/4.0.3/include/ruby-4.0.0/ruby/internal/core/rdata.h:50:35: note: expanded from macro 'RUBY_MACRO_SELECT'
   50 | #define RUBY_MACRO_SELECT(x, y)   RBIMPL_MACRO_SELECT(x, y)
      |                                   ^
/opt/homebrew/Cellar/ruby/4.0.3/include/ruby-4.0.0/ruby/internal/core/rdata.h:49:35: note: expanded from macro 'RBIMPL_MACRO_SELECT'
   49 | #define RBIMPL_MACRO_SELECT(x, y) x ## y
      |                                   ^
<scratch space>:181:1: note: expanded from here
  181 | rb_data_object_get_1
      | ^
/opt/homebrew/Cellar/ruby/4.0.3/include/ruby-4.0.0/ruby/internal/core/rdata.h:368:31: note: expanded from macro 'rb_data_object_get_1'
  368 | #define rb_data_object_get_1  rb_data_object_get_warning
      |                               ^
/opt/homebrew/Cellar/ruby/4.0.3/include/ruby-4.0.0/ruby/internal/core/rdata.h:317:1: note: 'rb_data_object_get_warning' has been explicitly marked deprecated here
  317 | RBIMPL_ATTRSET_UNTYPED_DATA_FUNC()
      | ^
/opt/homebrew/Cellar/ruby/4.0.3/include/ruby-4.0.0/ruby/internal/core/rdata.h:47:5: note: expanded from macro 'RBIMPL_ATTRSET_UNTYPED_DATA_FUNC'
   47 |     RBIMPL_ATTR_DEPRECATED(("by TypedData"))
      |     ^
/opt/homebrew/Cellar/ruby/4.0.3/include/ruby-4.0.0/ruby/internal/attr/deprecated.h:36:53: note: expanded from macro 'RBIMPL_ATTR_DEPRECATED'
   36 | # define RBIMPL_ATTR_DEPRECATED(msg) __attribute__((__deprecated__ msg))
      |                                                     ^
html4_element_description.c:153:3: warning: 'rb_data_object_get_warning' is deprecated: by TypedData [-Wdeprecated-declarations]
  153 |   Data_Get_Struct(self, htmlElemDesc, description);
      |   ^
/opt/homebrew/Cellar/ruby/4.0.3/include/ruby-4.0.0/ruby/internal/core/rdata.h:278:34: note: expanded from macro 'Data_Get_Struct'
  278 |     ((sval) = RBIMPL_CAST((type*)rb_data_object_get(obj)))
      |                                  ^
/opt/homebrew/Cellar/ruby/4.0.3/include/ruby-4.0.0/ruby/internal/core/rdata.h:370:31: note: expanded from macro 'rb_data_object_get'
  370 | #define rb_data_object_get    RUBY_MACRO_SELECT(rb_data_object_get_2, RUBY_UNTYPED_DATA_WARNING)
      |                               ^
/opt/homebrew/Cellar/ruby/4.0.3/include/ruby-4.0.0/ruby/internal/core/rdata.h:50:35: note: expanded from macro 'RUBY_MACRO_SELECT'
   50 | #define RUBY_MACRO_SELECT(x, y)   RBIMPL_MACRO_SELECT(x, y)
      |                                   ^
/opt/homebrew/Cellar/ruby/4.0.3/include/ruby-4.0.0/ruby/internal/core/rdata.h:49:35: note: expanded from macro 'RBIMPL_MACRO_SELECT'
   49 | #define RBIMPL_MACRO_SELECT(x, y) x ## y
      |                                   ^
<scratch space>:182:1: note: expanded from here
  182 | rb_data_object_get_1
      | ^
/opt/homebrew/Cellar/ruby/4.0.3/include/ruby-4.0.0/ruby/internal/core/rdata.h:368:31: note: expanded from macro 'rb_data_object_get_1'
  368 | #define rb_data_object_get_1  rb_data_object_get_warning
      |                               ^
2/opt/homebrew/Cellar/ruby/4.0.3/include/ruby-4.0.0/ruby/internal/core/rdata.h warning:317:1: note: 'rb_data_object_get_warning' has been explicitly marked deprecated here
  317 | RBIMPL_ATTRSET_UNTYPED_DATA_FUNC()
      | ^
/opt/homebrew/Cellar/ruby/4.0.3/include/ruby-4.0.0/ruby/internal/core/rdata.h:47:5: note: expanded from macro 'RBIMPL_ATTRSET_UNTYPED_DATA_FUNC'
   47 |  s generated.
   RBIMPL_ATTR_DEPRECATED(("by TypedData"))
      |     ^
/opt/homebrew/Cellar/ruby/4.0.3/include/ruby-4.0.0/ruby/internal/attr/deprecated.h:36:53: note: expanded from macro 'RBIMPL_ATTR_DEPRECATED'
   36 | # define RBIMPL_ATTR_DEPRECATED(msg) __attribute__((__deprecated__ msg))
      |                                                     ^
html4_element_description.c:169:3: warning: 'rb_data_object_get_warning' is deprecated: by TypedData [-Wdeprecated-declarations]
  169 |   Data_Get_Struct(self, htmlElemDesc, description);
      |   ^
/opt/homebrew/Cellar/ruby/4.0.3/include/ruby-4.0.0/ruby/internal/core/rdata.h:278:34: note: expanded from macro 'Data_Get_Struct'
  278 |     ((sval) = RBIMPL_CAST((type*)rb_data_object_get(obj)))
      |                                  ^
/opt/homebrew/Cellar/ruby/4.0.3/include/ruby-4.0.0/ruby/internal/core/rdata.h:370:31: note: expanded from macro 'rb_data_object_get'
  370 | #define rb_data_object_get    RUBY_MACRO_SELECT(rb_data_object_get_2, RUBY_UNTYPED_DATA_WARNING)
      |                               ^
/opt/homebrew/Cellar/ruby/4.0.3/include/ruby-4.0.0/ruby/internal/core/rdata.h:50:35: note: expanded from macro 'RUBY_MACRO_SELECT'
   50 | #define RUBY_MACRO_SELECT(x, y)   RBIMPL_MACRO_SELECT(x, y)
      |                                   ^
/opt/homebrew/Cellar/ruby/4.0.3/include/ruby-4.0.0/ruby/internal/core/rdata.h:49:35: note: expanded from macro 'RBIMPL_MACRO_SELECT'
   49 | #define RBIMPL_MACRO_SELECT(x, y) x ## y
      |                                   ^
<scratch space>:183:1: note: expanded from here
  183 | rb_data_object_get_1
      | ^
/opt/homebrew/Cellar/ruby/4.0.3/include/ruby-4.0.0/ruby/internal/core/rdata.h:368:31: note: expanded from macro 'rb_data_object_get_1'
  368 | #define rb_data_object_get_1  rb_data_object_get_warning
      |                               ^
/opt/homebrew/Cellar/ruby/4.0.3/include/ruby-4.0.0/ruby/internal/core/rdata.h:317:1: note: 'rb_data_object_get_warning' has been explicitly marked deprecated here
  317 | RBIMPL_ATTRSET_UNTYPED_DATA_FUNC()
      | ^
/opt/homebrew/Cellar/ruby/4.0.3/include/ruby-4.0.0/ruby/internal/core/rdata.h:47:5: note: expanded from macro 'RBIMPL_ATTRSET_UNTYPED_DATA_FUNC'
   47 |     RBIMPL_ATTR_DEPRECATED(("by TypedData"))
      |     ^
/opt/homebrew/Cellar/ruby/4.0.3/include/ruby-4.0.0/ruby/internal/attr/deprecated.h:36:53: note: expanded from macro 'RBIMPL_ATTR_DEPRECATED'
   36 | # define RBIMPL_ATTR_DEPRECATED(msg) __attribute__((__deprecated__ msg))
      |                                                     ^
html4_element_description.c:185:3: warning: 'rb_data_object_get_warning' is deprecated: by TypedData [-Wdeprecated-declarations]
  185 |   Data_Get_Struct(self, htmlElemDesc, description);
      |   ^
/opt/homebrew/Cellar/ruby/4.0.3/include/ruby-4.0.0/ruby/internal/core/rdata.h:278:34: note: expanded from macro 'Data_Get_Struct'
  278 |     ((sval) = RBIMPL_CAST((type*)rb_data_object_get(obj)))
      |                                  ^
/opt/homebrew/Cellar/ruby/4.0.3/include/ruby-4.0.0/ruby/internal/core/rdata.h:370:31: note: expanded from macro 'rb_data_object_get'
  370 | #define rb_data_object_get    RUBY_MACRO_SELECT(rb_data_object_get_2, RUBY_UNTYPED_DATA_WARNING)
      |                               ^
/opt/homebrew/Cellar/ruby/4.0.3/include/ruby-4.0.0/ruby/internal/core/rdata.h:50:35: note: expanded from macro 'RUBY_MACRO_SELECT'
   50 | #define RUBY_MACRO_SELECT(x, y)   RBIMPL_MACRO_SELECT(x, y)
      |                                   ^
/opt/homebrew/Cellar/ruby/4.0.3/include/ruby-4.0.0/ruby/internal/core/rdata.h:49:35: note: expanded from macro 'RBIMPL_MACRO_SELECT'
   49 | #define RBIMPL_MACRO_SELECT(x, y) x ## y
      |                                   ^
<scratch space>:184:1: note: expanded from here
  184 | rb_data_object_get_1
      | ^
/opt/homebrew/Cellar/ruby/4.0.3/include/ruby-4.0.0/ruby/internal/core/rdata.h:368:31: note: expanded from macro 'rb_data_object_get_1'
  368 | #define rb_data_object_get_1  rb_data_object_get_warning
      |                               ^
/opt/homebrew/Cellar/ruby/4.0.3/include/ruby-4.0.0/ruby/internal/core/rdata.h:317:1: note: 'rb_data_object_get_warning' has been explicitly marked deprecated here
  317 | RBIMPL_ATTRSET_UNTYPED_DATA_FUNC()
      | ^
/opt/homebrew/Cellar/ruby/4.0.3/include/ruby-4.0.0/ruby/internal/core/rdata.h:47:5: note: expanded from macro 'RBIMPL_ATTRSET_UNTYPED_DATA_FUNC'
   47 |     RBIMPL_ATTR_DEPRECATED(("by TypedData"))
      |     ^
/opt/homebrew/Cellar/ruby/4.0.3/include/ruby-4.0.0/ruby/internal/attr/deprecated.h:36:53: note: expanded from macro 'RBIMPL_ATTR_DEPRECATED'
   36 | # define RBIMPL_ATTR_DEPRECATED(msg) __attribute__((__deprecated__ msg))
      |                                                     ^
html4_element_description.c:201:3: warning: 'rb_data_object_get_warning' is deprecated: by TypedData [-Wdeprecated-declarations]
  201 |   Data_Get_Struct(self, htmlElemDesc, description);
      |   ^
/opt/homebrew/Cellar/ruby/4.0.3/include/ruby-4.0.0/ruby/internal/core/rdata.h:278:34: note: expanded from macro 'Data_Get_Struct'
  278 |     ((sval) = RBIMPL_CAST((type*)rb_data_object_get(obj)))
      |                                  ^
/opt/homebrew/Cellar/ruby/4.0.3/include/ruby-4.0.0/ruby/internal/core/rdata.h:370:31: note: expanded from macro 'rb_data_object_get'
  370 | #define rb_data_object_get    RUBY_MACRO_SELECT(rb_data_object_get_2, RUBY_UNTYPED_DATA_WARNING)
      |                               ^
/opt/homebrew/Cellar/ruby/4.0.3/include/ruby-4.0.0/ruby/internal/core/rdata.h:50:35: note: expanded from macro 'RUBY_MACRO_SELECT'
   50 | #define RUBY_MACRO_SELECT(x, y)   RBIMPL_MACRO_SELECT(x, y)
      |                                   ^
/opt/homebrew/Cellar/ruby/4.0.3/include/ruby-4.0.0/ruby/internal/core/rdata.h:49:35: note: expanded from macro 'RBIMPL_MACRO_SELECT'
   49 | #define RBIMPL_MACRO_SELECT(x, y) x ## y
      |                                   ^
<scratch space>:185:1: note: expanded from here
  185 | rb_data_object_get_1
      | ^
/opt/homebrew/Cellar/ruby/4.0.3/include/ruby-4.0.0/ruby/internal/core/rdata.h:368:31: note: expanded from macro 'rb_data_object_get_1'
  368 | #define rb_data_object_get_1  rb_data_object_get_warning
      |                               ^
/opt/homebrew/Cellar/ruby/4.0.3/include/ruby-4.0.0/ruby/internal/core/rdata.h:317:1: note: 'rb_data_object_get_warning' has been explicitly marked deprecated here
  317 | RBIMPL_ATTRSET_UNTYPED_DATA_FUNC()
      | ^
/opt/homebrew/Cellar/ruby/4.0.3/include/ruby-4.0.0/ruby/internal/core/rdata.h:47:5: note: expanded from macro 'RBIMPL_ATTRSET_UNTYPED_DATA_FUNC'
   47 |     RBIMPL_ATTR_DEPRECATED(("by TypedData"))
      |     ^
/opt/homebrew/Cellar/ruby/4.0.3/include/ruby-4.0.0/ruby/internal/attr/deprecated.h:36:53: note: expanded from macro 'RBIMPL_ATTR_DEPRECATED'
   36 | # define RBIMPL_ATTR_DEPRECATED(msg) __attribute__((__deprecated__ msg))
      |                                                     ^
html4_element_description.c:217:3: warning: 'rb_data_object_get_warning' is deprecated: by TypedData [-Wdeprecated-declarations]
  217 |   Data_Get_Struct(self, htmlElemDesc, description);
      |   ^
/opt/homebrew/Cellar/ruby/4.0.3/include/ruby-4.0.0/ruby/internal/core/rdata.h:278:34: note: expanded from macro 'Data_Get_Struct'
  278 |     ((sval) = RBIMPL_CAST((type*)rb_data_object_get(obj)))
      |                                  ^
/opt/homebrew/Cellar/ruby/4.0.3/include/ruby-4.0.0/ruby/internal/core/rdata.h:370:31: note: expanded from macro 'rb_data_object_get'
  370 | #define rb_data_object_get    RUBY_MACRO_SELECT(rb_data_object_get_2, RUBY_UNTYPED_DATA_WARNING)
      |                               ^
/opt/homebrew/Cellar/ruby/4.0.3/include/ruby-4.0.0/ruby/internal/core/rdata.h:50:35: note: expanded from macro 'RUBY_MACRO_SELECT'
   50 | #define RUBY_MACRO_SELECT(x, y)   RBIMPL_MACRO_SELECT(x, y)
      |                                   ^
/opt/homebrew/Cellar/ruby/4.0.3/include/ruby-4.0.0/ruby/internal/core/rdata.h:49:35: note: expanded from macro 'RBIMPL_MACRO_SELECT'
   49 | #define RBIMPL_MACRO_SELECT(x, y) x ## y
      |                                   ^
<scratch space>:186:1: note: expanded from here
  186 | rb_data_object_get_1
      | ^
/opt/homebrew/Cellar/ruby/4.0.3/include/ruby-4.0.0/ruby/internal/core/rdata.h:368:31: note: expanded from macro 'rb_data_object_get_1'
  368 | #define rb_data_object_get_1  rb_data_object_get_warning
      |                               ^
/opt/homebrew/Cellar/ruby/4.0.3/include/ruby-4.0.0/ruby/internal/core/rdata.h:317:1: note: 'rb_data_object_get_warning' has been explicitly marked deprecated here
  317 | RBIMPL_ATTRSET_UNTYPED_DATA_FUNC()
      | ^
/opt/homebrew/Cellar/ruby/4.0.3/include/ruby-4.0.0/ruby/internal/core/rdata.h:47:5: note: expanded from macro 'RBIMPL_ATTRSET_UNTYPED_DATA_FUNC'
   47 |     RBIMPL_ATTR_DEPRECATED(("by TypedData"))
      |     ^
/opt/homebrew/Cellar/ruby/4.0.3/include/ruby-4.0.0/ruby/internal/attr/deprecated.h:36:53: note: expanded from macro 'RBIMPL_ATTR_DEPRECATED'
   36 | # define RBIMPL_ATTR_DEPRECATED(msg) __attribute__((__deprecated__ msg))
      |                                                     ^
html4_element_description.c:233:3: warning: 'rb_data_object_get_warning' is deprecated: by TypedData [-Wdeprecated-declarations]
  233 |   Data_Get_Struct(self, htmlElemDesc, description);
      |   ^
/opt/homebrew/Cellar/ruby/4.0.3/include/ruby-4.0.0/ruby/internal/core/rdata.h:278:34: note: expanded from macro 'Data_Get_Struct'
  278 |     ((sval) = RBIMPL_CAST((type*)rb_data_object_get(obj)))
      |                                  ^
/opt/homebrew/Cellar/ruby/4.0.3/include/ruby-4.0.0/ruby/internal/core/rdata.h:370:31: note: expanded from macro 'rb_data_object_get'
  370 | #define rb_data_object_get    RUBY_MACRO_SELECT(rb_data_object_get_2, RUBY_UNTYPED_DATA_WARNING)
      |                               ^
/opt/homebrew/Cellar/ruby/4.0.3/include/ruby-4.0.0/ruby/internal/core/rdata.h:50:35: note: expanded from macro 'RUBY_MACRO_SELECT'
   50 | #define RUBY_MACRO_SELECT(x, y)   RBIMPL_MACRO_SELECT(x, y)
      |                                   ^
/opt/homebrew/Cellar/ruby/4.0.3/include/ruby-4.0.0/ruby/internal/core/rdata.h:49:35: note: expanded from macro 'RBIMPL_MACRO_SELECT'
   49 | #define RBIMPL_MACRO_SELECT(x, y) x ## y
      |                                   ^
<scratch space>:187:1: note: expanded from here
  187 | rb_data_object_get_1
      | ^
/opt/homebrew/Cellar/ruby/4.0.3/include/ruby-4.0.0/ruby/internal/core/rdata.h:368:31: note: expanded from macro 'rb_data_object_get_1'
  368 | #define rb_data_object_get_1  rb_data_object_get_warning
      |                               ^
/opt/homebrew/Cellar/ruby/4.0.3/include/ruby-4.0.0/ruby/internal/core/rdata.h:317:1: note: 'rb_data_object_get_warning' has been explicitly marked deprecated here
  317 | RBIMPL_ATTRSET_UNTYPED_DATA_FUNC()
      | ^
/opt/homebrew/Cellar/ruby/4.0.3/include/ruby-4.0.0/ruby/internal/core/rdata.h:47:5: note: expanded from macro 'RBIMPL_ATTRSET_UNTYPED_DATA_FUNC'
   47 |     RBIMPL_ATTR_DEPRECATED(("by TypedData"))
      |     ^
/opt/homebrew/Cellar/ruby/4.0.3/include/ruby-4.0.0/ruby/internal/attr/deprecated.h:36:53: note: expanded from macro 'RBIMPL_ATTR_DEPRECATED'
   36 | # define RBIMPL_ATTR_DEPRECATED(msg) __attribute__((__deprecated__ msg))
      |                                                     ^
html4_element_description.c:249:3: warning: 'rb_data_object_get_warning' is deprecated: by TypedData [-Wdeprecated-declarations]
  249 |   Data_Get_Struct(self, htmlElemDesc, description);
      |   ^
/opt/homebrew/Cellar/ruby/4.0.3/include/ruby-4.0.0/ruby/internal/core/rdata.h:278:34: note: expanded from macro 'Data_Get_Struct'
  278 |     ((sval) = RBIMPL_CAST((type*)rb_data_object_get(obj)))
      |                                  ^
/opt/homebrew/Cellar/ruby/4.0.3/include/ruby-4.0.0/ruby/internal/core/rdata.h:370:31: note: expanded from macro 'rb_data_object_get'
  370 | #define rb_data_object_get    RUBY_MACRO_SELECT(rb_data_object_get_2, RUBY_UNTYPED_DATA_WARNING)
      |                               ^
/opt/homebrew/Cellar/ruby/4.0.3/include/ruby-4.0.0/ruby/internal/core/rdata.h:50:35: note: expanded from macro 'RUBY_MACRO_SELECT'
   50 | #define RUBY_MACRO_SELECT(x, y)   RBIMPL_MACRO_SELECT(x, y)
      |                                   ^
/opt/homebrew/Cellar/ruby/4.0.3/include/ruby-4.0.0/ruby/internal/core/rdata.h:49:35: note: expanded from macro 'RBIMPL_MACRO_SELECT'
   49 | #define RBIMPL_MACRO_SELECT(x, y) x ## y
      |                                   ^
<scratch space>:188:1: note: expanded from here
  188 | rb_data_object_get_1
      | ^
/opt/homebrew/Cellar/ruby/4.0.3/include/ruby-4.0.0/ruby/internal/core/rdata.h:368:31: note: expanded from macro 'rb_data_object_get_1'
  368 | #define rb_data_object_get_1  rb_data_object_get_warning
      |                               ^
/opt/homebrew/Cellar/ruby/4.0.3/include/ruby-4.0.0/ruby/internal/core/rdata.h:317:1: note: 'rb_data_object_get_warning' has been explicitly marked deprecated here
  317 | RBIMPL_ATTRSET_UNTYPED_DATA_FUNC()
      | ^
/opt/homebrew/Cellar/ruby/4.0.3/include/ruby-4.0.0/ruby/internal/core/rdata.h:47:5: note: expanded from macro 'RBIMPL_ATTRSET_UNTYPED_DATA_FUNC'
   47 |     RBIMPL_ATTR_DEPRECATED(("by TypedData"))
      |     ^
/opt/homebrew/Cellar/ruby/4.0.3/include/ruby-4.0.0/ruby/internal/attr/deprecated.h:36:53: note: expanded from macro 'RBIMPL_ATTR_DEPRECATED'
   36 | # define RBIMPL_ATTR_DEPRECATED(msg) __attribute__((__deprecated__ msg))
      |                                                     ^
html4_element_description.c:269:10: warning: 'rb_data_object_wrap_warning' is deprecated: by TypedData [-Wdeprecated-declarations]
2 warnings generated.
  269 |   return Data_Wrap_Struct(klass, 0, 0, DISCARD_CONST_QUAL(void *, description));
      |          ^
/opt/homebrew/Cellar/ruby/4.0.3/include/ruby-4.0.0/ruby/internal/core/rdata.h:202:5: note: expanded from macro 'Data_Wrap_Struct'
  202 |     rb_data_object_wrap(                          \
      |     ^
/opt/homebrew/Cellar/ruby/4.0.3/include/ruby-4.0.0/ruby/internal/core/rdata.h:366:31: note: expanded from macro 'rb_data_object_wrap'
  366 | #define rb_data_object_wrap   RUBY_MACRO_SELECT(rb_data_object_wrap_2, RUBY_UNTYPED_DATA_WARNING)
      |                               ^
/opt/homebrew/Cellar/ruby/4.0.3/include/ruby-4.0.0/ruby/internal/core/rdata.h:50:35: note: expanded from macro 'RUBY_MACRO_SELECT'
   50 | #define RUBY_MACRO_SELECT(x, y)   RBIMPL_MACRO_SELECT(x, y)
      |                                   ^
/opt/homebrew/Cellar/ruby/4.0.3/include/ruby-4.0.0/ruby/internal/core/rdata.h:49:35: note: expanded from macro 'RBIMPL_MACRO_SELECT'
   49 | #define RBIMPL_MACRO_SELECT(x, y) x ## y
      |                                   ^
<scratch space>:189:1: note: expanded from here
  189 | rb_data_object_wrap_1
      | ^
/opt/homebrew/Cellar/ruby/4.0.3/include/ruby-4.0.0/ruby/internal/core/rdata.h:364:31: note: expanded from macro 'rb_data_object_wrap_1'
  364 | #define rb_data_object_wrap_1 rb_data_object_wrap_warning
      |                               ^
/opt/homebrew/Cellar/ruby/4.0.3/include/ruby-4.0.0/ruby/internal/core/rdata.h:280:1: note: 'rb_data_object_wrap_warning' has been explicitly marked deprecated here
  280 | RBIMPL_ATTRSET_UNTYPED_DATA_FUNC()
      | ^
/opt/homebrew/Cellar/ruby/4.0.3/include/ruby-4.0.0/ruby/internal/core/rdata.h:47:5: note: expanded from macro 'RBIMPL_ATTRSET_UNTYPED_DATA_FUNC'
   47 |     RBIMPL_ATTR_DEPRECATED(("by TypedData"))
      |     ^
/opt/homebrew/Cellar/ruby/4.0.3/include/ruby-4.0.0/ruby/internal/attr/deprecated.h:36:53: note: expanded from macro 'RBIMPL_ATTR_DEPRECATED'
   36 | # define RBIMPL_ATTR_DEPRECATED(msg) __attribute__((__deprecated__ msg))
      |                                                     ^
4 warnings generated.
compiling xml_attribute_decl.c
compiling xml_cdata.c
compiling xml_comment.c
compiling xml_document.c
compiling xml_document_fragment.c
compiling xml_dtd.c
14 warnings generated.
4 warnings generated.
compiling xml_element_content.c
compiling xml_element_decl.c
xml_attr.c:19:3: warning: 'rb_data_object_get_warning' is deprecated: by TypedData [-Wdeprecated-declarations]
   19 |   Data_Get_Struct(self, xmlAttr, attr);
      |   ^
/opt/homebrew/Cellar/ruby/4.0.3/include/ruby-4.0.0/ruby/internal/core/rdata.h:278:34: note: expanded from macro 'Data_Get_Struct'
  278 |     ((sval) = RBIMPL_CAST((type*)rb_data_object_get(obj)))
      |                                  ^
/opt/homebrew/Cellar/ruby/4.0.3/include/ruby-4.0.0/ruby/internal/core/rdata.h:370:31: note: expanded from macro 'rb_data_object_get'
  370 | #define rb_data_object_get    RUBY_MACRO_SELECT(rb_data_object_get_2, RUBY_UNTYPED_DATA_WARNING)
      |                               ^
/opt/homebrew/Cellar/ruby/4.0.3/include/ruby-4.0.0/ruby/internal/core/rdata.h:50:35: note: expanded from macro 'RUBY_MACRO_SELECT'
   50 | #define RUBY_MACRO_SELECT(x, y)   RBIMPL_MACRO_SELECT(x, y)
      |                                   ^
/opt/homebrew/Cellar/ruby/4.0.3/include/ruby-4.0.0/ruby/internal/core/rdata.h:49:35: note: expanded from macro 'RBIMPL_MACRO_SELECT'
   49 | #define RBIMPL_MACRO_SELECT(x, y) x ## y
      |                                   ^
<scratch space>:176:1: note: expanded from here
  176 | rb_data_object_get_1
      | ^
/opt/homebrew/Cellar/ruby/4.0.3/include/ruby-4.0.0/ruby/internal/core/rdata.h:368:31: note: expanded from macro 'rb_data_object_get_1'
  368 | #define rb_data_object_get_1  rb_data_object_get_warning
      |                               ^
/opt/homebrew/Cellar/ruby/4.0.3/include/ruby-4.0.0/ruby/internal/core/rdata.h:317:1: note: 'rb_data_object_get_warning' has been explicitly marked deprecated here
  317 | RBIMPL_ATTRSET_UNTYPED_DATA_FUNC()
      | ^
/opt/homebrew/Cellar/ruby/4.0.3/include/ruby-4.0.0/ruby/internal/core/rdata.h:47:5: note: expanded from macro 'RBIMPL_ATTRSET_UNTYPED_DATA_FUNC'
   47 |     RBIMPL_ATTR_DEPRECATED(("by TypedData"))
      |     ^
/opt/homebrew/Cellar/ruby/4.0.3/include/ruby-4.0.0/ruby/internal/attr/deprecated.h:36:53: note: expanded from macro 'RBIMPL_ATTR_DEPRECATED'
   36 | # define RBIMPL_ATTR_DEPRECATED(msg) __attribute__((__deprecated__ msg))
      |                                                     ^
xml_attr.c:71:3: warning: 'rb_data_object_get_warning' is deprecated: by TypedData [-Wdeprecated-declarations]
   71 |   Data_Get_Struct(document, xmlDoc, xml_doc);
      |   ^
/opt/homebrew/Cellar/ruby/4.0.3/include/ruby-4.0.0/ruby/internal/core/rdata.h:278:34: note: expanded from macro 'Data_Get_Struct'
  278 |     ((sval) = RBIMPL_CAST((type*)rb_data_object_get(obj)))
      |                                  ^
/opt/homebrew/Cellar/ruby/4.0.3/include/ruby-4.0.0/ruby/internal/core/rdata.h:370:31: note: expanded from macro 'rb_data_object_get'
  370 | #define rb_data_object_get    RUBY_MACRO_SELECT(rb_data_object_get_2, RUBY_UNTYPED_DATA_WARNING)
      |                               ^
/opt/homebrew/Cellar/ruby/4.0.3/include/ruby-4.0.0/ruby/internal/core/rdata.h:50:35: note: expanded from macro 'RUBY_MACRO_SELECT'
   50 | #define RUBY_MACRO_SELECT(x, y)   RBIMPL_MACRO_SELECT(x, y)
      |                                   ^
/opt/homebrew/Cellar/ruby/4.0.3/include/ruby-4.0.0/ruby/internal/core/rdata.h:49:35: note: expanded from macro 'RBIMPL_MACRO_SELECT'
   49 | #define RBIMPL_MACRO_SELECT(x, y) x ## y
      |                                   ^
<scratch space>:177:1: note: expanded from here
  177 | rb_data_object_get_1
      | ^
/opt/homebrew/Cellar/ruby/4.0.3/include/ruby-4.0.0/ruby/internal/core/rdata.h:368:31: note: expanded from macro 'rb_data_object_get_1'
  368 | #define rb_data_object_get_1  rb_data_object_get_warning
      |                               ^
/opt/homebrew/Cellar/ruby/4.0.3/include/ruby-4.0.0/ruby/internal/core/rdata.h:317:1: note: 'rb_data_object_get_warning' has been explicitly marked deprecated here
  317 | RBIMPL_ATTRSET_UNTYPED_DATA_FUNC()
      | ^
/opt/homebrew/Cellar/ruby/4.0.3/include/ruby-4.0.0/ruby/internal/core/rdata.h:47:5: note: expanded from macro 'RBIMPL_ATTRSET_UNTYPED_DATA_FUNC'
   47 |     RBIMPL_ATTR_DEPRECATED(("by TypedData"))
      |     ^
/opt/homebrew/Cellar/ruby/4.0.3/include/ruby-4.0.0/ruby/internal/attr/deprecated.h:36:53: note: expanded from macro 'RBIMPL_ATTR_DEPRECATED'
   36 | # define RBIMPL_ATTR_DEPRECATED(msg) __attribute__((__deprecated__ msg))
      |                                                     ^
2 warnings generated.
compiling xml_encoding_handler.c
xml_cdata.c:28:3: warning: 'rb_data_object_get_warning' is deprecated: by TypedData [-Wdeprecated-declarations]
   28 |   Data_Get_Struct(doc, xmlDoc, xml_doc);
      |   ^
/opt/homebrew/Cellar/ruby/4.0.3/include/ruby-4.0.0/ruby/internal/core/rdata.h:278:34: note: expanded from macro 'Data_Get_Struct'
  278 |     ((sval) = RBIMPL_CAST((type*)rb_data_object_get(obj)))
      |                                  ^
/opt/homebrew/Cellar/ruby/4.0.3/include/ruby-4.0.0/ruby/internal/core/rdata.h:370:31: note: expanded from macro 'rb_data_object_get'
  370 | #define rb_data_object_get    RUBY_MACRO_SELECT(rb_data_object_get_2, RUBY_UNTYPED_DATA_WARNING)
      |                               ^
/opt/homebrew/Cellar/ruby/4.0.3/include/ruby-4.0.0/ruby/internal/core/rdata.h:50:35: note: expanded from macro 'RUBY_MACRO_SELECT'
   50 | #define RUBY_MACRO_SELECT(x, y)   RBIMPL_MACRO_SELECT(x, y)
      |                                   ^
/opt/homebrew/Cellar/ruby/4.0.3/include/ruby-4.0.0/ruby/internal/core/rdata.h:49:35: note: expanded from macro 'RBIMPL_MACRO_SELECT'
   49 | #define RBIMPL_MACRO_SELECT(x, y) x ## y
      |                                   ^
<scratch space>:176:1: note: expanded from here
  176 | rb_data_object_get_1
      | ^
/opt/homebrew/Cellar/ruby/4.0.3/include/ruby-4.0.0/ruby/internal/core/rdata.h:368:31: note: expanded from macro 'rb_data_object_get_1'
  368 | #define rb_data_object_get_1  rb_data_object_get_warning
      |                               ^
/opt/homebrew/Cellar/ruby/4.0.3/include/ruby-4.0.0/ruby/internal/core/rdata.h:317:1: note: 'rb_data_object_get_warning' has been explicitly marked deprecated here
  317 | RBIMPL_ATTRSET_UNTYPED_DATA_FUNC()
      | ^
/opt/homebrew/Cellar/ruby/4.0.3/include/ruby-4.0.0/ruby/internal/core/rdata.h:47:5: note: expanded from macro 'RBIMPL_ATTRSET_UNTYPED_DATA_FUNC'
   47 |     RBIMPL_ATTR_DEPRECATED(("by TypedData"))
      |     ^
/opt/homebrew/Cellar/ruby/4.0.3/include/ruby-4.0.0/ruby/internal/attr/deprecated.h:36:53: note: expanded from macro 'RBIMPL_ATTR_DEPRECATED'
   36 | # define RBIMPL_ATTR_DEPRECATED(msg) __attribute__((__deprecated__ msg))
      |                                                     ^
xml_cdata.c:xml_attribute_decl.c:15:3: warning: 'rb_data_object_get_warning' is deprecated: by TypedData [-Wdeprecated-declarations]
   15 |   Data_Get_Struct(self, xmlAttribute, node);
      |   ^
/opt/homebrew/Cellar/ruby/4.0.3/include/ruby-4.0.0/ruby/internal/core/rdata.h:278:34: note: expanded from macro 'Data_Get_Struct'
  278 |     ((sval) = RBIMPL_CAST((type*)rb_data_object_get(obj)))
      |                                  ^
/opt/homebrew/Cellar/ruby/4.0.3/include/ruby-4.0.0/ruby/internal/core/rdata.h:370:31: note: expanded from macro 'rb_data_object_get'
  370 | #define rb_data_object_get    RUBY_MACRO_SELECT(rb_data_object_get_2, RUBY_UNTYPED_DATA_WARNING)
      |                               ^
/opt/homebrew/Cellar/ruby/4.0.3/include/ruby-4.0.0/ruby/internal/core/rdata.h:50:35: note: expanded from macro 'RUBY_MACRO_SELECT'
   50 | #define RUBY_MACRO_SELECT(x, y)   RBIMPL_MACRO_SELECT(x, y)
      |                                   ^
/opt/homebrew/Cellar/ruby/4.0.3/include/ruby-4.0.0/ruby/internal/core/rdata.h:49:35: note: expanded from macro 'RBIMPL_MACRO_SELECT'
   49 | #define RBIMPL_MACRO_SELECT(x, y) x ## y
      |                                   ^
<scratch space>:176:1: note: expanded from here
  176 | rb_data_object_get_1
      | ^
/opt/homebrew/Cellar/ruby/4.0.3/include/ruby-4.0.0/ruby/internal/core/rdata.h:368:31: note: expanded from macro 'rb_data_object_get_1'
  368 | #define rb_data_object_get_1  rb_data_object_get_warning
      |                               ^
/opt/homebrew/Cellar/ruby/4.0.3/include/ruby-4.0.0/ruby/internal/core/rdata.h:317:1: note: 'rb_data_object_get_warning' has been explicitly marked deprecated here
  317 | RBIMPL_ATTRSET_UNTYPED_DATA_FUNC()
      | ^
/opt/homebrew/Cellar/ruby/4.0.3/include/ruby-4.0.0/ruby/internal/core/rdata.h:47:5: note: expanded from macro 'RBIMPL_ATTRSET_UNTYPED_DATA_FUNC'
   47 |     RBIMPL_ATTR_DEPRECATED(("by TypedData"))
      |     ^
/opt/homebrew/Cellar/ruby/4.0.3/include/ruby-4.0.0/ruby/internal/attr/deprecated.h:36:53: note: expanded from macro 'RBIMPL_ATTR_DEPRECATED'
   36 | # define RBIMPL_ATTR_DEPRECATED(msg) __attribute__((__deprecated__ msg))
      |                                                     ^
xml_attribute_decl.c:16:18: warning: implicit conversion loses integer precision: 'long' to 'int' [-Wshorten-64-to-32]
   16 |   return INT2NUM((long)node->atype);
      |          ~~~~~~~ ^~~~~~~~~~~~~~~~~
xml_attribute_decl.c:29:3: warning: 'rb_data_object_get_warning' is deprecated: by TypedData [-Wdeprecated-declarations]
   29 |   Data_Get_Struct(self, xmlAttribute, node);
      |   ^
/opt/homebrew/Cellar/ruby/4.0.3/include/ruby-4.0.0/ruby/internal/core/rdata.h:278:34: note: expanded from macro 'Data_Get_Struct'
  278 |     ((sval) = RBIMPL_CAST((type*)rb_data_object_get(obj)))
      |                                  ^
/opt/homebrew/Cellar/ruby/4.0.3/include/ruby-4.0.0/ruby/internal/core/rdata.h:370:31: note: expanded from macro 'rb_data_object_get'
  370 | #define rb_data_object_get    RUBY_MACRO_SELECT(rb_data_object_get_2, RUBY_UNTYPED_DATA_WARNING)
      |                               ^
/opt/homebrew/Cellar/ruby/4.0.3/include/ruby-4.0.0/ruby/internal/core/rdata.h:50:35: note: expanded from macro 'RUBY_MACRO_SELECT'
   50 | #define RUBY_MACRO_SELECT(x, y)   RBIMPL_MACRO_SELECT(x, y)
      |                                   ^
/opt/homebrew/Cellar/ruby/4.0.3/include/ruby-4.0.0/ruby/internal/core/rdata.h:49:35: note: expanded from macro 'RBIMPL_MACRO_SELECT'
   49 | #define RBIMPL_MACRO_SELECT(x, y) x ## y
      |                                   ^
<scratch space>:177:1: note: expanded from here
  177 | rb_data_object_get_1
      | ^
/opt/homebrew/Cellar/ruby/4.0.3/include/ruby-4.0.0/ruby/internal/core/rdata.h:368:31: note: expanded from macro 'rb_data_object_get_1'
  368 | #define rb_data_object_get_1  rb_data_object_get_warning
      |                               ^
/opt/homebrew/Cellar/ruby/4.0.3/include/ruby-4.0.0/ruby/internal/core/rdata.h:317:1: note: 'rb_data_object_get_warning' has been explicitly marked deprecated here
  317 | RBIMPL_ATTRSET_UNTYPED_DATA_FUNC()
      | ^
/opt/homebrew/Cellar/ruby/4.0.3/include/ruby-4.0.0/ruby/internal/core/rdata.h:47:5: note: expanded from macro 'RBIMPL_ATTRSET_UNTYPED_DATA_FUNC'
   47 |     RBIMPL_ATTR_DEPRECATED(("by TypedData"))
      |     ^
/opt/homebrew/Cellar/ruby/4.0.3/include/ruby-4.0.0/ruby/internal/attr/deprecated.h:36:53: note: expanded from macro 'RBIMPL_ATTR_DEPRECATED'
   36 | # define RBIMPL_ATTR_DEPRECATED(msg) __attribute__((__deprecated__ msg))
      |                                                     ^
xml_attribute_decl.c:48:3: warning: 'rb_data_object_get_warning' is deprecated: by TypedData [-Wdeprecated-declarations]
   48 |   Data_Get_Struct(self, xmlAttribute, node);
      |   ^
/opt/homebrew/Cellar/ruby/4.0.3/include/ruby-4.0.0/ruby/internal/core/rdata.h:278:34: note: expanded from macro 'Data_Get_Struct'
  278 |     ((sval) = RBIMPL_CAST((type*)rb_data_object_get(obj)))
      |                                  ^
/opt/homebrew/Cellar/ruby/4.0.3/include/ruby-4.0.0/ruby/internal/core/rdata.h:370:31: note: expanded from macro 'rb_data_object_get'
  370 | #define rb_data_object_get    RUBY_MACRO_SELECT(rb_data_object_get_2, RUBY_UNTYPED_DATA_WARNING)
      |                               ^
/opt/homebrew/Cellar/ruby/4.0.3/include/ruby-4.0.0/ruby/internal/core/rdata.h:50:35: note: expanded from macro 'RUBY_MACRO_SELECT'
   50 | #define RUBY_MACRO_SELECT(x, y)   RBIMPL_MACRO_SELECT(x, y)
      |                                   ^
/opt/homebrew/Cellar/ruby/4.0.3/include/ruby-4.0.0/ruby/internal/core/rdata.h:49:35: note: expanded from macro 'RBIMPL_MACRO_SELECT'
   49 | #define RBIMPL_MACRO_SELECT(x, y) x ## y
      |                                   ^
<scratch space>:178:1: note: expanded from here
  178 | rb_data_object_get_1
      | ^
/opt/homebrew/Cellar/ruby/4.0.3/include/ruby-4.0.0/ruby/internal/core/rdata.h:368:31: note: expanded from macro 'rb_data_object_get_1'
  368 | #define rb_dat32:23: warning: implicit conversion loses integer precision: 'long' to 'int' [-Wshorten-64-to-32]
   32 |     content_str_len = RSTRING_LEN(content);
      |                     ~ ^~~~~~~~~~~~~~~~~~~~
/opt/homebrew/Cellar/ruby/4.0.3/include/ruby-4.0.0/ruby/internal/core/rstring.h:46:27: note: expanded from macro 'RSTRING_LEN'
   46 | #da_object_get_1  rbe_data_object_get_warning
      |                               ^
/opt/homebrew/Cellar/ruby/4.0.3/include/ruby-4.0.0/ruby/internal/core/rdata.h:317:1: note: 'rb_data_object_get_warning' has been explicitly marked deprecated here
  317 | RBIfine RSTRING_LEN       RSTRING_LEN
      |                           ^MPL_ATTRSET_UNTYPED_D
ATA_FUNC()
      | ^
/opt/homebrew/Cellar/ruby/4.0.3/include/ruby-4.0.0/ruby/internal/core/rdata.h:47:5: note: expanded from macro 'RBIMPL_ATTRSET_UNTYPED_DATA_FUNC'
   47 |     RBIMPL_ATTR_DEPRECATED(("by TypedData"))
      |     ^
/opt/homebrew/Cellar/ruby/4.0.3/include/ruby-4.0.0/ruby/internal/attr/deprecated.h:36:53: note: expanded from macro 'RBIMPL_ATTR_DEPRECATED'
   36 | # define RBIMPL_ATTR_DEPRECATED(msg) __attribute__((__deprecated__ msg))
      |                                                     ^
xml_document.c:130:3: warning: 'rb_data_object_get_warning' is deprecated: by TypedData [-Wdeprecated-declarations]
  130 |   Data_Get_Struct(self, xmlDoc, docxml_comment.c:33:3: warning: 'rb_data_object_get_warning' is deprecated: by TypedData [-Wdeprecated-declarations]
   33 |   Data_Get_Struct(document, xmlDoc, xml_doc);
      |   ^
/opt/homebrew/Cellar/ruby/4.0.3/include/ruby-4.0.0/ruby/internal/core/rdata.h:278:34: note: expanded from macro 'Data_Get_Struct'
  278 |     ((sval) = RBIMPL_CAST((type*)rb_data_object_get(obj)))
      |                                  ^
/opt/homebrew/Cellar/ruby/4.0.3/include/ruby-4.0.0/ruby/internal/core/rdata.h:370:31: note: expanded from macro 'rb_data_object_get'
  370 | #define rb_data_object_get    RUBY_MACRO_SELECT(rb_data_object_get_2, RUBY_UNTYPED_DATA_WARNING)
      |                               ^
/opt/homebrew/Cellar/ruby/4.0.3/include/ruby-4.0.0/ruby/internal/core/rdata.h:50:35: note: expanded from macro 'RUBY_MACRO_SELECT'
   50 | #define RUBY_MACRO_SELECT(x, y)   RBIMPL_MACRO_SELECT(x, y)
      |                                   ^
/opt/homebrew/Cellar/ruby/4.0.3/include/ruby-4.0.0/ruby/internal/core/rdata.h:49:35: note: expanded from macro 'RBIMPL_MACRO_SELECT'
   49 | #define RBIMPL_MACRO_SELECT(x, y) x ## y
      |                                   ^
<scratch space>:176:1: note: expanded from here
  176 | rb_data_object_get_1
      | ^
/opt/homebrew/Cellar/ruby/4.0.3/include/ruby-4.0.0/ruby/internal/core/rdata.h:368:31: note: expanded from macro 'rb_data_object_get_1'
  368 | #define rb_data_object_get_1  rb_data_object_get_warning
      |                               ^
/opt/homebrew/Cellar/ruby/4.0.3/include/ruby-4.0.0/ruby/internal/core/rdata.h:317:1: note: 'rb_data_object_get_warning' has been explicitly marked deprecated here
  317 | RBIMPL_ATTRSET_UNTYPED_DATA_FUNC()
      | ^
/opt/homebrew/Cellar/ruby/4.0.3/include/ruby-4.0.0/ruby/internal/core/rdata.h:47:5: note: expanded from macro 'RBIMPL_ATTRSET_UNTYPED_DATA_FUNC'
   47 |     RBIMPL_ATTR_DEPRECATED(("by TypedData"))
      |     ^
/opt/homebrew/Cellar/ruby/4.0.3/include/ruby-4.0.0/ruby/internal/attr/deprecated.h:36:53: note: expanded from macro 'RBIMPL_ATTR_DEPRECATED'
   36 | # define RBIMPL_ATTR_DEPRECATED(msg) __attribute__((__deprecated__ msg))
      |                                                     ^
);
      |   ^
/opt/homebrew/Cellar/ruby/4.0.3/include/ruby-4.0.0/ruby/internal/core/rdata.h:278:34: note: expanded from macro 'Data_Get_Struct'
  278 |     ((sval) = RBIMPL_CAST((type*)rb_data_object_get(obj)))
      |                                  ^
/opt/homebrew/Cellar/ruby/4.0.3/include/ruby-4.0.0/ruby/internal/core/rdata.h:370:31: note: expanded from macro 'rb_data_object_get'
  370 | #define rb_data_object_get    RUBY_MACRO_SELECT(rb_data_object_get_2, RUBY_UNTYPED_DATA_WARNING)
      |                               ^
/opt/homebrew/Cellar/ruby/4.0.3/include/ruby-4.0.0/ruby/internal/core/rdata.h:50:35: note: expanded from macro 'RUBY_MACRO_SELECT'
   50 | #define RUBY_MACRO_SELECT(x, y)   RBIMPL_MACRO_SELECT(x, y)
      |                                   ^
/opt/homebrew/Cellar/ruby/4.0.3/include/ruby-4.0.0/ruby/internal/core/rdata.h:49:35: note: expanded from macro 'RBIMPL_MACRO_SELECT'
   49 | #define RBIMPL_MACRO_SELECT(x, y) x ## y
      |                                   ^
<scratch space>:176:1: note: expanded from here
  176 | rb_data_object_get_1
      | ^
/opt/homebrew/Cellar/ruby/4.0.3/include/ruby-4.0.0/ruby/internal/core/rdata.h:368:31: note: expanded from macro 'rb_data_object_get_1'
  368 | #define rb_data_object_get_1  rb_data_object_get_warning
      |                               ^
/opt/homebrew/Cellar/ruby/4.0.3/include/ruby-4.0.0/ruby/internal/core/rdata.h:317:1: note: 'rb_data_object_get_warning' has been explicitly marked deprecated here
  317 | RBIMPL_ATTRSET_UNTYPED_DATA_FUNC()
      | ^
/opt/homebrew/Cellar/ruby/4.0.3/include/ruby-4.0.0/ruby/internal/core/rdata.h:47:5: note: expanded from macro 'RBIMPL_ATTRSET_UNTYPED_DATA_FUNC'
   47 |     RBIMPL_ATTR_DEPRECATED(("by TypedData"))
      |     ^
/opt/homebrew/Cellar/ruby/4.0.3/include/ruby-4.0.0/ruby/internal/attr/deprecated.h:36:53: note: expanded from macro 'RBIMPL_ATTR_DEPRECATED'
   36 | # define RBIMPL_ATTR_DEPRECATED(msg) __attribute__((__deprecated__ msg))
      |                                                     ^
xml_document.c:149:3: warning: 'rb_data_object_get_warning' is deprecated: by TypedData [-Wdeprecated-declarations]
  149 |   Data_Get_Struct(self, xmlDoc, c_document);
      |   ^
/opt/homebrew/Cellar/ruby/4.0.3/include/ruby-4.0.0/ruby/internal/core/rdata.h:278:34: note: expanded from macro 'Data_Get_Struct'
  278 |     ((sval) = RBIMPL_CAST((type*)rb_data_object_get(obj)))
      |                                  ^
/opt/homebrew/Cellar/ruby/4.0.3/include/ruby-4.0.0/ruby/internal/core/rdata.h:370:31: note: expanded from macro 'rb_data_object_get'
  370 | #define rb_data_object_get    RUBY_MACRO_SELECT(rb_data_object_get_2, RUBY_UNTYPED_DATA_WARNING)
      |                               ^
/opt/homebrew/Cellar/ruby/4.0.3/include/ruby-4.0.0/ruby/internal/core/rdata.h:50:35: note: expanded from macro 'RUBY_MACRO_SELECT'
   50 | #define RUBY_MACRO_SELECT(x, y)   RBIMPL_MACRO_SELECT(x, y)
      |                                   ^
/opt/homebrew/Cellar/ruby/4.0.3/include/ruby-4.0.0/ruby/internal/core/rdata.h:49:35: note: expanded from macro 'RBIMPL_MACRO_SELECT'
   49 | #define RBIMPL_MACRO_SELECT(x, y) x ## y
      |                                   ^
<scratch space>:177:1: note: expanded from here
  177 | rb_data_object_get_1
      | ^
/opt/homebrew/Cellar/ruby/4.0.3/include/ruby-4.0.0/ruby/internal/core/rdata.h:368:31: note: expanded from macro 'rb_data_object_get_1'
  368 | #define rb_data_object_get_1  rb_data_object_get_warning
      |                               ^
/opt/homebrew/Cellar/ruby/4.0.3/include/ruby-4.0.0/ruby/internal/core/rdata.h:317:1: note: 'rb_data_object_get_warning' has been explicitly marked deprecated here
  317 | RBIMPL_ATTRSET_UNTYPED_DATA_FUNC()
      | ^
/opt/homebrew/Cellar/ruby/4.0.3/include/ruby-4.0.0/ruby/internal/core/rdata.h:47:5: note: expanded from macro 'RBIMPL_ATTRSET_UNTYPED_DATA_FUNC'
   47 |     RBIMPL_ATTR_DEPRECATED(("by TypedData"))
      |     ^
/opt/homebrew/Cellar/ruby/4.0.3/include/ruby-4.0.0/ruby/internal/attr/deprecated.h:36:53: note: expanded from macro 'RBIMPL_ATTR_DEPRECATED'
   36 | # define RBIMPL_ATTR_DEPRECATED(msg) __attribute__((__deprecated__ msg))
      |                                                     ^
xml_document.c:164:5: warning: 'rb_data_object_get_warning' is deprecated: by TypedData [-Wdeprecated-declarations]
  164 |     Data_Getxml_document_fragment.c:22:3: warning: 'rb_data_object_get_warning' is deprecated: by TypedData [-Wdeprecated-declarations]
   22 |   Data_Get_Struct(document, xmlDoc, xml_doc);
      |   ^
/opt/homebrew/Cellar/ruby/4.0.3/include/ruby-4.0.0/ruby/internal/core/rdata.h:278:34: note: expanded from macro 'Data_Get_Struct'
  278 |     ((sval) = RBIMPL_CAST((type*)rb_data_object_get(obj)))
      |                                  ^
/opt/homebrew/Cellar/ruby/4.0.3/include/ruby-4.0.0/ruby/internal/core/rdata.h:370:31: note: expanded from macro 'rb_data_object_get'
  370 | #define rb_data_object_get    RUBY_MACRO_SELECT(rb_data_object_get_2, RUBY_UNTYPED_DATA_WARNING)
      |                               ^
/opt/homebrew/Cellar/ruby/4.0.3/include/ruby-4.0.0/ruby/internal/core/rdata.h:50:35: note: expanded from macro 'RUBY_MACRO_SELECT'
   50 | #define RUBY_MACRO_SELECT(x, y)   RBIMPL_MACRO_SELECT(x, y)
      |                                   ^
/opt/homebrew/Cellar/ruby/4.0.3/include/ruby-4.0.0/ruby/internal/core/rdata.h:49:35: note: expanded from macro 'RBIMPL_MACRO_SELECT'
   49 | #define RBIMPL_MACRO_SELECT(x, y) x ## y
      |                                   ^
<scratch space>:176:1: note: expanded from here
  176 | rb_data_object_get_1
      | ^
/opt/homebrew/Cellar/ruby/4.0.3/include/ruby-4.0.0/ruby/internal/core/rdata.h:368:31: note: expanded from macro 'rb_data_object_get_1'
  368 | #define rb_data_object_get_1  rb_data_object_get_warning
      |                               ^
/opt/homebrew/Cellar/ruby/4.0.3/include/ruby-4.0.0/ruby/internal/core/rdata.h:317:1: note: 'rb_data_object_get_warning' has been explicitly marked deprecated here
  317 | RBIMPL_ATTRSET_UNTYPED_DATA_FUNC()
      | ^
/opt/homebrew/Cellar/ruby/4.0.3/include/ruby-4.0.0/ruby/internal/core/rdata.h:47:5: note: expanded from macro 'RBIMPL_ATTRSET_UNTYPED_DATA_FUNC'
   47 |     RBIMPL_ATTR_DEPRECATED(("by TypedData"))
      |     ^
/opt/homebrew/Cellar/ruby/4.0.3/include/ruby-4.0.0/ruby/internal/attr/deprecated.h:36:53: note: expanded from macro 'RBIMPL_ATTR_DEPRECATED'
   36 | # define RBIMPL_ATTR_DEPRECATED(msg) __attribute__((__deprecated__ msg))
      |                                                     ^
_Struct(rb_new_root, xmlNode, c_new_root);
      |     ^
/opt/homebrew/Cellar/ruby/4.0.3/include/ruby-4.0.0/ruby/internal/core/rdata.h:278:34: note: expanded from macro 'Data_Get_Struct'
  278 |     ((sval) = RBIMPL_CAST((type*)rb_data_object_get(obj)))
      |                                  ^
/opt/homebrew/Cellar/ruby/4.0.3/include/ruby-4.0.0/ruby/internal/core/rdata.h:370:31: note: expanded from macro 'rb_data_object_get'
  370 | #define rb_data_object_get    RUBY_MACRO_SELECT(rb_data_object_get_2, RUBY_UNTYPED_DATA_WARNING)
      |                               ^
/opt/homebrew/Cellar/ruby/4.0.3/include/ruby-4.0.0/ruby/internal/core/rdata.h:50:35: note: expanded from macro 'RUBY_MACRO_SELECT'
   50 | #define RUBY_MACRO_SELECT(x, y)   RBIMPL_MACRO_SELECT(x, y)
      |                                   ^
/opt/homebrew/Cellar/ruby/4.0.3/include/ruby-4.0.0/ruby/internal/core/rdata.h:49:35: note: expanded from macro 'RBIMPL_MACRO_SELECT'
   49 | #define RBIMPL_MACRO_SELECT(x, y) x ## y
      |                                   ^
<scratch space>:178:1: note: expanded from here
  178 | rb_data_object_get_1
      | ^
/opt/homebrew/Cellar/ruby/4.0.3/include/ruby-4.0.0/ruby/internal/core/rdata.h:368:31: note: expanded from macro 'rb_data_object_get_1'
  368 | #define rb_data_object_get_1  rb_data_object_get_warning
      |                               ^
/opt/homebrew/Cellar/ruby/4.0.3/include/ruby-4.0.0/ruby/internal/core/rdata.h:317:1: note: 'rb_data_object_get_warning' has been explicitly marked deprecated here
  317 | RBIMPL_ATTRSET_UNTYPED_DATA_FUNC()
      | ^
/opt/homebrew/Cellar/ruby/4.0.3/include/ruby-4.0.0/ruby/internal/core/rdata.h:47:5: note: expanded from macro 'RBIMPL_ATTRSET_UNTYPED_DATA_FUNC'
   47 |     RBIMPL_ATTR_DEPRECATED(("by TypedData"))
      |     ^
/opt/homebrew/Cellar/ruby/4.0.3/include/ruby-4.0.0/ruby/internal/attr/deprecated.h:36:53: note: expanded from macro 'RBIMPL_ATTR_DEPRECATED'
   36 | # define RBIMPL_ATTR_DEPRECATED(msg) __attribute__((__deprecated__ msg))
      |                                                     ^
xml_document.c:193:3: warning: 'rb_data_object_get_warning' is deprecated: by TypedData [-Wdeprecated-declarations]
  193 |   Data_Get_Struct(self, xmlDoc, c_document);
      |   ^
/opt/homebrew/Cellar/ruby/4.0.3/include/ruby-4.0.0/ruby/internal/core/rdata.h:278:34: note: expanded from macro 'Data_Get_Struct'
  278 |     ((sval) = RBIMPL_CAST((type*)rb_data_object_get(obj)))
      |                                  ^
/opt/homebrew/Cellar/ruby/4.0.3/include/ruby-4.0.0/ruby/internal/core/rdata.h:370:31: note: expanded from macro 'rb_data_object_get'
  370 | #define rb_data_object_get    RUBY_MACRO_SELECT(rb_data_object_get_2, RUBY_UNTYPED_DATA_WARNING)
      |                               ^
/opt/homebrew/Cellar/ruby/4.0.3/include/ruby-4.0.0/ruby/internal/core/rdata.h:50:35: note: expanded from macro 'RUBY_MACRO_SELECT'
   50 | #define RUBY_MACRO_SELECT(x, y)   RBIMPL_MACRO_SELECT(x, y)
      |                                   ^
/opt/homebrew/Cellar/ruby/4.0.3/include/ruby-4.0.0/ruby/internal/core/rdata.h:49:35: note: expanded from macro 'RBIMPL_MACRO_SELECT'
   49 | #define RBIMPL_MACRO_SELECT(x, y) x ## y
      |                                   ^
<scratch space>:179:1: note: expanded from here
  179 | rb_data_object_get_1
      | ^
/opt/homebrew/Cellar/ruby/4.0.3/include/ruby-4.0.0/ruby/internal/core/rdata.h:368:31: note: expanded from macro 'rb_data_object_get_1'
  368 | #define rb_data_object_get_1  rb_data_object_get_warning
      |                               ^
/opt/homebrew/Cellar/ruby/4.0.3/include/ruby-4.0.0/ruby/internal/core/rdata.h:317:1: note: 'rb_data_object_get_warning' has been explicitly marked deprecated here
  317 | RBIMPL_ATTRSET_UNTYPED_DATA_FUNC()
      | ^
/opt/homebrew/Cellar/ruby/4.0.3/include/ruby-4.0.0/ruby/internal/core/rdata.h:47:5: note: expanded from macro 'RBIMPL_ATTRSET_UNTYPED_DATA_FUNC'
   47 |     RBIMPL_ATTR_DEPRECATED(("by TypedData"))
      |     ^
/opt/homebrew/Cellar/ruby/4.0.3/include/ruby-4.0.0/ruby/internal/attr/deprecated.h:36:53: note: expanded from macro 'RBIMPL_ATTR_DEPRECATED'
   36 | # define RBIMPL_ATTR_DEPRECATED(msg) __attribute__((__deprecated__ msg))
      |                                                     ^
xml_document.c:213:3: warning: 'rb_data_object_get_warning' is deprecated: by TypedData [-Wdeprecated-declarations]
  213 |   Data_Get_Struct(self, xmlDoc, doc);
      |   ^
/opt/homebrew/Cellar/ruby/4.0.3/include/ruby-4.0.0/ruby/internal/core/rdata.h:278:34: note: expanded from macro 'Data_Get_Struct'
  278 |     ((sval) = RBIMPL_CAST((type*)rb_data_object_get(obj)))
      |                                  ^
/opt/homebrew/Cellar/ruby/4.0.3/include/ruby-4.0.0/ruby/internal/core/rdata.h:370:31: note: expanded from macro 'rb_data_object_get'
  370 | #define rb_data_object_get    RUBY_MACRO_SELECT(rb_data_object_get_2, RUBY_UNTYPED_DATA_WARNING)
      |                               ^
/opt/homebrew/Cellar/ruby/4.0.3/include/ruby-4.0.0/ruby/internal/core/rdata.h:50:35: note: expanded from macro 'RUBY_MACRO_SELECT'
   50 | #define RUBY_MACRO_SELECT(x, y)   RBIMPL_MACRO_SELECT(x, y)
      |                                   ^
/opt/homebrew/Cellar/ruby/4.0.3/include/ruby-4.0.0/ruby/internal/core/rdata.h:49:35: note: expanded from macro 'RBIMPL_MACRO_SELECT'
   49 | #define RBIMPL_MACRO_SELECT(x, y) x ## y
      |                                   ^
<scratch space>:180:1: note: expanded from here
  180 | rb_data_object_get_1
      | ^
/opt/homebrew/Cellar/ruby/4.0.3/include/ruby-4.0.0/ruby/internal/core/rdata.h:368:31: note: expanded from macro 'rb_data_object_get_1'
  368 | #define rb_data_object_get_1  rb_data_object_get_warning
      |                               ^
/opt/homebrew/Cellar/ruby/4.0.3/include/ruby-4.0.0/ruby/internal/core/rdata.h:317:1: note: 'rb_data_object_get_warning' has been explicitly marked deprecated here
  317 | RBIMPL_ATTRSET_UNTYPED_DATA_FUNC()
      | ^
/opt/homebrew/Cellar/ruby/4.0.3/include/ruby-4.0.0/ruby/internal/core/rdata.h:47:5: note: expanded from macro 'RBIMPL_ATTRSET_UNTYPED_DATA_FUNC'
   47 |     RBIMPL_ATTR_DEPRECATED(("by TypedData"))
      |     ^
/opt/homebrew/Cellar/ruby/4.0.3/include/ruby-4.0.0/ruby/internal/attr/deprecated.h:36:53: note: expanded from macro 'RBIMPL_ATTR_DEPRECATED'
   36 | # define RBIMPL_ATTR_DEPRECATED(msg) __attribute__((__deprecated__ msg))
      |                                                     ^
xml_document.c:234:3: warning: 'rb_data_object_get_warning' is deprecated: by TypedData [-Wdeprecated-declarations]
  234 |   Data_Get_Struct(self, xmlDoc, doc);
      |   ^
/opt/homebrew/Cellar/ruby/4.0.3/include/ruby-4.0.0/ruby/internal/core/rdata.h:278:34: note: expanded from macro 'Data_Get_Struct'
  278 |     ((sval) = RBIMPL_CAST((type*)rb_data_object_get(obj)))
      |                                  ^
/opt/homebrew/Cellar/ruby/4.0.3/include/ruby-4.0.0/ruby/internal/core/rdata.h:370:31: note: expanded from macro 'rb_data_object_get'
  370 | #define rb_data_object_get    RUBY_MACRO_SELECT(rb_data_object_get_2, RUBY_UNTYPED_DATA_WARNING)
      |                               ^
/opt/homebrew/Cellar/ruby/4.0.3/include/ruby-4.0.0/ruby/internal/core/rdata.h:50:35: note: expanded from macro 'RUBY_MACRO_SELECT'
   50 | #define RUBY_MACRO_SELECT(x, y)   RBIMPL_MACRO_SELECT(x, y)
      |                                   ^
/opt/homebrew/Cellar/ruby/4.0.3/include/ruby-4.0.0/ruby/internal/core/rdata.h:49:35: note: expanded from macro 'RBIMPL_MACRO_SELECT'
   49 | #define RBIMPL_MACRO_SELECT(x, y) x ## y
      |                                   ^
<scratch space>:181:1: note: expanded from here
  181 | rb_data_object_get_1
      | ^
/opt/homebrew/Cellar/ruby/4.0.3/include/ruby-4.0.0/ruby/internal/core/rdata.h:368:31: note: expanded from macro 'rb_data_object_get_1'
  368 | #define rb_data_object_get_1  rb_data_object_get_warning
      |                               ^
/opt/homebrew/Cellar/ruby/4.0.3/include/ruby-4.0.0/ruby/internal/core/rdata.h:317:1: note: 'rb_data_object_get_warning' has been explicitly marked deprecated here
  317 | RBIMPL_ATTRSET_UNTYPED_DATA_FUNC()
      | ^
/opt/homebrew/Cellar/ruby/4.0.3/include/ruby-4.0.0/ruby/internal/core/rdata.h:47:5: note: expanded from macro 'RBIMPL_ATTRSET_UNTYPED_DATA_FUNC'
   47 |     RBIMPL_ATTR_DEPRECATED(("by TypedData"))
      |     ^
/opt/homebrew/Cellar/ruby/4.0.3/include/ruby-4.0.0/ruby/internal/attr/deprecated.h:36:53: note: expanded from macro 'RBIMPL_ATTR_DEPRECATED'
   36 | # define RBIMPL_ATTR_DEPRECATED(msg) __attribute__((__deprecated__ msg))
      |                                                     ^
xml_document.c:250:3: warning: 'rb_data_object_get_warning' is deprecated: by TypedData [-Wdeprecated-declarations]
  250 |   Data_Get_Struct(self, xmlDoc, doc);
      |   ^
/opt/homebrew/Cellar/ruby/4.0.3/include/ruby-4.0.0/ruby/internal/core/rdata.h:278:34: note: expanded from macro 'Data_Get_Struct'
  278 |     ((sval) = RBIMPL_CAST((type*)rb_data_object_get(obj)))
      |                                  ^
/opt/homebrew/Cellar/ruby/4.0.3/include/ruby-4.0.0/ruby/internal/core/rdata.h:370:31: note: expanded from macro 'rb_data_object_get'
  370 | #define rb_data_object_get    RUBY_MACRO_SELECT(rb_data_object_get_2, RUBY_UNTYPED_DATA_WARNING)
      |                               ^
/opt/homebrew/Cellar/ruby/4.0.3/include/ruby-4.0.0/ruby/internal/core/rdata.h:50:35: note: expanded from macro 'RUBY_MACRO_SELECT'
   50 | #define RUBY_MACRO_SELECT(x, y)   RBIMPL_MACRO_SELECT(x, y)
      |                                   ^
/opt/homebrew/Cellar/ruby/4.0.3/include/ruby-4.0.0/ruby/internal/core/rdata.h:49:35: note: expanded from macro 'RBIMPL_MACRO_SELECT'
   49 | #define RBIMPL_MACRO_SELECT(x, y) x ## y
      |                                   ^
<scratch space>:182:1: note: expanded from here
  182 | rb_data_object_get_1
      | ^
/opt/homebrew/Cellar/ruby/4.0.3/include/ruby-4.0.0/ruby/internal/core/rdata.h:368:31: note: expanded from macro 'rb_data_object_get_1'
  368 | #define rb_data_object_get_1  rb_data_object_get_warning
      |                               ^
/opt/homebrew/Cellar/ruby/4.0.3/include/ruby-4.0.0/ruby/internal/core/rdata.h:317:1: note: 'rb_data_object_get_warning' has been explicitly marked deprecated here
  317 | RBIMPL_ATTRSET_UNTYPED_DATA_FUNC()
      | ^
/opt/homebrew/Cellar/ruby/4.0.3/include/ruby-4.0.0/ruby/internal/core/rdata.h:47:5: note: expanded from macro 'RBIMPL_ATTRSET_UNTYPED_DATA_FUNC'
   47 |     RBIMPL_ATTR_DEPRECATED(("by TypedData"))
      |     ^
/opt/homebrew/Cellar/ruby/4.0.3/include/ruby-4.0.0/ruby/internal/attr/deprecated.h:36:53: note: expanded from macro 'RBIMPL_ATTR_DEPRECATED'
   36 | # define RBIMPL_ATTR_DEPRECATED(msg) __attribute__((__deprecated__ msg))
      |                                                     ^
xml_document.c:372:3: warning: 'rb_data_object_get_warning' is deprecated: by TypedData [-Wdeprecated-declarations]
  372 |   Data_Get_Struct(self, xmlDoc, doc);
      |   ^
/opt/homebrew/Cellar/ruby/4.0.3/include/ruby-4.0.0/ruby/internal/core/rdata.h:278:34: note: expanded from macro 'Data_Get_Struct'
  278 |     ((sval) = RBIMPL_CAST((type*)rb_data_object_get(obj)))
      |                                  ^
/opt/homebrew/Cellar/ruby/4.0.3/include/ruby-4.0.0/ruby/internal/core/rdata.h:370:31: note: expanded from macro 'rb_data_object_get'
  370 | #define rb_data_object_get    RUBY_MACRO_SELECT(rb_data_object_get_2, RUBY_UNTYPED_DATA_WARNING)
      |                               ^
/opt/homebrew/Cellar/ruby/4.0.3/include/ruby-4.0.0/ruby/internal/core/rdata.h:50:35: note: expanded from macro 'RUBY_MACRO_SELECT'
   50 | #define RUBY_MACRO_SELECT(x, y)   RBIMPL_MACRO_SELECT(x, y)
      |                                   ^
/opt/homebrew/Cellar/ruby/4.0.3/include/ruby-4.0.0/ruby/internal/core/rdata.h:49:35: note: expanded from macro 'RBIMPL_MACRO_SELECT'
   49 | #define RBIMPL_MACRO_SELECT(x, y) x ## y
      |                                   ^
<scratch space>:183:1: note: expanded from here
  183 | rb_data_object_get_1
      | ^
/opt/homebrew/Cellar/ruby/4.0.3/include/ruby-4.0.0/ruby/internal/core/rdata.h:368:31: note: expanded from macro 'rb_data_object_get_1'
  368 | #define rb_data_object_get_1  rb_data_object_get_warning
      |                               ^
/opt/homebrew/Cellar/ruby/4.0.3/include/ruby-4.0.0/ruby/internal/core/rdata.h:317:1: note: 'rb_data_object_get_warning' has been explicitly marked deprecated here
  317 | RBIMPL_ATTRSET_UNTYPED_DATA_FUNC()
      | ^
/opt/homebrew/Cellar/ruby/4.0.3/include/ruby-4.0.0/ruby/internal/core/rdata.h:47:5: note: expanded from macro 'RBIMPL_ATTRSET_UNTYPED_DATA_FUNC'
   47 |     RBIMPL_ATTR_DEPRECATED(("by TypedData"))
      |     ^
/opt/homebrew/Cellar/ruby/4.0.3/include/ruby-4.0.0/ruby/internal/attr/deprecated.h:36:53: note: expanded from macro 'RBIMPL_ATTR_DEPRECATED'
   36 | # define RBIMPL_ATTR_DEPRECATED(msg) __attribute__((__deprecated__ msg))
      |                                                     ^
2 warnings generated.
xml_document.c:446:3: warning: 'rb_data_object_get_warning' is deprecated: by TypedData [-Wdeprecated-declarations]
  446 |   Data_Get_Struct(self, xmlDoc, doc);
      |   ^
/opt/homebrew/Cellar/ruby/4.0.3/include/ruby-4.0.0/ruby/internal/core/rdata.h:278:34: note: expanded from macro 'Data_Get_Struct'
  278 |     ((sval) = RBIMPL_CAST((type*)rb_data_object_get(obj)))
      |                                  ^
/opt/homebrew/Cellar/ruby/4.0.3/include/ruby-4.0.0/ruby/internal/core/rdata.h:370:31: note: expanded from macro 'rb_data_object_get'
  370 | #define rb_data_object_get    RUBY_MACRO_SELECT(rb_data_object_get_2, RUBY_UNTYPED_DATA_WARNING)
      |                               ^
/opt/homebrew/Cellar/ruby/4.0.3/include/ruby-4.0.0/ruby/internal/core/rdata.h:50:35: note: expanded from macro 'RUBY_MACRO_SELECT'
   50 | #define RUBY_MACRO_SELECT(x, y)   RBIMPL_MACRO_SELECT(x, y)
      |                                   ^
/opt/homebrew/Cellar/ruby/4.0.3/include/ruby-4.0.0/ruby/internal/core/rdata.h:49:35: note: expanded from macro 'RBIMPL_MACRO_SELECT'
   49 | #define RBIMPL_MACRO_SELECT(x, y) x ## y
      |                                   ^
<scratch space>:184:1: note: expanded from here
  184 | rb_data_object_get_1
      | ^
/opt/homebrew/Cellar/ruby/4.0.3/include/ruby-4.0.0/ruby/internal/core/rdata.h:368:31: note: expanded from macro 'rb_data_object_get_1'
  368 | #define rb_data_object_get_1  rb_data_object_get_warning
      |                               ^
/opt/homebrew/Cellar/ruby/4.0.3/include/ruby-4.0.0/ruby/internal/core/rdata.h:317:1: note: 'rb_data_object_get_warning' has been explicitly marked deprecated here
  317 | RBIMPL_ATTRSET_UNTYPED_DATA_FUNC()
      | ^
/opt/homebrew/Cellar/ruby/4.0.3/include/ruby-4.0.0/ruby/internal/core/rdata.h:47:5: note: expanded from macro 'RBIMPL_ATTRSET_UNTYPED_DATA_FUNC'
   47 |     RBIMPL_ATTR_DEPRECATED(("by TypedData"))
      |     ^
/opt/homebrew/Cellar/ruby/4.0.3/include/ruby-4.0.0/ruby/internal/attr/deprecated.h:36:53: note: expanded from macro 'RBIMPL_ATTR_DEPRECATED'
   36 | # define RBIMPL_ATTR_DEPRECATED(msg) __attribute__((__deprecated__ msg))
      |                                                     ^
xml_document.c:474:3: warning: 'rb_data_object_get_warning' is deprecated: by TypedData [-Wdeprecated-declarations]
  474 |   Data_Get_Struct(self, xmlDoc, doc);
      |   ^
/opt/homebrew/Cellar/ruby/4.0.3/include/ruby-4.0.0/ruby/internal/core/rdata.h:278:34: note: expanded from macro 'Data_Get_Struct'
  278 |     ((sval) = RBIMPL_CAST((type*)rb_data_object_get(obj)))
      |                                  ^
/opt/homebrew/Cellar/ruby/4.0.3/include/ruby-4.0.0/ruby/internal/core/rdata.h:370:31: note: expanded from macro 'rb_data_object_get'
  370 | #define rb_data_object_get    RUBY_MACRO_SELECT(rb_data_object_get_2, RUBY_UNTYPED_DATA_WARNING)
      |                               ^
/opt/homebrew/Cellar/ruby/4.0.3/include/ruby-4.0.0/ruby/internal/core/rdata.h:50:35: note: expanded from macro 'RUBY_MACRO_SELECT'
   50 | #define RUBY_MACRO_SELECT(x, y)   RBIMPL_MACRO_SELECT(x, y)
      |                                   ^
/opt/homebrew/Cellar/ruby/4.0.3/include/ruby-4.0.0/ruby/internal/core/rdata.h:49:35: note: expanded from macro 'RBIMPL_MACRO_SELECT'
   49 | #define RBIMPL_MACRO_SELECT(x, y) x ## y
      |                                   ^
<scratch space>:185:1: note: expanded from here
  185 | rb_data_object_get_1
      | ^
/opt/homebrew/Cellar/ruby/4.0.3/include/ruby-4.0.0/ruby/internal/core/rdata.h:368:31: note: expanded from macro 'rb_data_object_get_1'
  368 | #define rb_data_object_get_1  rb_data_object_get_warning
      |                               ^
/opt/homebrew/Cellar/ruby/4.0.3/include/ruby-4.0.0/ruby/internal/core/rdata.h:317:1: note: 'rb_data_object_get_warning' has been explicitly marked deprecated here
  317 | RBIMPL_ATTRSET_UNTYPED_DATA_FUNC()
      | ^
/opt/homebrew/Cellar/ruby/4.0.3/include/ruby-4.0.0/ruby/internal/core/rdata.h:47:5: note: expanded from macro 'RBIMPL_ATTRSET_UNTYPED_DATA_FUNC'
   47 |     RBIMPL_ATTR_DEPRECATED(("by TypedData"))
      |     ^
/opt/homebrew/Cellar/ruby/4.0.3/include/ruby-4.0.0/ruby/internal/attr/deprecated.h:36:53: note: expanded from macro 'RBIMPL_ATTR_DEPRECATED'
   36 | # define RBIMPL_ATTR_DEPRECATED(msg) __attribute__((__deprecated__ msg))
      |                                                     ^
4 warnings generated.
xml_document.c:553:3: warning: 'rb_data_object_get_warning' is deprecated: by TypedData [-Wdeprecated-declarations]
  553 |   Data_Get_Struct(self, xmlDoc, c_doc);
      |   ^
/opt/homebrew/Cellar/ruby/4.0.3/include/ruby-4.0.0/ruby/internal/core/rdata.h:278:34: note: expanded from macro 'Data_Get_Struct'
  278 |     ((sval) = RBIMPL_CAST((type*)rb_data_object_get(obj)))
      |                                  ^
/opt/homebrew/Cellar/ruby/4.0.3/include/ruby-4.0.0/ruby/internal/core/rdata.h:370:31: note: expanded from macro 'rb_data_object_get'
  370 | #define rb_data_object_get    RUBY_MACRO_SELECT(rb_data_object_get_2, RUBY_UNTYPED_DATA_WARNING)
      |                               ^
/opt/homebrew/Cellar/ruby/4.0.3/include/ruby-4.0.0/ruby/internal/core/rdata.h:50:35: note: expanded from macro 'RUBY_MACRO_SELECT'
   50 | #define RUBY_MACRO_SELECT(x, y)   RBIMPL_MACRO_SELECT(x, y)
      |                                   ^
/opt/homebrew/Cellar/ruby/4.0.3/include/ruby-4.0.0/ruby/internal/core/rdata.h:49:35: note: expanded from macro 'RBIMPL_MACRO_SELECT'
   49 | #define RBIMPL_MACRO_SELECT(x, y) x ## y
      |                                   ^
<scratch space>:186:1: note: expanded from here
  186 | rb_data_object_get_1
      | ^
/opt/homebrew/Cellar/ruby/4.0.3/include/ruby-4.0.0/ruby/internal/core/rdata.h:368:31: note: expanded from macro 'rb_data_object_get_1'
  368 | #define rb_data_object_get_1  rb_data_object_get_warning
      |                               ^
/opt/homebrew/Cellar/ruby/4.0.3/include/ruby-4.0.0/ruby/internal/core/rdata.h:317:1: note: 'rb_data_object_get_warning' has been explicitly marked deprecated here
  317 | RBIMPL_ATTRSET_UNTYPED_DATA_FUNC()
      | ^
/opt/homebrew/Cellar/ruby/4.0.3/include/ruby-4.0.0/ruby/internal/core/rdata.h:47:5: note: expanded from macro 'RBIMPL_ATTRSET_UNTYPED_DATA_FUNC'
   47 |     RBIMPL_ATTR_DEPRECATED(("by TypedData"))
      |     ^
/opt/homebrew/Cellar/ruby/4.0.3/include/ruby-4.0.0/ruby/internal/attr/deprecated.h:36:53: note: expanded from macro 'RBIMPL_ATTR_DEPRECATED'
   36 | # define RBIMPL_ATTR_DEPRECATED(msg) __attribute__((__deprecated__ msg))
      |                                                     ^
xml_document.c:601:17: warning: 'rb_data_object_wrap_warning' is deprecated: by TypedData [-Wdeprecated-declarations]
  601 |   rb_document = Data_Wrap_Struct(klass, mark, dealloc, c_document);
      |                 ^
/opt/homebrew/Cellar/ruby/4.0.3/include/ruby-4.0.0/ruby/internal/core/rdata.h:202:5: note: expanded from macro 'Data_Wrap_Struct'
  202 |     rb_data_object_wrap(                          \
      |     ^
/opt/homebrew/Cellar/ruby/4.0.3/include/ruby-4.0.0/ruby/internal/core/rdata.h:366:31: note: expanded from macro 'rb_data_object_wrap'
  366 | #define rb_data_object_wrap   RUBY_MACRO_SELECT(rb_data_object_wrap_2, RUBY_UNTYPED_DATA_WARNING)
      |                               ^
/opt/homebrew/Cellar/ruby/4.0.3/include/ruby-4.0.0/ruby/internal/core/rdata.h:50:35: note: expanded from macro 'RUBY_MACRO_SELECT'
   50 | #define RUBY_MACRO_SELECT(x, y)   RBIMPL_MACRO_SELECT(x, y)
      |                                   ^
/opt/homebrew/Cellar/ruby/4.0.3/include/ruby-4.0.0/ruby/internal/core/rdata.h:49:35: note: expanded from macro 'RBIMPL_MACRO_SELECT'
   49 | #define RBIMPL_MACRO_SELECT(x, y) x ## y
      |                                   ^
<scratch space>:187:1: note: expanded from here
  187 | rb_data_object_wrap_1
      | ^
/opt/homebrew/Cellar/ruby/4.0.3/include/ruby-4.0.0/ruby/internal/core/rdata.h:364:31: note: expanded from macro 'rb_data_object_wrap_1'
  364 | #define rb_data_object_wrap_1 rb_data_object_wrap_warning
      |                               ^
/opt/homebrew/Cellar/ruby/4.0.3/include/ruby-4.0.0/ruby/internal/core/rdata.h:280:1: note: 'rb_data_object_wrap_warning' has been explicitly marked deprecated here
  280 | RBIMPL_ATTRSET_UNTYPED_DATA_FUNC()
      | ^
/opt/homebrew/Cellar/ruby/4.0.3/include/ruby-4.0.0/ruby/internal/core/rdata.h:47:5: note: expanded from macro 'RBIMPL_ATTRSET_UNTYPED_DATA_FUNC'
   47 |     RBIMPL_ATTR_DEPRECATED(("by TypedData"))
      |     ^
/opt/homebrew/Cellar/ruby/4.0.3/include/ruby-4.0.0/ruby/internal/attr/deprecated.h:36:53: note: expanded from macro 'RBIMPL_ATTR_DEPRECATED'
   36 | # define RBIMPL_ATTR_DEPRECATED(msg) __attribute__((__deprecated__ msg))
      |                                                     ^
xml_dtd.c:47:3: warning: 'rb_data_object_get_warning' is deprecated: by TypedData [-Wdeprecated-declarations]
   47 |   Data_Get_Struct(self, xmlDtd, dtd);
      |   ^
/opt/homebrew/Cellar/ruby/4.0.3/include/ruby-4.0.0/ruby/internal/core/rdata.h:278:34: note: expanded from macro 'Data_Get_Struct'
  278 |     ((sval) = RBIMPL_CAST((type*)rb_data_object_get(obj)))
      |                                  ^
/opt/homebrew/Cellar/ruby/4.0.3/include/ruby-4.0.0/ruby/internal/core/rdata.h:370:31: note: expanded from macro 'rb_data_object_get'
  370 | #define rb_data_object_get    RUBY_MACRO_SELECT(rb_data_object_get_2, RUBY_UNTYPED_DATA_WARNING)
      |                               ^
/opt/homebrew/Cellar/ruby/4.0.3/include/ruby-4.0.0/ruby/internal/core/rdata.h:50:35: note: expanded from macro 'RUBY_MACRO_SELECT'
   50 | #define RUBY_MACRO_SELECT(x, y)   RBIMPL_MACRO_SELECT(x, y)
      |                                   ^
/opt/homebrew/Cellar/ruby/4.0.3/include/ruby-4.0.0/ruby/internal/core/rdata.h:49:35: note: expanded from macro 'RBIMPL_MACRO_SELECT'
   49 | #define RBIMPL_MACRO_SELECT(x, y) x ## y
      |                                   ^
<scratch space>:176:1: note: expanded from here
  176 | rb_data_object_get_1
      | ^
/opt/homebrew/Cellar/ruby/4.0.3/include/ruby-4.0.0/ruby/internal/core/rdata.h:368:31: note: expanded from macro 'rb_data_object_get_1'
  368 | #define rb_data_object_get_1  rb_data_object_get_warning
      |                               ^
/opt/homebrew/Cellar/ruby/4.0.3/include/ruby-4.0.0/ruby/internal/core/rdata.h:317:1: note: 'rb_data_object_get_warning' has been explicitly marked deprecated here
  317 | RBIMPL_ATTRSET_UNTYPED_DATA_FUNC()
      | ^
/opt/homebrew/Cellar/ruby/4.0.3/include/ruby-4.0.0/ruby/internal/core/rdata.h:47:5: note: expanded from macro 'RBIMPL_ATTRSET_UNTYPED_DATA_FUNC'
   47 |     RBIMPL_ATTR_DEPRECATED(("by TypedData"))
      |     ^
/opt/homebrew/Cellar/ruby/4.0.3/include/ruby-4.0.0/ruby/internal/attr/deprecated.h:36:53: note: expanded from macro 'RBIMPL_ATTR_DEPRECATED'
   36 | # define RBIMPL_ATTR_DEPRECATED(msg) __attribute__((__deprecated__ msg))
      |                                                     ^
xml_dtd.c:70:3: warning: 'rb_data_object_get_warning' is deprecated: by TypedData [-Wdeprecated-declarations]
   70 |   Data_Get_Struct(self, xmlDtd, dtd);
      |   ^
/opt/homebrew/Cellar/ruby/4.0.3/include/ruby-4.0.0/ruby/internal/core/rdata.h:278:34: note: expanded from macro 'Data_Get_Struct'
  278 |     ((sval) = RBIMPL_CAST((type*)rb_data_object_get(obj)))
      |                                  ^
/opt/homebrew/Cellar/ruby/4.0.3/include/ruby-4.0.0/ruby/internal/core/rdata.h:370:31: note: expanded from macro 'rb_data_object_get'
  370 | #define rb_data_object_get    RUBY_MACRO_SELECT(rb_data_object_get_2, RUBY_UNTYPED_DATA_WARNING)
      |                               ^
/opt/homebrew/Cellar/ruby/4.0.3/include/ruby-4.0.0/ruby/internal/core/rdata.h:50:35: note: expanded from macro 'RUBY_MACRO_SELECT'
   50 | #define RUBY_MACRO_SELECT(x, y)   RBIMPL_MACRO_SELECT(x, y)
      |                                   ^
/opt/homebrew/Cellar/ruby/4.0.3/include/ruby-4.0.0/ruby/internal/core/rdata.h:49:35: note: expanded from macro 'RBIMPL_MACRO_SELECT'
   49 | #define RBIMPL_MACRO_SELECT(x, y) x ## y
      |                                   ^
<scratch space>:177:1: note: expanded from here
  177 | rb_data_object_get_1
      | ^
/opt/homebrew/Cellar/ruby/4.0.3/include/ruby-4.0.0/ruby/internal/core/rdata.h:368:31: note: expanded from macro 'rb_data_object_get_1'
  368 | #define rb_data_object_get_1  rb_data_object_get_warning
      |                               ^
/opt/homebrew/Cellar/ruby/4.0.3/include/ruby-4.0.0/ruby/internal/core/rdata.h:317:1: note: 'rb_data_object_get_warning' has been explicitly marked deprecated here
  317 | RBIMPL_ATTRSET_UNTYPED_DATA_FUNC()
      | ^
/opt/homebrew/Cellar/ruby/4.0.3/include/ruby-4.0.0/ruby/internal/core/rdata.h:47:5: note: expanded from macro 'RBIMPL_ATTRSET_UNTYPED_DATA_FUNC'
   47 |     RBIMPL_ATTR_DEPRECATED(("by TypedData"))
      |     ^
/opt/homebrew/Cellar/ruby/4.0.3/include/ruby-4.0.0/ruby/internal/attr/deprecated.h:36:53: note: expanded from macro 'RBIMPL_ATTR_DEPRECATED'
1 warning generated.
   36 | # define RBIMPL_ATTR_DEPRECATED(msg) __attricompiling xml_entity_decl.c
bute__((__deprecated__ msg))
      |                                                     ^
xml_dtd.c:93:3: warning: 'rb_data_object_get_warning' is deprecated: by TypedData [-Wdeprecated-declarations]
   93 |   Data_Get_Struct(self, xmlDtd, dtd);
      |   ^
/opt/homebrew/Cellar/ruby/4.0.3/include/ruby-4.0.0/ruby/internal/core/rdata.h:278:34: note: expanded from macro 'Data_Get_Struct'
  278 |     ((sval) = RBIMPL_CAST((type*)rb_data_object_get(obj)))
      |                                  ^
/opt/homebrew/Cellar/ruby/4.0.3/include/ruby-4.0.0/ruby/internal/core/rdata.h:370:31: note: expanded from macro 'rb_data_object_get'
  370 | #define rb_data_object_get    RUBY_MACRO_SELECT(rb_data_object_get_2, RUBY_UNTYPED_DATA_WARNING)
      |                               ^
/opt/homebrew/Cellar/ruby/4.0.3/include/ruby-4.0.0/ruby/internal/core/rdata.h:50:35: note: expanded from macro 'RUBY_MACRO_SELECT'
   50 | #define RUBY_MACRO_SELECT(x, y)   RBIMPL_MACRO_SELECT(x, y)
      |                                   ^
/opt/homebrew/Cellar/ruby/4.0.3/include/ruby-4.0.0/ruby/internal/core/rdata.h:49:35: note: expanded from macro 'RBIMPL_MACRO_SELECT'
   49 | #define RBIMPL_MACRO_SELECT(x, y) x ## y
      |                                   ^
<scratch space>:178:1compiling xml_entity_reference.c
1 warning generated.
: note: expanded from here
  178 | rb_data_object_get_1
      | ^
/opt/homebrew/Cellar/ruby/4.0.3/include/ruby-4.0.0/ruby/internal/core/rdata.h:368:31: note: expanded from macro 'rb_data_object_get_1'
  368 | #define rb_data_object_get_1  rb_data_object_get_warning
      |                               ^
/opt/homebrew/Cellar/ruby/4.0.3/include/ruby-4.0.0/ruby/internal/core/rdata.h:317:1: note: 'rb_data_object_get_warning' has been explicitly marked deprecated here
  317 | RBIMPL_ATTRSET_UNTYPED_DATA_FUNC()
      | ^
/opt/homebrew/Cellar/ruby/4.0.3/include/ruby-4.0.0/ruby/internal/core/rdata.h:47:5: note: expanded from macro 'RBIMPL_ATTRSET_UNTYPED_DATA_FUNC'
   47 |     RBIMPL_ATTR_DEPRECATED(("by TypedData"))
      |     ^
/opt/homebrew/Cellar/ruby/4.0.3/include/ruby-4.0.0/ruby/internal/attr/deprecated.h:36:53: note: expanded from macro 'RBIMPL_ATTR_DEPRECATED'
   36 | # define RBIMPL_ATTR_DEPRECATED(msg) __attribute__((__deprecated__ msg))
      |                                                     ^
xml_dtd.c:116:3: warning: 'rb_data_object_get_warning' is deprecated: by TypedData [-Wdeprecated-declarations]
  116 |   Data_Get_Struct(self, xmlDtd, dtd);
      |   ^
/opt/homebrew/Cellar/ruby/4.0.3/include/ruby-4.0.0/ruby/internal/core/rdata.h:278:34: note: expanded from macro 'Data_Get_Struct'
  278 |     ((sval) = RBIMPL_CAST((type*)rb_data_object_get(obj)))
      |                                  ^
/opt/homebrew/Cellar/ruby/4.0.3/include/ruby-4.0.0/ruby/internal/core/rdata.h:370:31: note: expanded from macro 'rb_data_object_get'
  370 | #define rb_data_object_get    RUBY_MACRO_SELECT(rb_data_object_get_2, RUBY_UNTYPED_DATA_WARNING)
      |                               ^
/opt/homebrew/Cellar/ruby/4.0.3/include/ruby-4.0.0/ruby/internal/core/rdata.h:50:35: note: expanded from macro 'RUBY_MACRO_SELECT'
   50 | #define RUBY_MACRO_SELECT(x, y)   RBIMPL_MACRO_SELECT(x, y)
      |                                   ^
/opt/homebrew/Cellar/ruby/4.0.3/include/ruby-4.0.0/ruby/internal/core/rdata.h:49:35: note: expanded from macro 'RBIMPL_MACRO_SELECT'
   49 | #define RBIMPL_MACRO_SELECT(x, y) x ## y
      |                                   ^
<scratch space>:179:1: note: expanded from here
  179 | rb_data_object_get_1
      | ^
/opt/homebrew/Cellar/ruby/4.0.3/include/ruby-4.0.0/ruby/internal/core/rdata.h:368:31: note: expanded from macro 'rb_data_object_get_1'
  368 | #define rb_data_object_get_1  rb_data_object_get_warning
      |                               ^
/opt/homebrew/Cellar/ruby/4.0.3/include/ruby-4.0.0/ruby/internal/core/rdata.h:317:1: note: 'rb_data_object_get_warning' has been explicitly marked deprecated here
  317 | RBIMPL_ATTRSET_UNTYPED_DATA_FUNC()
      | ^
/opt/homebrew/Cellar/ruby/4.0.3/include/ruby-4.0.0/ruby/internal/core/rdata.h:47:5: note: expanded from macro 'RBIMPL_ATTRSET_UNTYPED_DATA_FUNC'
   47 |     RBIMPL_ATTR_DEPRECATED(("by TypedData"))
      |     ^
/opt/homebrew/Cellar/ruby/4.0.3/include/ruby-4.0.0/ruby/internal/attr/deprecated.h:36:53: note: expanded from macro 'RBIMPL_ATTR_DEPRECATED'
   36 | # define RBIMPL_ATTR_DEPRECATED(msg) __attribute__((__deprecated__ msg))
      |                                                     ^
xml_dtd.c:141:3: warning: 'rb_data_object_get_warning' is deprecated: by TypedData [-Wdeprecated-declarations]
  141 |   Data_Get_Struct(self, xmlDtd, dtd);
      |   ^
/opt/homebrew/Cellar/ruby/4.0.3/include/ruby-4.0.0/ruby/internal/core/rdata.h:278:34: note: expanded from macro 'Data_Get_Struct'
  278 |     ((sval) = RBIMPL_CAST((type*)rb_data_object_get(obj)))
      |                                  ^
/opt/homebrew/Cellar/ruby/4.0.3/include/ruby-4.0.0/ruby/internal/core/rdata.h:370:31: note: expanded from macro 'rb_data_object_get'
  370 | #define rb_data_object_get    RUBY_MACRO_SELECT(rb_data_object_get_2, RUBY_UNTYPED_DATA_WARNING)
      |                               ^
/opt/homebrew/Cellar/ruby/4.0.3/include/ruby-4.0.0/ruby/internal/core/rdata.h:50:35: note: expanded from macro 'RUBY_MACRO_SELECT'
   50 | #define RUBY_MACRO_SELECT(x, y)   RBIMPL_MACRO_SELECT(x, y)
      |                                   ^
/opt/homebrew/Cellar/ruby/4.0.3/include/ruby-4.0.0/ruby/internal/core/rdata.h:49:35: note: expanded from macro 'RBIMPL_MACRO_SELECT'
   49 | #define RBIMPL_MACRO_SELECT(x, y) x ## y
      |                                   ^
<scratch space>:180:1: note: expanded from here
  180 | rb_data_object_get_1
      | ^
/opt/homebrew/Cellar/ruby/4.0.3/include/ruby-4.0.0/ruby/internal/core/rdata.h:368:31: note: expanded from macro 'rb_data_object_get_1'
  368 | #define rb_data_object_get_1  rb_data_object_get_warning
      |                               ^
/opt/homebrew/Cellar/ruby/4.0.3/include/ruby-4.0.0/ruby/internal/core/rdata.h:317:1: note: 'rb_data_object_get_warning' has been explicitly marked deprecated here
  317 | RBIMPL_ATTRSET_UNTYPED_DATA_FUNC()
      | ^
/opt/homebrew/Cellar/ruby/4.0.3/include/ruby-4.0.0/ruby/internal/core/rdata.h:47:5: note: expanded from macro 'RBIMPL_ATTRSET_UNTYPED_DATA_FUNC'
   47 |     RBIMPL_ATTR_DEPRECATED(("by TypedData"))
      |     ^
/opt/homebrew/Cellar/ruby/4.0.3/include/ruby-4.0.0/ruby/internal/attr/deprecated.h:36:53: note: expanded from macro 'RBIMPL_ATTR_DEPRECATED'
   36 | # define RBIMPL_ATTR_DEPRECATED(msg) __attribute__((__deprecated__ msg))
      |                                                     ^
xml_dtd.c:142:3: warning: 'rb_data_object_get_warning' is deprecated: by TypedData [-Wdeprecated-declarations]
  142 |   Data_Get_Struct(document, xmlDoc, doc);
      |   ^
/opt/homebrew/Cellar/ruby/4.0.3/include/ruby-4.0.0/ruby/internal/core/rdata.h:278:34: note: expanded from macro 'Data_Get_Struct'
  278 |     ((sval) = RBIMPL_CAST((type*)rb_data_object_get(obj)))
      |                                  ^
/opt/homebrew/Cellar/ruby/4.0.3/include/ruby-4.0.0/ruby/internal/core/rdata.h:370:31: note: expanded from macro 'rb_data_object_get'
  370 | #define rb_data_object_get    RUBY_MACRO_SELECT(rb_data_object_get_2, RUBY_UNTYPED_DATA_WARNING)
      |                               ^
/opt/homebrew/Cellar/ruby/4.0.3/include/ruby-4.0.0/ruby/internal/core/rdata.h:50:35: note: expanded from macro 'RUBY_MACRO_SELECT'
   50 | #define RUBY_MACRO_SELECT(x, y)   RBIMPL_MACRO_SELECT(x, y)
      |                                   ^
/opt/homebrew/Cellar/ruby/4.0.3/include/ruby-4.0.0/ruby/internal/core/rdata.h:49:35: note: expanded from macro 'RBIMPL_MACRO_SELECT'
   49 | #define RBIMPL_MACRO_SELECT(x, y) x ## y
      |                                   ^
<scratch space>:181:1: note: expanded from here
  181 | rb_data_object_get_1
      | ^
/opt/homebrew/Cellar/ruby/4.0.3/include/ruby-4.0.0/ruby/internal/core/rdata.h:368:31: note: expanded from macro 'rb_data_object_get_1'
  368 | #define rb_data_object_get_1  rb_data_object_get_warning
      |                               ^
/opt/homebrew/Cellar/ruby/4.0.3/include/ruby-4.0.0/ruby/internal/core/rdata.h:317:1:compiling xml_namespace.c
 note: 'rb_data_object_get_warning' has been explicitly marked deprecated here
  317 | RBIMPL_ATTRSET_UNTYPED_DATA_FUNC()
      | ^
/opt/homebrew/Cellar/ruby/4.0.3/include/ruby-4.0.0/ruby/internal/core/rdata.h:47:5: note: expanded from macro 'RBIMPL_ATTRSET_UNTYPED_DATA_FUNC'
   47 |     RBIMPL_ATTR_DEPRECATED(("by TypedData"))
      |     ^
/opt/homebrew/Cellar/ruby/4.0.3/include/ruby-4.0.0/ruby/internal/attr/deprecated.h:36:53: note: expanded from macro 'RBIMPL_ATTR_DEPRECATED'
   36 | # define RBIMPL_ATTR_DEPRECATED(msg) __attribute__((__deprecated__ msg))
      |                                                     ^
xml_dtd.c:168:3: warning: 'rb_data_object_get_warning' is deprecated: by TypedData [-Wdeprecated-declarations]
  168 |   Data_Get_Struct(self, xmlDtd, dtd);
      |   ^
/opt/homebrew/Cellar/ruby/4.0.3/include/ruby-4.0.0/ruby/internal/core/rdata.h:278:34: note: expanded from macro 'Data_Get_Struct'
  278 |     ((sval) = RBIMPL_CAST((type*)rb_data_object_get(obj)))
      |                                  ^
/opt/homebrew/Cellar/ruby/4.0.3/include/ruby-4.0.0/ruby/internal/core/rdata.h:370:31: note: expanded from macro 'rb_data_object_get'
  370 | #define rb_data_object_get    RUBY_MACRO_SELECT(rb_data_object_get_2, RUBY_UNTYPED_DATA_WARNING)
      |                               ^
/opt/homebrew/Cellar/ruby/4.0.3/include/ruby-4.0.0/ruby/internal/core/rdata.h:50:35: note: expanded from macro 'RUBY_MACRO_SELECT'
   50 | #define RUBY_MACRO_SELECT(x, y)   RBIMPL_MACRO_SELECT(x, y)
      |                                   ^
/opt/homebrew/Cellar/ruby/4.0.3/include/ruby-4.0.0/ruby/internal/core/rdata.h:49:35: note: expanded from macro 'RBIMPL_MACRO_SELECT'
   49 | #define RBIMPL_MACRO_SELECT(x, y) x ## y
      |                                   ^
<scratch space>:182:1: note: expanded from here
  182 | rb_data_object_get_1
      | ^
/opt/homebrew/Cellar/ruby/4.0.3/include/ruby-4.0.0/ruby/internal/core/rdata.h:368:31: note: expanded from macro 'rb_data_object_get_1'
  368 | #define rb_data_object_get_1  rb_data_object_get_warning
      |                               ^
/opt/homebrew/Cellar/ruby/4.0.3/include/ruby-4.0.0/ruby/internal/core/rdata.h:317:1: note: 'rb_data_object_get_warning' has been explicitly marked deprecated here
  317 | RBIMPL_ATTRSET_UNTYPED_DATA_FUNC()
      | ^
/opt/homebrew/Cellar/ruby/4.0.3/include/ruby-4.0.0/ruby/internal/core/rdata.h:47:5: note: expanded from macro 'RBIMPL_ATTRSET_UNTYPED_DATA_FUNC'
   47 |     RBIMPL_ATTR_DEPRECATED(("by TypedData"))
      |     ^
/opt/homebrew/Cellar/ruby/4.0.3/include/ruby-4.0.0/ruby/internal/attr/deprecated.h:36:53: note: expanded from macro 'RBIMPL_ATTR_DEPRECATED'
   36 | # define RBIMPL_ATTR_DEPRECATED(msg) __attribute__((__deprecated__ msg))
      |                                                     ^
xml_dtd.c:185:3: warning: 'rb_data_object_get_warning' is deprecated: by TypedData [-Wdeprecated-declarations]
  185 |   Data_Get_Struct(self, xmlDtd, dtd);
      |   ^
/opt/homebrew/Cellar/ruby/4.0.3/include/ruby-4.0.0/ruby/internal/core/rdata.h:278:34: note: expanded from macro 'Data_Get_Struct'
  278 |     ((sval) = RBIMPL_CAST((type*)rb_data_object_get(obj)))
      |                                  ^
/opt/homebrew/Cellar/ruby/4.0.3/include/ruby-4.0.0/ruby/internal/core/rdata.h:370:31: note: expanded from macro 'rb_data_object_get'
  370 | #define rb_data_compiling xml_node.c
object_get    RUBY_MACRO_SELECT(rb_data_object_get_2, RUBY_UNTYPED_DATA_WARNING)
      |                               ^
/opt/homebrew/Cellar/ruby/4.0.3/include/ruby-4.0.0/ruby/internal/core/rdata.h:50:35: note: expanded from macro 'RUBY_MACRO_SELECT'
   50 | #define RUBY_MACRO_SELECT(x, y)   RBIMPL_MACRO_SELECT(x, y)
      |                                   ^
/opt/homebrew/Cellar/ruby/4.0.3/include/ruby-4.0.0/ruby/internal/core/rdata.h:49:35: note: expanded from macro 'RBIMPL_MACRO_SELECT'
   49 | #define RBIMPL_MACRO_SELECT(x, y) x ## y
      |                                   ^
<scratch space>:183:1: note: expanded from here
  183 | rb_data_object_get_1
      | ^
/opt/homebrew/Cellar/ruby/4.0.3/include/ruby-4.0.0/ruby/internal/core/rdata.h:368:31: note: expanded from macro 'rb_data_object_get_1'
  368 | #define rb_data_object_get_1  rb_data_object_get_warning
      |                               ^
/opt/homebrew/Cellar/ruby/4.0.3/include/ruby-4.0.0/ruby/internal/core/rdata.h:317:1: note: 'rb_data_object_get_warning' has been explicitly marked deprecated here
  317 | RBIMPL_ATTRSET_UNTYPED_DATA_FUNC()
      | ^
/opt/homebrew/Cellar/ruby/4.0.3/include/ruby-4.0.0/ruby/internal/core/rdata.h:47:5: note: expanded from macro 'RBIMPL_ATTRSET_UNTYPED_DATA_FUNC'
   47 |     RBIMPL_ATTR_DEPRECATED(("by TypedData"))
      |     ^
/opt/homebrew/Cellar/ruby/4.0.3/include/ruby-4.0.0/ruby/internal/attr/deprecated.h:36:53: note: expanded from macro 'RBIMPL_ATTR_DEPRECATED'
   36 | # define RBIMPL_ATTR_DEPRECATED(msg) __attribute__((__deprecated__ msg))
      |                                                     ^
xml_element_content.c:15:3: warning: 'rb_data_object_get_warning' is deprecated: by TypedData [-Wdeprecated-declarations]
   15 |   Data_Get_Struct(self, xmlElementContent, elem);
      |   ^
/opt/homebrew/Cellar/ruby/4.0.3/include/ruby-4.0.0/ruby/internal/core/rdata.h:278:34: note: expanded from macro 'Data_Get_Struct'
  278 |     ((sval) = RBIMPL_CAST((type*)rb_data_object_get(obj)))
      |                                  ^
/opt/homebrew/Cellar/ruby/4.0.3/include/ruby-4.0.0/ruby/internal/core/rdata.h:370:31: note: expanded from macro 'rb_data_object_get'
  370 | #define rb_data_object_get    RUBY_MACRO_SELECT(rb_data_object_get_2, RUBY_UNTYPED_DATA_WARNING)
      |                               ^
/opt/homebrew/Cellar/ruby/4.0.3/include/ruby-4.0.0/ruby/internal/core/rdata.h:50:35: note: expanded from macro 'RUBY_MACRO_SELECT'
   50 | #define RUBY_MACRO_SELECT(x, y)   RBIMPL_MACRO_SELECT(x, y)
      |                                   ^
/opt/homebrew/Cellar/ruby/4.0.3/include/ruby-4.0.0/ruby/internal/core/rdata.h:49:35: note: expanded from macro 'RBIMPL_MACRO_SELECT'
   49 | #define RBIMPL_MACRO_SELECT(x, y) x ## y
      |                                   ^
<scratch space>:176:1: note: expanded from here
  176 | rb_data_object_get_1
      | ^
/opt/homebrew/Cellar/ruby/4.0.3/include/ruby-4.0.0/ruby/internal/core/rdata.h:368:31: note: expanded from macro 'rb_data_object_get_1'
  368 | #define rb_data_object_get_1  rb_data_object_get_warning
      |                               ^
/opt/homebrew/Cellar/ruby/4.0.3/include/ruby-4.0.0/ruby/internal/core/rdata.h:317:1: note: 'rb_data_object_get_warning' has been explicitly marked deprecated here
  317 | RBIMPL_ATTRSET_UNTYPED_DATA_FUNC()
      | ^
/opt/homebrew/Cellar/ruby/4.0.3/include/ruby-4.0.0/ruby/internal/core/rdata.h:47:5: note: expanded from macro 'RBIMPL_ATTRSET_UNTYPED_DATA_FUNC'
   47 |     RBIMPL_ATTR_DEPRECATED(("by TypedData"))
      |     ^
/opt/homebrew/Cellar/ruby/4.0.3/include/ruby-4.0.0/ruby/internal/attr/deprecated.h:36:53: note: expanded from macro 'RBIMPL_ATTR_DEPRECATED'
   36 | # define RBIMPL_ATTR_DEPRECATED(msg) __attribute__((__deprecated__ msg))
      |                                                     ^
xml_element_content.c:32:3: warning: 'rb_data_object_get_warning' is deprecated: by TypedData [-Wdeprecated-declarations]
   32 |   Data_Get_Struct(self, xmlElementContent, elem);
      |   ^
/opt/homebrew/Cellar/ruby/4.0.3/include/ruby-4.0.0/ruby/internal/core/rdata.h:278:34: note: expanded from macro 'Data_Get_Struct'
  278 |     ((sval) = RBIMPL_CAST((type*)rb_data_object_get(obj)))
      |                                  ^
/opt/homebrew/Cellar/ruby/4.0.3/include/ruby-4.0.0/ruby/internal/core/rdata.h:370:31: note: expanded from macro 'rb_data_object_get'
  370 | #define rb_data_object_get    RUBY_MACRO_SELECT(rb_data_object_get_2, RUBY_UNTYPED_DATA_WARNING)
      |                               ^
/opt/homebrew/Cellar/ruby/4.0.3/include/ruby-4.0.0/ruby/internal/core/rdata.h:50:35: note: expanded from macro 'RUBY_MACRO_SELECT'
   50 | #define RUBY_MACRO_SELECT(x, y)   RBIMPL_MACRO_SELECT(x, y)
      |                                   ^
/opt/homebrew/Cellar/ruby/4.0.3/include/ruby-4.0.0/ruby/internal/core/rdata.h:49:35: note: expanded from macro 'RBIMPL_MACRO_SELECT'
   49 | #define RBIMPL_MACRO_SELECT(x, y) x ## y
      |                                   ^
<scratch space>:177:1: note: expanded from here
  177 | rb_data_object_get_1
      | ^
/opt/homebrew/Cellar/ruby/4.0.3/include/ruby-4.0.0/ruby/internal/core/rdata.h:368:31: note: expanded from macro 'rb_data_object_get_1'
  368 | #define rb_data_object_get_1  rb_data_object_get_warning
      |                               ^
/opt/homebrew/Cellar/ruby/4.0.3/include/ruby-4.0.0/ruby/internal/core/rdata.h:317:1: note: 'rb_data_object_get_warning' has been explicitly marked deprecated here
  317 | RBIMPL_ATTRSET_UNTYPED_DATA_FUNC()
      | ^
/opt/homebrew/Cellar/ruby/4.0.3/include/ruby-4.0.0/ruby/internal/core/rdata.h:47:5: note: expanded from macro 'RBIMPL_ATTRSET_UNTYPED_DATA_FUNC'
   47 |     RBIMPL_ATTR_DEPRECATED(("by TypedData"))
      |     ^
/opt/homebrew/Cellar/ruby/4.0.3/include/ruby-4.0.0/ruby/internal/attr/deprecated.h:36:53: note: expanded from macro 'RBIMPL_ATTR_DEPRECATED'
   36 | # define RBIMPL_ATTR_DEPRECATED(msg) __attribute__((__deprecated__ msg))
      |                                                     ^
xml_element_content.c:34:18: warning: implicit conversion loses integer precision: 'long' to 'int' [-Wshorten-64-to-32]
   34 |   return INT2NUM((long)elem->type);
      |          ~~~~~~~ ^~~~~~~~~~~~~~~~
xml_element_content.c:47:3: warning: 'rb_data_object_get_warning' is deprecated: by TypedData [-Wdeprecated-declarations]
   47 |   Data_Get_Struct(self, xmlElementContent, elem);
      |   ^
/opt/homebrew/Cellar/ruby/4.0.3/include/ruby-4.0.0/ruby/internal/core/rdata.h:278:34: note: expanded from macro 'Data_Get_Struct'
  278 |     ((sval) = RBIMPL_CAST((type*)rb_data_object_get(obj)))
      |                                  ^
/opt/homebrew/Cellar/ruby/4.0.3/include/ruby-4.0.0/ruby/internal/core/rdata.h:370:31: note: expanded from macro 'rb_data_object_get'
  370 | #define rb_data_object_get    RUBY_MACRO_SELECT(rb_data_object_get_2, RUBY_UNTYPED_DATA_WARNING)
      |                               ^
/opt/homebrew/Cellar/ruby/4.0.3/include/ruby-4.0.0/ruby/internal/core/rdata.h:50:35: note: expanded from macro 'RUBY_MACRO_SELECT'
   50 | #define RUBY_MACRO_SELECT(x, y)   RBIMPL_MACRO_SELECT(x, y)
      |                                   ^
/opt/homebrew/Cellar/ruby/4.0.3/include/ruby-4.0.0/ruby/internal/core/rdata.h:49:35: note: expanded from macro 'RBIMPL_MACRO_SELECT'
   49 | #define RBIMPL_MACRO_SELECT(x, y) x ## y
      |                                   ^
<scratch space>:178:1: note: expanded from here
  178 | rb_data_object_get_1
      | ^
/opt/homebrew/Cellar/ruby/4.0.3/include/ruby-4.0.0/ruby/internal/core/rdata.h:368:31: note: expanded from macro 'rb_data_object_get_1'
  368 | #define rb_data_object_get_1  rb_data_object_get_warning
      |                               ^
/opt/homebrew/Cellar/ruby/4.0.3/include/ruby-4.0.0/ruby/internal/core/rdata.h:317:1: note: 'rb_data_object_get_warning' has been explicitly marked deprecated here
  317 | RBIMPL_ATTRSET_UNTYPED_DATA_FUNC()
      | ^
/opt/homebrew/Cellar/ruby/4.0.3/include/ruby-4.0.0/ruby/internal/core/rdata.h:47:5: note: expanded from macro 'RBIMPL_ATTRSET_UNTYPED_DATA_FUNC'
   47 |     RBIMPL_ATTR_DEPRECATED(("by TypedData"))
      |     ^
/opt/homebrew/Cellar/ruby/4.0.3/include/ruby-4.0.0/ruby/internal/attr/deprecated.h:36:53: note: expanded from macro 'RBIMPL_ATTR_DEPRECATED'
   36 | # define RBIMPL_ATTR_DEPRECATED(msg) __attribute__((__deprecated__ msg))
      |                                                     ^
xml_element_content.c:63:3: warning: 'rb_data_object_get_warning' is deprecated: by TypedData [-Wdeprecated-declarations]
   63 |   Data_Get_Struct(self, xmlElementContent, elem);
      |   ^
/opt/homebrew/Cellar/ruby/4.0.3/include/ruby-4.0.0/ruby/internal/core/rdata.h:278:34: note: expanded from macro 'Data_Get_Struct'
  278 |     ((sval) = RBIMPL_CAST((type*)rb_data_object_get(obj)))
      |                                  ^
/opt/homebrew/Cellar/ruby/4.0.3/include/ruby-4.0.0/ruby/internal/core/rdata.h:370:31: note: expanded from macro 'rb_data_object_get'
  370 | #define rb_data_object_get    RUBY_MACRO_SELECT(rb_data_object_get_2, RUBY_UNTYPED_DATA_WARNING)
      |                               ^
/opt/homebrew/Cellar/ruby/4.0.3/include/ruby-4.0.0/ruby/internal/core/rdata.h:50:35: note: expanded from macro 'RUBY_MACRO_SELECT'
   50 | #define RUBY_MACRO_SELECT(x, y)   RBIMPL_MACRO_SELECT(x, y)
      |                                   ^
/opt/homebrew/Cellar/ruby/4.0.3/include/ruby-4.0.0/ruby/internal/core/rdata.h:49:35: note: expanded from macro 'RBIMPL_MACRO_SELECT'
   49 | #define RBIMPL_MACRO_SELECT(x, y) x ## y
      |                                   ^
<scratch space>:179:1: note: expanded from here
  179 | rb_data_object_get_1
      | ^
/opt/homebrew/Cellar/ruby/4.0.3/include/ruby-4.0.0/ruby/internal/core/rdata.h:368:31: note: expanded from macro 'rb_data_object_get_1'
  368 | #define rb_data_object_get_1  rb_data_object_get_warning
      |                               ^
/opt/homebrew/Cellar/ruby/4.0.3/include/ruby-4.0.0/ruby/internal/core/rdata.h:317:1: note: 'rb_data_object_get_warning' has been explicitly marked deprecated here
  317 | RBIMPL_ATTRSET_UNTYPED_DATA_FUNC()
      | ^
/opt/homebrew/Cellar/ruby/4.0.3/include/ruby-4.0.0/ruby/internal/core/rdata.h:47:5: note: expanded from macro 'RBIMPL_ATTRSET_UNTYPED_DATA_FUNC'
   47 |     RBIMPL_ATTR_DEPRECATED(("by TypedData"))
      |     ^
/opt/homebrew/Cellar/ruby/4.0.3/include/ruby-4.0.0/ruby/internal/attr/deprecated.h:36:53: note: expanded from macro 'RBIMPL_ATTR_DEPRECATED'
   36 | # define RBIMPL_ATTR_DEPRECATED(msg) __attribute__((__deprecated__ msg))
      |                                                     ^
xml_element_content.c:80:3: warning: 'rb_data_object_get_warning' is deprecated: by TypedData [-Wdeprecated-declarations]
   80 |   Data_Get_Struct(self, xmlElementContent, elem);
      |   ^
/opt/homebrew/Cellar/ruby/4.0.3/include/ruby-4.0.0/ruby/internal/core/rdata.h:278:34: note: expanded from macro 'Data_Get_Struct'
  278 |     ((sval) = RBIMPL_CAST((type*)rb_data_object_get(obj)))
      |                                  ^
/opt/homebrew/Cellar/ruby/4.0.3/include/ruby-4.0.0/ruby/internal/core/rdata.h:370:31: note: expanded from macro 'rb_data_object_get'
  370 | #define rb_data_object_get    RUBY_MACRO_SELECT(rb_data_object_get_2, RUBY_UNTYPED_DATA_WARNING)
      |                               ^
/opt/homebrew/Cellar/ruby/4.0.3/include/ruby-4.0.0/ruby/internal/core/rdata.h:50:35: note: expanded from macro 'RUBY_MACRO_SELECT'
   50 | #define RUBY_MACRO_SELECT(x, y)   RBIMPL_MACRO_SELECT(x, y)
      |                                   ^
/opt/homebrew/Cellar/ruby/4.0.3/include/ruby-4.0.0/ruby/internal/core/rdata.h:49:35: note: expanded from macro 'RBIMPL_MACRO_SELECT'
   49 | #define RBIMPL_MACRO_SELECT(x, y) x ## y
      |                                   ^
<scratch space>:180:1: note: expanded from here
  180 | rb_data_object_get_1
      | ^
/opt/homebrew/Cellar/ruby/4.0.3/include/ruby-4.0.0/ruby/internal/core/rdata.h:368:31: note: expanded from macro 'rb_data_object_get_1'
  368 | #define rb_data_object_get_1  rb_data_object_get_warning
      |                               ^
/opt/homebrew/Cellar/ruby/4.0.3/include/ruby-4.0.0/ruby/internal/core/rdata.h:317:1: note: 'rb_data_object_get_warning' has been explicitly marked deprecated here
  317 | RBIMPL_ATTRSET_UNTYPED_DATA_FUNC()
      | ^
/opt/homebrew/Cellar/ruby/4.0.3/include/ruby-4.0.0/ruby/internal/core/rdata.h:47:5: note: expanded from macro 'RBIMPL_ATTRSET_UNTYPED_DATA_FUNC'
   47 |     RBIMPL_ATTR_DEPRECATED(("by TypedData"))
      |     ^
/opt/homebrew/Cellar/ruby/4.0.3/include/ruby-4.0.0/ruby/internal/attr/deprecated.h:36:53: note: expanded from macro 'RBIMPL_ATTR_DEPRECATED'
   36 | # define RBIMPL_ATTR_DEPRECATED(msg) __attribute__((__deprecated__ msg))
      |                                                     ^
xml_element_content.c:82:18: warning: implicit conversion loses integer precision: 'long' to 'int' [-Wshorten-64-to-32]
   82 |   return INT2NUM((long)elem->ocur);
      |          ~~~~~~~ ^~~~~~~~~~~~~~~~
xml_element_content.c:95:3: warning: 'rb_data_object_get_warning' is deprecated: by TypedData [-Wdeprecated-declarations]
   95 |   Data_Get_Struct(self, xmlElementContent, elem);
      |   ^
/opt/homebrew/Cellar/ruby/4.0.3/include/ruby-4.0.0/ruby/internal/core/rdata.h:278:34: note: expanded from macro 'Data_Get_Struct'
  278 |     ((sval) = RBIMPL_CAST((type*)rb_data_object_get(obj)))
      |                                  ^
/opt/homebrew/Cellar/ruby/4.0.3/include/ruby-4.0.0/ruby/internal/core/rdata.h:370:31: note: expanded from macro 'rb_data_object_get'
  370 | #define rb_data_object_get    RUBY_MACRO_SELECT(rb_data_object_get_2, RUBY_UNTYPED_DATA_WARNING)
      |                               ^
/opt/homebrew/Cellar/ruby/4.0.3/include/ruby-4.0.0/ruby/internal/core/rdata.h:50:35: note: expanded from macro 'RUBY_MACRO_SELECT'
   50 | #define RUBY_MACRO_SELECT(x, y)   RBIMPL_MACRO_SELECT(x, y)
      |                                   ^
/opt/homebrew/Cellar/ruby/4.0.3/include/ruby-4.0.0/ruby/internal/core/rdata.h:49:35: note: expanded from macro 'RBIMPL_MACRO_SELECT'
   49 | #define RBIMPL_MACRO_SELECT(x, y) x ## y
      |                                   ^
<scratch space>:181:1: note: expanded from here
  181 | rb_data_object_get_1
      | ^
/opt/homebrew/Cellar/ruby/4.0.3/include/ruby-4.0.0/ruby/internal/core/rdata.h:368:31: note: expanded from macro 'rb_data_object_get_1'
  368 | #define rb_data_object_get_1  rb_data_object_get_warning
      |                               ^
/opt/homebrew/Cellar/ruby/4.0.3/include/ruby-4.0.0/ruby/internal/core/rdata.h:317:1: note: 'rb_data_object_get_warning' has been explicitly marked deprecated here
  317 | RBIMPL_ATTRSET_UNTYPED_DATA_FUNC()
      | ^
/opt/homebrew/Cellar/ruby/4.0.3/include/ruby-4.0.0/ruby/internal/core/rdata.h:47:5: note: expanded from macro 'RBIMPL_ATTRSET_UNTYPED_DATA_FUNC'
   47 |     RBIMPL_ATTR_DEPRECATED(("by TypedData"))
      |     ^
/opt/homebrew/Cellar/ruby/4.0.3/include/ruby-4.0.0/ruby/internal/attr/deprecated.h:36:53: note: expanded from macro 'RBIMPL_ATTR_DEPRECATED'
   36 | # define RBIMPL_ATTR_DEPRECATED(msg) __attribute__((__deprecated__ msg))
      |                                                     ^
xml_element_content.c:105:16: warning: 'rb_data_object_wrap_warning' is deprecated: by TypedData [-Wdeprecated-declarations]
  105 |   VALUE elem = Data_Wrap_Struct(cNokogiriXmlElementContent, 0, 0, element);
      |                ^
/opt/homebrew/Cellar/ruby/4.0.3/include/ruby-4.0.0/ruby/internal/core/rdata.h:202:5: note: expanded from macro 'Data_Wrap_Struct'
  202 |     rb_data_object_wrap(                          \
      |     ^
/opt/homebrew/Cellar/ruby/4.0.3/include/ruby-4.0.0/ruby/internal/core/rdata.h:366:31: note: expanded from macro 'rb_data_object_wrap'
  366 | #define rb_data_object_wrap   RUBY_MACRO_SELECT(rb_data_object_wrap_2, RUBY_UNTYPED_DATA_WARNING)
      |                               ^
/opt/homebrew/Cellar/ruby/4.0.3/include/ruby-4.0.0/ruby/internal/core/rdata.h:50:35: note: expanded from macro 'RUBY_MACRO_SELECT'
   50 | #define RUBY_MACRO_SELECT(x, y)   RBIMPL_MACRO_SELECT(x, y)
      |                                   ^
/opt/homebrew/Cellar/ruby/4.0.3/include/ruby-4.0.0/ruby/internal/core/rdata.h:49:35: note: expanded from macro 'RBIMPL_MACRO_SELECT'
   49 | #define RBIMPL_MACRO_SELECT(x, y) x ## y
      |                                   ^
<scratch space>:182:1: note: expanded from here
  182 | rb_data_object_wrap_1
      | ^
/opt/homebrew/Cellar/ruby/4.0.3/include/ruby-4.0.0/ruby/internal/core/rdata.h:364:31: note: expanded from macro 'rb_data_object_wrap_1'
  364 | #define rb_data_object_wrap_1 rb_data_object_wrap_warning
      |                               ^
/opt/homebrew/Cellar/ruby/4.0.3/include/ruby-4.0.0/ruby/internal/core/rdata.h:280:1: note: 'rb_data_object_wrap_warning' has been explicitly marked deprecated here
  280 | RBIMPL_ATTRSET_UNTYPED_DATA_FUNC()
      | ^
/opt/homebrew/Cellar/ruby/4.0.3/include/ruby-4.0.0/ruby/internal/core/rdata.h:47:5: note: expanded from macro 'RBIMPL_ATTRSET_UNTYPED_DATA_FUNC'
   47 |     RBIMPL_ATTR_DEPRECATED(("by TypedData"))
      |     ^
/opt/homebrew/Cellar/ruby/4.0.3/include/ruby-4.0.0/ruby/internal/attr/deprecated.h:36:53: note: expanded from macro 'RBIMPL_ATTR_DEPRECATED'
   36 | # define RBIMPL_ATTR_DEPRECATED(msg) __attribute__((__deprecated__ msg))
      |                                                     ^
xml_element_decl.c:17:3: warning: 'rb_data_object_get_warning' is deprecated: by TypedData [-Wdeprecated-declarations]
   17 |   Data_Get_Struct(self, xmlElement, node);
      |   ^
/opt/homebrew/Cellar/ruby/4.0.3/include/ruby-4.0.0/ruby/internal/core/rdata.h:278:34: note: expanded from macro 'Data_Get_Struct'
  278 |     ((sval) = RBIMPL_CAST((type*)rb_data_object_get(obj)))
      |                                  ^
/opt/homebrew/Cellar/ruby/4.0.3/include/ruby-4.0.0/ruby/internal/core/rdata.h:370:31: note: expanded from macro 'rb_data_object_get'
  370 | #define rb_data_object_get    RUBY_MACRO_SELECT(rb_data_object_get_2, RUBY_UNTYPED_DATA_WARNING)
      |                               ^
/opt/homebrew/Cellar/ruby/4.0.3/include/ruby-4.0.0/ruby/internal/core/rdata.h:50:35: note: expanded from macro 'RUBY_MACRO_SELECT'
   50 | #define RUBY_MACRO_SELECT(x, y)   RBIMPL_MACRO_SELECT(x, y)
      |                                   ^
/opt/homebrew/Cellar/ruby/4.0.3/include/ruby-4.0.0/ruby/internal/core/rdata.h:49:35: note: expanded from macro 'RBIMPL_MACRO_SELECT'
   49 | #define RBIMPL_MACRO_SELECT(x, y) x ## y
      |                                   ^
<scratch space>:176:1: note: expanded from here
  176 | rb_data_object_get_1
      | ^
/opt/homebrew/Cellar/ruby/4.0.3/include/ruby-4.0.0/ruby/internal/core/rdata.h:368:31: note: expanded from macro 'rb_data_object_get_1'
  368 | #define rb_data_object_get_1  rb_data_object_get_warning
      |                               ^
/opt/homebrew/Cellar/ruby/4.0.3/include/ruby-4.0.0/ruby/internal/core/rdata.h:317:1: note: 'rb_data_object_get_warning' has been explicitly marked deprecated here
  317 | RBIMPL_ATTRSET_UNTYPED_DATA_FUNC()
      | ^
/opt/homebrew/Cellar/ruby/4.0.3/include/ruby-4.0.0/ruby/internal/core/rdata.h:47:5: note: expanded from macro 'RBIMPL_ATTRSET_UNTYPED_DATA_FUNC'
   47 |     RBIMPL_ATTR_DEPRECATED(("by TypedData"))
      |     ^
/opt/homebrew/Cellar/ruby/4.0.3/include/ruby-4.0.0/ruby/internal/attr/deprecated.h:36:53: note: expanded from macro 'RBIMPL_ATTR_DEPRECATED'
   36 | # define RBIMPL_ATTR_DEPRECATED(msg) __attribute__((__deprecated__ msg))
      |                                                     ^
xml_element_decl.c:18:18: warning: implicit conversion loses integer precision: 'long' to 'int' [-Wshorten-64-to-32]
   18 |   return INT2NUM((long)node->etype);
      |          ~~~~~~~ ^~~~~~~~~~~~~~~~~
xml_element_decl.c:31:3: warning: 'rb_data_object_get_warning' is deprecated: by TypedData [-Wdeprecated-declarations]
   31 |   Data_Get_Struct(self, xmlElement, node);
      |   ^
/opt/homebrew/Cellar/ruby/4.0.3/include/ruby-4.0.0/ruby/internal/core/rdata.h:278:34: note: expanded from macro 'Data_Get_Struct'
  278 |     ((sval) = RBIMPL_CAST((type*)rb_data_object_get(obj)))
      |                                  ^
/opt/homebrew/Cellar/ruby/4.0.3/include/ruby-4.0.0/ruby/internal/core/rdata.h:370:31: note: expanded from macro 'rb_data_object_get'
  370 | #define rb_data_object_get    RUBY_MACRO_SELECT(rb_data_object_get_2, RUBY_UNTYPED_DATA_WARNING)
      |                               ^
/opt/homebrew/Cellar/ruby/4.0.3/include/ruby-4.0.0/ruby/internal/core/rdata.h:50:35: note: expanded from macro 'RUBY_MACRO_SELECT'
   50 | #define RUBY_MACRO_SELECT(x, y)   RBIMPL_MACRO_SELECT(x, y)
      |                                   ^
/opt/homebrew/Cellar/ruby/4.0.3/include/ruby-4.0.0/ruby/internal/core/rdata.h:49:35: note: expanded from macro 'RBIMPL_MACRO_SELECT'
   49 | #define RBIMPL_MACRO_SELECT(x, y) x ## y
      |                                   ^
<scratch space>:177:1: note: expanded from here
  177 | rb_data_object_get_1
      | ^
/opt/homebrew/Cellar/ruby/4.0.3/include/ruby-4.0.0/ruby/internal/core/rdata.h:368:31: note: expanded from macro 'rb_data_object_get_1'
  368 | #define rb_data_object_get_1  rb_data_object_get_warning
      |                               ^
/opt/homebrew/Cellar/ruby/4.0.3/include/ruby-4.0.0/ruby/internal/core/rdata.h:317:1: note: 'rb_data_object_get_warning' has been explicitly marked deprecated here
  317 | RBIMPL_ATTRSET_UNTYPED_DATA_FUNC()
      | ^
/opt/homebrew/Cellar/ruby/4.0.3/include/ruby-4.0.0/ruby/internal/core/rdata.h:47:5: note: expanded from macro 'RBIMPL_ATTRSET_UNTYPED_DATA_FUNC'
   47 |     RBIMPL_ATTR_DEPRECATED(("by TypedData"))
      |     ^
/opt/homebrew/Cellar/ruby/4.0.3/include/ruby-4.0.0/ruby/internal/attr/deprecated.h:36:53: note: expanded from macro 'RBIMPL_ATTR_DEPRECATED'
   36 | # define RBIMPL_ATTR_DEPRECATED(msg) __attribute__((__deprecated__ msg))
      |                                                     ^
xml_element_decl.c:51:3: warning: 'rb_data_object_get_warning' is deprecated: by TypedData [-Wdeprecated-declarations]
   51 |   Data_Get_Struct(self, xmlElement, node);
      |   ^
/opt/homebrew/Cellar/ruby/4.0.3/include/ruby-4.0.0/ruby/internal/core/rdata.h:278:34: note: expanded from macro 'Data_Get_Struct'
  278 |     ((sval) = RBIMPL_CAST((type*)rb_data_object_get(obj)))
      |                                  ^
/opt/homebrew/Cellar/ruby/4.0.3/include/ruby-4.0.0/ruby/internal/core/rdata.h:370:31: note: expanded from macro 'rb_data_object_get'
  370 | #define rb_data_object_get    RUBY_MACRO_SELECT(rb_data_object_get_2, RUBY_UNTYPED_DATA_WARNING)
      |                               ^
/opt/homebrew/Cellar/ruby/4.0.3/include/ruby-4.0.0/ruby/internal/core/rdata.h:50:35: note: expanded from macro 'RUBY_MACRO_SELECT'
   50 | #define RUBY_MACRO_SELECT(x, y)   RBIMPL_MACRO_SELECT(x, y)
      |                                   ^
/opt/homebrew/Cellar/ruby/4.0.3/include/ruby-4.0.0/ruby/internal/core/rdata.h:49:35: note: expanded from macro 'RBIMPL_MACRO_SELECT'
   49 | #define RBIMPL_MACRO_SELECT(x, y) x ## y
      |                                   ^
<scratch space>:178:1: note: expanded from here
  178 | rb_data_object_get_1
      | ^
/opt/homebrew/Cellar/ruby/4.0.3/include/ruby-4.0.0/ruby/internal/core/rdata.h:368:31: note: expanded from macro 'rb_data_object_get_1'
  368 | #define rb_data_object_get_1  rb_data_object_get_warning
      |                               ^
/opt/homebrew/Cellar/ruby/4.0.3/include/ruby-4.0.0/ruby/internal/core/rdata.h:317:1: note: 'rb_data_object_get_warning' has been explicitly marked deprecated here
  317 | RBIMPL_ATTRSET_UNTYPED_DATA_FUNC()
      | ^
/opt/homebrew/Cellar/ruby/4.0.3/include/ruby-4.0.0/ruby/internal/core/rdata.h:47:5: note: expanded from macro 'RBIMPL_ATTRSET_UNTYPED_DATA_FUNC'
   47 |     RBIMPL_ATTR_DEPRECATED(("by TypedData"))
      |     ^
/opt/homebrew/Cellar/ruby/4.0.3/include/ruby-4.0.0/ruby/internal/attr/deprecated.h:36:53: note: expanded from macro 'RBIMPL_ATTR_DEPRECATED'
   36 | # define RBIMPL_ATTR_DEPRECATED(msg) __attribute__((__deprecated__ msg))
      |                                                     ^
8 warnings generated.
9 warnings generated.
4 warnings generated.
compiling xml_node_set.c
compiling xml_processing_instruction.c
compiling xml_reader.c
12 warnings generated.
xml_encoding_handler.c:26:12: warning: 'rb_data_object_wrap_warning' is deprecated: by TypedData [-Wdeprecated-declarations]
   26 |     return Data_Wrap_Struct(klass, NULL, _xml_encoding_handler_dealloc, handler);
      |            ^
/opt/homebrew/Cellar/ruby/4.0.3/include/ruby-4.0.0/ruby/internal/core/rdata.h:202:5: note: expanded from macro 'Data_Wrap_Struct'
  202 |     rb_data_object_wrap(                          \
      |     ^
/opt/homebrew/Cellar/ruby/4.0.3/include/ruby-4.0.0/ruby/internal/core/rdata.h:366:31: note: expanded from macro 'rb_data_object_wrap'
  366 | #define rb_data_object_wrap   RUBY_MACRO_SELECT(rb_data_object_wrap_2, RUBY_UNTYPED_DATA_WARNING)
      |                               ^
/opt/homebrew/Cellar/ruby/4.0.3/include/ruby-4.0.0/ruby/internal/core/rdata.h:50:35: note: expanded from macro 'RUBY_MACRO_SELECT'
   50 | #define RUBY_MACRO_SELECT(x, y)   RBIMPL_MACRO_SELECT(x, y)
      |                                   ^
/opt/homebrew/Cellar/ruby/4.0.3/include/ruby-4.0.0/ruby/internal/core/rdata.h:49:35: note: expanded from macro 'RBIMPL_MACRO_SELECT'
   49 | #define RBIMPL_MACRO_SELECT(x, y) x ## y
      |                                   ^
<scratch space>:176:1: note: expanded from here
  176 | rb_data_object_wrap_1
      | ^
/opt/homebrew/Cellar/ruby/4.0.3/include/ruby-4.0.0/ruby/internal/core/rdata.h:364:31: note: expanded from macro 'rb_data_object_wrap_1'
  364 | #define rb_data_object_wrap_1 rb_data_object_wrap_warning
      |                               ^
/opt/homebrew/Cellar/ruby/4.0.3/include/ruby-4.0.0/ruby/internal/core/rdata.h:280:1: note: 'rb_data_object_wrap_warning' has been explicitly marked deprecated here
  280 | RBIMPL_ATTRSET_UNTYPED_DATA_FUNC()
      | ^
/opt/homebrew/Cellar/ruby/4.0.3/include/ruby-4.0.0/ruby/internal/core/rdata.h:47:5: note: expanded from macro 'RBIMPL_ATTRSET_UNTYPED_DATA_FUNC'
   47 |     RBIMPL_ATTR_DEPRECATED(("by TypedData"))
      |     ^
/opt/homebrew/Cellar/ruby/4.0.3/include/ruby-4.0.0/ruby/internal/attr/deprecated.h:36:53: note: expanded from macro 'RBIMPL_ATTR_DEPRECATED'
   36 | # define RBIMPL_ATTR_DEPRECATED(msg) __attribute__((__deprecated__ msg))
      |                                                     ^
xml_encoding_handler.c:85:3: warning: 'rb_data_object_get_warning' is deprecated: by TypedData [-Wdeprecated-declarations]
   85 |   Data_Get_Struct(self, xmlCharEncodingHandler, handler);
      |   ^
/opt/homebrew/Cellar/ruby/4.0.3/include/ruby-4.0.0/ruby/internal/core/rdata.h:278:34: note: expanded from macro 'Data_Get_Struct'
  278 |     ((sval) = RBIMPL_CAST((type*)rb_data_object_get(obj)))
      |                                  ^
/opt/homebrew/Cellar/ruby/4.0.3/include/ruby-4.0.0/ruby/internal/core/rdata.h:370:31: note: expanded from macro 'rb_data_object_get'
  370 | #define rb_data_object_get    RUBY_MACRO_SELECT(rb_data_object_get_2, RUBY_UNTYPED_DATA_WARNING)
      |                               ^
/opt/homebrew/Cellar/ruby/4.0.3/include/ruby-4.0.0/ruby/internal/core/rdata.h:50:35: note: expanded from macro 'RUBY_MACRO_SELECT'
   50 | #define RUBY_MACRO_SELECT(x, y)   RBIMPL_MACRO_SELECT(x, y)
      |                                   ^
/opt/homebrew/Cellar/ruby/4.0.3/include/ruby-4.0.0/ruby/internal/core/rdata.h:49:35: note: expanded from macro 'RBIMPL_MACRO_SELECT'
   49 | #define RBIMPL_MACRO_SELECT(x, y) x ## y
      |                                   ^
<scratch space>:177:1: note: expanded from here
  177 | rb_data_object_get_1
      | ^
/opt/homebrew/Cellar/ruby/4.0.3/include/ruby-4.0.0/ruby/internal/core/rdata.h:368:31: note: expanded from macro 'rb_data_object_get_1'
  368 | #define rb_data_object_get_1  rb_data_object_get_warning
      |                               ^
/opt/homebrew/Cellar/ruby/4.0.3/include/ruby-4.0.0/ruby/internal/core/rdata.h:317:1: note: 'rb_data_object_get_warning' has been explicitly marked deprecated here
  317 | RBIMPL_ATTRSET_UNTYPED_DATA_FUNC()
      | ^
/opt/homebrew/Cellar/ruby/4.0.3/include/ruby-4.0.0/ruby/internal/core/rdata.h:47:5: note: expanded from macro 'RBIMPL_ATTRSET_UNTYPED_DATA_FUNC'
   47 |     RBIMPL_ATTR_DEPRECATED(("by TypedData"))
      |     ^
/opt/homebrew/Cellar/ruby/4.0.3/include/ruby-4.0.0/ruby/internal/attr/deprecated.h:36:53: note: expanded from macro 'RBIMPL_ATTR_DEPRECATED'
   36 | # define RBIMPL_ATTR_DEPRECATED(msg) __attribute__((__deprecated__ msg))
      |                                                     ^
compiling xml_relax_ng.c
2 warnings generated.
xml_entity_decl.c:15:3: warning: 'rb_data_object_get_warning' is deprecated: by TypedData [-Wdeprecated-declarations]
   15 |   Data_Get_Struct(self, xmlEntity, node);
      |   ^
/opt/homebrew/Cellar/ruby/4.0.3/include/ruby-4.0.0/ruby/internal/core/rdata.h:278:34: note: expanded from macro 'Data_Get_Struct'
  278 |     ((sval) = RBIMPL_CAST((type*)rb_data_object_get(obj)))
      |                                  ^
/opt/homebrew/Cellar/ruby/4.0.3/include/ruby-4.0.0/ruby/internal/core/rdata.h:370:31: note: expanded from macro 'rb_data_object_get'
  370 | #define rb_data_object_get    RUBY_MACRO_SELECT(rb_data_object_get_2, RUBY_UNTYPED_DATA_WARNING)
      |                               ^
/opt/homebrew/Cellar/ruby/4.0.3/include/ruby-4.0.0/ruby/internal/core/rdata.h:50:35: note: expanded from macro 'RUBY_MACRO_SELECT'
   50 | #define RUBY_MACRO_SELECT(x, y)   RBIMPL_MACRO_SELECT(x, y)
      |                                   ^
/opt/homebrew/Cellar/ruby/4.0.3/include/ruby-4.0.0/ruby/internal/core/rdata.h:49:35: note: expanded from macro 'RBIMPL_MACRO_SELECT'
   49 | #define RBIMPL_MACRO_SELECT(x, y) x ## y
      |                                   ^
<scratch space>:176:1: note: expanded from here
  176 | rb_data_object_get_1
      | ^
/opt/homebrew/Cellar/ruby/4.0.3/include/ruby-4.0.0/ruby/internal/core/rdata.h:368:31: note: expanded from macro 'rb_data_object_get_1'
  368 | #define rb_data_object_get_1  rb_data_object_get_warning
      |                               ^
/opt/homebrew/Cellar/ruby/4.0.3/include/ruby-4.0.0/ruby/internal/core/rdata.h:317:1: note: 'rb_data_object_get_warning' has been explicitly marked deprecated here
  317 | RBIMPL_ATTRSET_UNTYPED_DATA_FUNC()
      | ^
/opt/homebrew/Cellar/ruby/4.0.3/include/ruby-4.0.0/ruby/internal/core/rdata.h:47:5: note: expanded from macro 'RBIMPL_ATTRSET_UNTYPED_DATA_FUNC'
   47 |     RBIMPL_ATTR_DEPRECATED(("by TypedData"))
      |     ^
/opt/homebrew/Cellar/ruby/4.0.3/include/ruby-4.0.0/ruby/internal/attr/deprecated.h:36:53: note: expanded from macro 'RBIMPL_ATTR_DEPRECATED'
   36 | # define RBIMPL_ATTR_DEPRECATED(msg) __attribute__((__deprecated__ msg))
      |                                                     ^
xml_entity_decl.c:32:3: warning: 'rb_data_object_get_warning' is deprecated: by TypedData [-Wdeprecated-declarations]
   32 |   Data_Get_Struct(self, xmlEntity, node);
      |   ^
/opt/homebrew/Cellar/ruby/4.0.3/include/ruby-4.0.0/ruby/internal/core/rdata.h:278:34: note: expanded from macro 'Data_Get_Struct'
  278 |     ((sval) = RBIMPL_CAST((type*)rb_data_object_get(obj)))
      |                                  ^
/opt/homebrew/Cellar/ruby/4.0.3/include/ruby-4.0.0/ruby/internal/core/rdata.h:370:31: note: expanded from macro 'rb_data_object_get'
  370 | #define rb_data_object_get    RUBY_MACRO_SELECT(rb_data_object_get_2, RUBY_UNTYPED_DATA_WARNING)
      |                               ^
/opt/homebrew/Cellar/ruby/4.0.3/include/ruby-4.0.0/ruby/internal/core/rdata.h:50:35: note: expanded from macro 'RUBY_MACRO_SELECT'
   50 | #define RUBY_MACRO_SELECT(x, y)   RBIMPL_MACRO_SELECT(x, y)
      |                                   ^
/opt/homebrew/Cellar/ruby/4.0.3/include/ruby-4.0.0/ruby/internal/core/rdata.h:49:35: note: expanded from macro 'RBIMPL_MACRO_SELECT'
   49 | #define RBIMPL_MACRO_SELECT(x, y) x ## y
      |                                   ^
<scratch space>:177:1: note: expanded from here
  177 | rb_data_object_get_1
      | ^
/opt/homebrew/Cellar/ruby/4.0.3/include/ruby-4.0.0/ruby/internal/core/rdata.h:368:31: note: expanded from macro 'rb_data_object_get_1'
  368 | #define rb_data_object_get_1  rb_data_object_get_warning
      |                               ^
/opt/homebrew/Cellar/ruby/4.0.3/include/ruby-4.0.0/ruby/internal/core/rdata.h:317:1: note: 'rb_data_object_get_warning' has been explicitly marked deprecated here
  317 | RBIMPL_ATTRSET_UNTYPED_DATA_FUNC()
      | ^
/opt/homebrew/Cellar/ruby/4.0.3/include/ruby-4.0.0/ruby/internal/core/rdata.h:47:5: note: expanded from macro 'RBIMPL_ATTRSET_UNTYPED_DATA_FUNC'
   47 |     RBIMPL_ATTR_DEPRECATED(("by TypedData"))
      |     ^
/opt/homebrew/Cellar/ruby/4.0.3/include/ruby-4.0.0/ruby/internal/attr/deprecated.h:36:53: note: expanded from macro 'RBIMPL_ATTR_DEPRECATED'
   36 | # define RBIMPL_ATTR_DEPRECATED(msg) __attribute__((__deprecated__ msg))
      |                                                     ^
xml_entity_decl.c:49:3: warning: 'rb_data_object_get_warning' is deprecated: by TypedData [-Wdeprecated-declarations]
   49 |   Data_Get_Struct(self, xmlEntity, node);
      |   ^
/opt/homebrew/Cellar/ruby/4.0.3/include/ruby-4.0.0/ruby/internal/core/rdata.h:278:34: note: expanded from macro 'Data_Get_Struct'
  278 |     ((sval) = RBIMPL_CAST((type*)rb_data_object_get(obj)))
      |                                  ^
/opt/homebrew/Cellar/ruby/4.0.3/include/ruby-4.0.0/ruby/internal/core/rdata.h:370:31: note: expanded from macro 'rb_data_object_get'
  370 | #define rb_data_object_get    RUBY_MACRO_SELECT(rb_data_object_get_2, RUBY_UNTYPED_DATA_WARNING)
      |                               ^
/opt/homebrew/Cellar/ruby/4.0.3/include/ruby-4.0.0/ruby/internal/core/rdata.h:50:35: note: expanded from macro 'RUBY_MACRO_SELECT'
   50 | #define RUBY_MACRO_SELECT(x, y)   RBIMPL_MACRO_SELECT(x, y)
      |                                   ^
/opt/homebrew/Cellar/ruby/4.0.3/include/ruby-4.0.0/ruby/internal/core/rdata.h:49:35: note: expanded from macro 'RBIMPL_MACRO_SELECT'
   49 | #define RBIMPL_MACRO_SELECT(x, y) x ## y
      |                                   ^
<scratch space>:178:1: note: expanded from here
  178 | rb_data_object_get_1
      | ^
/opt/homebrew/Cellar/ruby/4.0.3/include/ruby-4.0.0/ruby/internal/core/rdata.h:368:31: note: expanded from macro 'rb_data_object_get_1'
  368 | #define rb_data_object_get_1  rb_data_object_get_warning
      |                               ^
/opt/homebrew/Cellar/ruby/4.0.3/include/ruby-4.0.0/ruby/internal/core/rdata.h:317:1: note: 'rb_data_object_get_warning' has been explicitly marked deprecated here
  317 | RBIMPL_ATTRSET_UNTYPED_DATA_FUNC()
      | ^
/opt/homebrew/Cellar/ruby/4.0.3/include/ruby-4.0.0/ruby/internal/core/rdata.h:47:5: note: expanded from macro 'RBIMPL_ATTRSET_UNTYPED_DATA_FUNC'
   47 |     RBIMPL_ATTR_DEPRECATED(("by TypedData"))
      |     ^
/opt/homebrew/Cellar/ruby/4.0.3/include/ruby-4.0.0/ruby/internal/attr/deprecated.h:36:53: note: expanded from macro 'RBIMPL_ATTR_DEPRECATED'
   36 | # define RBIMPL_ATTR_DEPRECATED(msg) __attribute__((__deprecated__ msg))
      |                                                     ^
xml_entity_decl.c:64:3: warning: 'rb_data_object_get_warning' is deprecated: by TypedData [-Wdeprecated-declarations]
   64 |   Data_Get_Struct(self, xmlEntity, node);
      |   ^
/opt/homebrew/Cellar/ruby/4.0.3/include/ruby-4.0.0/ruby/internal/core/rdata.h:278:34: note: expanded from macro 'Data_Get_Struct'
  278 |     ((sval) = RBIMPL_CAST((type*)rb_data_object_get(obj)))
      |                                  ^
/opt/homebrew/Cellar/ruby/4.0.3/include/ruby-4.0.0/ruby/internal/core/rdata.h:370:31: note: expanded from macro 'rb_data_object_get'
  370 | #define rb_data_object_get    RUBY_MACRO_SELECT(rb_data_object_get_2, RUBY_UNTYPED_DATA_WARNING)
      |                               ^
/opt/homebrew/Cellar/ruby/4.0.3/include/ruby-4.0.0/ruby/internal/core/rdata.h:50:35: note: expanded from macro 'RUBY_MACRO_SELECT'
   50 | #define RUBY_MACRO_SELECT(x, y)   RBIMPL_MACRO_SELECT(x, y)
      |                                   ^
/opt/homebrew/Cellar/ruby/4.0.3/include/ruby-4.0.0/ruby/internal/core/rdata.h:49:35: note: expanded from macro 'RBIMPL_MACRO_SELECT'
   49 | #define RBIMPL_MACRO_SELECT(x, y) x ## y
      |                                   ^
<scratch space>:179:1: note: expanded from here
  179 | rb_data_object_get_1
      | ^
/opt/homebrew/Cellar/ruby/4.0.3/include/ruby-4.0.0/ruby/internal/core/rdata.h:368:31: note: expanded from macro 'rb_data_object_get_1'
  368 | #define rb_data_object_get_1  rb_data_object_get_warning
      |                               ^
/opt/homebrew/Cellar/ruby/4.0.3/include/ruby-4.0.0/ruby/internal/core/rdata.h:317:1: note: 'rb_data_object_get_warning' has been explicitly marked deprecated here
  317 | RBIMPL_ATTRSET_UNTYPED_DATA_FUNC()
      | ^
/opt/homebrew/Cellar/ruby/4.0.3/include/ruby-4.0.0/ruby/internal/core/rdata.h:47:5: note: expanded from macro 'RBIMPL_ATTRSET_UNTYPED_DATA_FUNC'
   47 |     RBIMPL_ATTR_DEPRECATED(("by TypedData"))
      |     ^
/opt/homebrew/Cellar/ruby/4.0.3/include/ruby-4.0.0/ruby/internal/attr/deprecated.h:36:53: note: expanded from macro 'RBIMPL_ATTR_DEPRECATED'
   36 | # define RBIMPL_ATTR_DEPRECATED(msg) __attribute__((__deprecated__ msg))
      |                                                     ^
xml_entity_decl.c:81:3: warning: 'rb_data_object_get_warning' is deprecated: by TypedData [-Wdeprecated-declarations]
   81 |   Data_Get_Struct(self, xmlEntity, node);
      |   ^
/opt/homebrew/Cellar/ruby/4.0.3/include/ruby-4.0.0/ruby/internal/core/rdata.h:278:34: note: expanded from macro 'Data_Get_Struct'
  278 |     ((sval) = RBIMPL_CAST((type*)rb_data_object_get(obj)))
      |                                  ^
/opt/homebrew/Cellar/ruby/4.0.3/include/ruby-4.0.0/ruby/internal/core/rdata.h:370:31: note: expanded from macro 'rb_data_object_get'
  370 | #define rb_data_object_get    RUBY_MACRO_SELECT(rb_data_object_get_2, RUBY_UNTYPED_DATA_WARNING)
      |                               ^
/opt/homebrew/Cellar/ruby/4.0.3/include/ruby-4.0.0/ruby/internal/core/rdata.h:50:35: note: expanded from macro 'RUBY_MACRO_SELECT'
   50 | #define RUBY_MACRO_SELECT(x, y)   RBIMPL_MACRO_SELECT(x, y)
      |                                   ^
/opt/homebrew/Cellar/ruby/4.0.3/include/ruby-4.0.0/ruby/internal/core/rdata.h:49:35: note: expanded from macro 'RBIMPL_MACRO_SELECT'
   49 | #define RBIMPL_MACRO_SELECT(x, y) x ## y
      |                                   ^
<scratch space>:180:1: note: expanded from here
  180 | rb_data_object_get_1
      | ^
/opt/homebrew/Cellar/ruby/4.0.3/include/ruby-4.0.0/ruby/internal/core/rdata.h:368:31: note: expanded from macro 'rb_data_object_get_1'
  368 | #define rb_data_object_get_1  rb_data_object_get_warning
      |                               ^
/opt/homebrew/Cellar/ruby/4.0.3/include/ruby-4.0.0/ruby/internal/core/rdata.h:317:1: note: 'rb_data_object_get_warning' has been explicitly marked deprecated here
  317 | RBIMPL_ATTRSET_UNTYPED_DATA_FUNC()
      | ^
/opt/homebrew/Cellar/ruby/4.0.3/include/ruby-4.0.0/ruby/internal/core/rdata.h:47:5: note: expanded from macro 'RBIMPL_ATTRSET_UNTYPED_DATA_FUNC'
   47 |     RBIMPL_ATTR_DEPRECATED(("by TypedData"))
      |     ^
/opt/homebrew/Cellar/ruby/4.0.3/include/ruby-4.0.0/ruby/internal/attr/deprecated.h:36:53: note: expanded from macro 'RBIMPL_ATTR_DEPRECATED'
   36 | # define RBIMPL_ATTR_DEPRECATED(msg) __attribute__((__deprecated__ msg))
      |                                                     ^
xml_namespace.c:57:3: warning: 'rb_data_object_get_warning' is deprecated: by TypedData [-Wdeprecated-declarations]
   57 |   Data_Get_Struct(self, xmlNs, ns);
      |   ^
/opt/homebrew/Cellar/ruby/4.0.3/include/ruby-4.0.0/ruby/internal/core/rdata.h:278:34: note: expanded from macro 'Data_Get_Struct'
  278 |     ((sval) = RBIMPL_CAST((type*)rb_data_object_get(obj)))
      |                                  ^
/opt/homebrew/Cellar/ruby/4.0.3/include/ruby-4.0.0/ruby/internal/core/rdata.h:370:31: note: expanded from macro 'rb_data_object_get'
  370 | #define rb_data_object_get    RUBY_MACRO_SELECT(rb_data_object_get_2, RUBY_UNTYPED_DATA_WARNING)
      |                               ^
/opt/homebrew/Cellar/ruby/4.0.3/include/ruby-4.0.0/ruby/internal/core/rdata.h:50:35: note: expanded from macro 'RUBY_MACRO_SELECT'
   50 | #define RUBY_MACRO_SELECT(x, y)   RBIMPL_MACRO_SELECT(x, y)
      |                                   ^
/opt/homebrew/Cellar/ruby/4.0.3/include/ruby-4.0.0/ruby/internal/core/rdata.h:49:35: note: expanded from macro 'RBIMPL_MACRO_SELECT'
   49 | #define RBIMPL_MACRO_SELECT(x, y) x ## y
      |                                   ^
<scratch space>:176:1: note: expanded from here
  176 | rb_data_object_get_1
      | ^
/opt/homebrew/Cellar/ruby/4.0.3/include/ruby-4.0.0/ruby/internal/core/rdata.h:368:31: note: expanded from macro 'rb_data_object_get_1'
  368 | #define rb_data_object_get_1  rb_data_object_get_warning
      |                               ^
/opt/homebrew/Cellar/ruby/4.0.3/include/ruby-4.0.0/ruby/internal/core/rdata.h:317:1: note: 'rb_data_object_get_warning' has been explicitly marked deprecated here
  317 | RBIMPL_ATTRSET_UNTYPED_DATA_FUNC()
      | ^
/opt/homebrew/Cellar/ruby/4.0.3/include/ruby-4.0.0/ruby/internal/core/rdata.h:47:5: note: expanded from macro 'RBIMPL_ATTRSET_UNTYPED_DATA_FUNC'
   47 |     RBIMPL_ATTR_DEPRECATED(("by TypedData"))
      |     ^
/opt/homebrew/Cellar/ruby/4.0.3/include/ruby-4.0.0/ruby/internal/attr/deprecated.h:36:53: note: expanded from macro 'RBIMPL_ATTR_DEPRECATED'
   36 | # define RBIMPL_ATTR_DEPRECATED(msg) __attribute__((__deprecated__ msg))
      |                                                     ^
xml_namespace.c:74:3: warning: 'rb_data_object_get_warning' is deprecated: by TypedData [-Wdeprecated-declarations]
   74 |   Data_Get_Struct(self, xmlNs, ns);
      |   ^
/opt/homebrew/Cellar/ruby/4.0.3/include/ruby-4.0.0/ruby/internal/core/rdata.h:278:34: note: expanded from macro 'Data_Get_Struct'
  278 |     ((sval) = RBIMPL_CAST((type*)rb_data_object_get(obj)))
      |                                  ^
/opt/homebrew/Cellar/ruby/4.0.3/include/ruby-4.0.0/ruby/internal/core/rdata.h:370:31: note: expanded from macro 'rb_data_object_get'
  370 | #define rb_data_object_get    RUBY_MACRO_SELECT(rb_data_object_get_2, RUBY_UNTYPED_DATA_WARNING)
      |                               ^
/opt/homebrew/Cellar/ruby/4.0.3/include/ruby-4.0.0/ruby/internal/core/rdata.h:50:35: note: expanded from macro 'RUBY_MACRO_SELECT'
   50 | #define RUBY_MACRO_SELECT(x, y)   RBIMPL_MACRO_SELECT(x, y)
      |                                   ^
/opt/homebrew/Cellar/ruby/4.0.3/include/ruby-4.0.0/ruby/internal/core/rdata.h:49:35: note: expanded from macro 'RBIMPL_MACRO_SELECT'
   49 | #define RBIMPL_MACRO_SELECT(x, y) x ## y
      |                                   ^
<scratch space>:177:1: note: expanded from here
  177 | rb_data_object_get_1
      | ^
/opt/homebrew/Cellar/ruby/4.0.3/include/ruby-4.0.0/ruby/internal/core/rdata.h:368:31: note: expanded from macro 'rb_data_object_get_1'
  368 | #define rb_data_object_get_1  rb_data_object_get_warning
      |                               ^
/opt/homebrew/Cellar/ruby/4.0.3/include/ruby-4.0.0/ruby/internal/core/rdata.h:317:1: note: 'rb_data_object_get_warning' has been explicitly marked deprecated here
  317 | RBIMPL_ATTRSET_UNTYPED_DATA_FUNC()
      | ^
/opt/homebrew/Cellar/ruby/4.0.3/include/ruby-4.0.0/ruby/internal/core/rdata.h:47:5: note: expanded from macro 'RBIMPL_ATTRSET_UNTYPED_DATA_FUNC'
   47 |     RBIMPL_ATTR_DEPRECATED(("by TypedData"))
      |     ^
/opt/homebrew/Cellar/ruby/4.0.3/include/ruby-4.0.0/ruby/internal/attr/deprecated.h:36:53: note: expanded from macro 'RBIMPL_ATTR_DEPRECATED'
   36 | # define RBIMPL_ATTR_DEPRECATED(msg) __attribute__((__deprecated__ msg))
      |                                                     ^
xml_namespace.c:90:20: warning: 'rb_data_object_wrap_warning' is deprecated: by TypedData [-Wdeprecated-declarations]
   90 |     rb_namespaxml_entity_reference.c:23:3: warning: 'rb_data_object_get_warning' is deprecated: by TypedData [-Wdeprecated-declarations]
   23 |   Data_Get_Struct(document, xmlDoc, xml_doc);
      |   ^
/opt/homebrew/Cellar/ruby/4.0.3/include/ruby-4.0.0/ruby/internal/core/rdata.h:278:34: note: expanded from macro 'Data_Get_Struct'
  278 |     ((sval) = RBIMPL_CAST((type*)rb_data_object_get(obj)))
      |                                  ^
/opt/homebrew/Cellar/ruby/4.0.3/include/ruby-4.0.0/ruby/internal/core/rdata.h:370:31: note: expanded from macro 'rb_data_object_get'
  370 | #define rb_data_object_get    RUBY_MACRO_SELECT(rb_data_object_get_2, RUBY_UNTYPED_DATA_WARNING)
      |                               ^
/opt/homebrew/Cellar/ruby/4.0.3/include/ruby-4.0.0/ruby/internal/core/rdata.h:50:35: note: expanded from macro 'RUBY_MACRO_SELECT'
   50 | #define RUBY_MACRO_SELECT(x, y)   RBIMPL_MACRO_SELECT(x, y)
      |                                   ^
/opt/homebrew/Cellar/ruby/4.0.3/include/ruby-4.0.0/ruby/internal/core/rdata.h:49:35: note: expanded from macro 'RBIMPL_MACRO_SELECT'
   49 | #define RBIMPL_MACRO_SELECT(x, y) x ## y
      |                                   ^
<scratch space>:176:1: note: expanded from here
  176 | rb_data_object_get_1
      | ^
/opt/homebrew/Cellar/ruby/4.0.3/include/ruby-4.0.0/ruby/internal/core/rdata.h:368:31: note: expanded from macro 'rb_data_object_get_1'
  368 | #define rb_data_object_get_1  rb_data_object_get_warning
      |                               ^
/opt/homebrew/Cellar/ruby/4.0.3/include/ruby-4.0.0/ruby/internal/core/rdata.h:317:1: note: 'rb_data_object_get_warning' has been explicitly marked deprecated here
  317 | RBIMPL_ATTRSET_UNTYPED_DATA_FUNC()
      | ^
/opt/homebrew/Cellar/ruby/4.0.3/include/ruby-4.0.0/ruby/internal/core/rdata.h:47:5: note: expanded from macro 'RBIMPL_ATTRSET_UNTYPED_DATA_FUNC'
   47 |     RBIMPL_ATTR_DEPRECATED(("by TypedData"))
      |     ^
/opt/homebrew/Cellar/ruby/4.0.3/include/ruby-4.0.0/ruby/internal/attr/deprecated.h:36:53: note: expanded from macro 'RBIMPL_ATTR_DEPRECATED'
   36 | # define RBIMPL_ATTR_DEPRECATED(msg) __attribute__((__deprecated__ msg))
      |                                                     ^
cecompiling  xml_sax_parser.c
= Data_Wrap_Struct(cNokogiriXmlNamespace, 0, 0, c_namespace);
      |                    ^
/opt/homebrew/Cellar/ruby/4.0.3/include/ruby-4.0.0/ruby/internal/core/rdata.h:202:5: note: expanded from macro 'Data_Wrap_Struct'
  202 |     rb_data_object_wrap(                          \
      |     ^
/opt/homebrew/Cellar/ruby/4.0.3/include/ruby-4.0.0/ruby/internal/core/rdata.h:366:31: note: expanded from macro 'rb_data_object_wrap'
  366 | #define rb_data_object_wrap   RUBY_MACRO_SELECT(rb_data_object_wrap_2, RUBY_UNTYPED_DATA_WARNING)
      |                               ^
/opt/homebrew/Cellar/ruby/4.0.3/include/ruby-4.0.0/ruby/internal/core/rdata.h:50:35: note: expanded from macro 'RUBY_MACRO_SELECT'
   50 | #define RUBY_MACRO_SELECT(x, y)   RBIMPL_MACRO_SELECT(x, y)
      |                                   ^
/opt/homebrew/Cellar/ruby/4.0.3/include/ruby-4.0.0/ruby/internal/core/rdata.h:49:35: note: expanded from macro 'RBIMPL_MACRO_SELECT'
   49 | #define RBIMPL_MACRO_SELECT(x, y) x ## y
      |                                   ^
<scratch space>:178:1: note: expanded from here
  178 | rb_data_object_wrap_1
      | ^
/opt/homebrew/Cellar/ruby/4.0.3/include/ruby-4.0.0/ruby/internal/core/rdata.h:364:31: note: expanded from macro 'rb_data_object_wrap_1'
  364 | #define rb_data_object_wrap_1 rb_data_object_wrap_warning
      |                               ^
/opt/homebrew/Cellar/ruby/4.0.3/include/ruby-4.0.0/ruby/internal/core/rdata.h:280:1: note: 'rb_data_object_wrap_warning' has been explicitly marked deprecated here
  280 | RBIMPL_ATTRSET_UNTYPED_DATA_FUNC()
      | ^
/opt/homebrew/Cellar/ruby/4.0.3/include/ruby-4.0.0/ruby/internal/core/rdata.h:47:5: note: expanded from macro 'RBIMPL_ATTRSET_UNTYPED_DATA_FUNC'
   47 |     RBIMPL_ATTR_DEPRECATED(("by TypedData"))
      |     ^
/opt/homebrew/Cellar/ruby/4.0.3/include/ruby-4.0.0/ruby/internal/attr/deprecated.h:36:53: note: expanded from macro 'RBIMPL_ATTR_DEPRECATED'
   36 | # define RBIMPL_ATTR_DEPRECATED(msg) __attribute__((__deprecated__ msg))
      |                                                     ^
xml_namespace.c:97:20: warning: 'rb_data_object_wrap_warning' is deprecated: by TypedData [-Wdeprecated-declarations]
   97 |     rb_namespace = Data_Wrap_Struct(cNokogiriXmlNamespace, 0, dealloc_namespace, c_namespace);
      |                    ^
/opt/homebrew/Cellar/ruby/4.0.3/include/ruby-4.0.0/ruby/internal/core/rdata.h:202:5: note: expanded from macro 'Data_Wrap_Struct'
  202 |     rb_data_object_wrap(                          \
      |     ^
/opt/homebrew/Cellar/ruby/4.0.3/include/ruby-4.0.0/ruby/internal/core/rdata.h:366:31: note: expanded from macro 'rb_data_object_wrap'
  366 | #define rb_data_object_wrap   RUBY_MACRO_SELECT(rb_data_object_wrap_2, RUBY_UNTYPED_DATA_WARNING)
      |                               ^
/opt/homebrew/Cellar/ruby/4.0.3/include/ruby-4.0.0/ruby/internal/core/rdata.h:50:35: note: expanded from macro 'RUBY_MACRO_SELECT'
   50 | #define RUBY_MACRO_SELECT(x, y)   RBIMPL_MACRO_SELECT(x, y)
      |                                   ^
/opt/homebrew/Cellar/ruby/4.0.3/include/ruby-4.0.0/ruby/internal/core/rdata.h:49:35: note: expanded from macro 'RBIMPL_MACRO_SELECT'
   49 | #define RBIMPL_MACRO_SELECT(x, y) x ## y
      |                                   ^
<scratch space>:179:1: note: expanded from here
  179 | rb_data_object_wrap_1
      | ^
/opt/homebrew/Cellar/ruby/4.0.3/include/ruby-4.0.0/ruby/internal/core/rdata.h:364:31: note: expanded from macro 'rb_data_object_wrap_1'
  364 | #define rb_data_object_wrap_1 rb_data_object_wrap_warning
      |                               ^
/opt/homebrew/Cellar/ruby/4.0.3/include/ruby-4.0.0/ruby/internal/core/rdata.h:280:1: note: 'rb_data_object_wrap_warning' has been explicitly marked deprecated here
  280 | RBIMPL_ATTRSET_UNTYPED_DATA_FUNC()
      | ^
/opt/homebrew/Cellar/ruby/4.0.3/include/ruby-4.0.0/ruby/internal/core/rdata.h:47:5: note: expanded from macro 'RBIMPL_ATTRSET_UNTYPED_DATA_FUNC'
   47 |     RBIMPL_ATTR_DEPRECATED(("by TypedData"))
      |     ^
/opt/homebrew/Cellar/ruby/4.0.3/include/ruby-4.0.0/ruby/internal/attr/deprecated.h:36:53: note: expanded from macro 'RBIMPL_ATTR_DEPRECATED'
   36 | # define RBIMPL_ATTR_DEPRECATED(msg) __attribute__((__deprecated__ msg))
      |                                                     ^
5 warnings generated.
1 warning generated.
4 warnings generated.
compiling xml_sax_parser_context.c
xml_node.c:201:3: warning: 'rb_data_object_get_warning' is deprecated: by TypedData [-Wdeprecated-declarations]
  201 |   Data_Get_Struct(reparentee_obj, xmlNode, reparentee);
      |   ^
/opt/homebrew/Cellar/ruby/4.0.3/include/ruby-4.0.0/ruby/internal/core/rdata.h:278:34: note: expanded from macro 'Data_Get_Struct'
  278 |     ((sval) = RBIMPL_CAST((type*)rb_data_object_get(obj)))
      |                                  ^
/opt/homebrew/Cellar/ruby/4.0.3/include/ruby-4.0.0/ruby/internal/core/rdata.h:370:31: note: expanded from macro 'rb_data_object_get'
  370 | #define rb_data_object_get    RUBY_MACRO_SELECT(rb_data_object_get_2, RUBY_UNTYPED_DATA_WARNING)
      |                               ^
/opt/homebrew/Cellar/ruby/4.0.3/include/ruby-4.0.0/ruby/internal/core/rdata.h:50:35: note: expanded from macro 'RUBY_MACRO_SELECT'
   50 | #define RUBY_MACRO_SELECT(x, y)   RBIMPL_MACRO_SELECT(x, y)
      |                                   ^
/opt/homebrew/Cellar/ruby/4.0.3/include/ruby-4.0.0/ruby/internal/core/rdata.h:49:35: note: expanded from macro 'RBIMPL_MACRO_SELECT'
   49 | #define RBIMPL_MACRO_SELECT(x, y) x ## y
      |                                   ^
<scratch space>:176:1: note: expanded from here
  176 | rb_data_object_get_1
      | ^
/opt/homebrew/Cellar/ruby/4.0.3/include/ruby-4.0.0/ruby/internal/core/rdata.h:368:31: note: expanded from macro 'rb_data_object_get_1'
  368 | #define rb_data_object_get_1  rb_data_object_get_warning
      |                               ^
/opt/homebrew/Cellar/ruby/4.0.3/include/ruby-4.0.0/ruby/internal/core/rdata.h:317:1: note: 'rb_data_object_get_warning' has been explicitly marked deprecated here
  317 | RBIMPL_ATTRSET_UNTYPED_DATA_FUNC()
      | ^
/opt/homebrew/Cellar/ruby/4.0.3/include/ruby-4.0.0/ruby/internal/core/rdata.h:47:5: note: expanded from macro 'RBIMPL_ATTRSET_UNTYPED_DATA_FUNC'
   47 |     RBIMPL_ATTR_DEPRECATED(("by TypedData"))
      |     ^
/opt/homebrew/Cellar/ruby/4.0.3/include/ruby-4.0.0/ruby/internal/attr/deprecated.h:36:53: note: expanded from macro 'RBIMPL_ATTR_DEPRECATED'
   36 | # define RBIMPL_ATTR_DEPRECATED(msg) __attribute__((__deprecated__ msg))
      |                                                     ^
xml_node.c:202:3: warning: 'rb_data_object_get_warning' is deprecated: by TypedData [-Wdeprecated-declarations]
  202 |   Data_Get_Struct(pivot_obj, xmlNode, pivot);
      |   ^
/opt/homebrew/Cellar/ruby/4.0.3/include/ruby-4.0.0/ruby/internal/core/rdata.h:278:34: note: expanded from macro 'Data_Get_Struct'
  278 |     ((sval) = RBIMPL_CAST((type*)rb_data_object_get(obj)))
      |                                  ^
/opt/homebrew/Cellar/ruby/4.0.3/include/ruby-4.0.0/ruby/internal/core/rdata.h:370:31: note: expanded from macro 'rb_data_object_get'
  370 | #define rb_data_object_get    RUBY_MACRO_SELECT(rb_data_object_get_2, RUBY_UNTYPED_DATA_WARNING)
      |                               ^
/opt/homebrew/Cellar/ruby/4.0.3/include/ruby-4.0.0/ruby/internal/core/rdata.h:50:35: note: expanded from macro 'RUBY_MACRO_SELECT'
   50 | #define RUBY_MACRO_SELECT(x, y)   RBIMPL_MACRO_SELECT(x, y)
      |                                   ^
/opt/homebrew/Cellar/ruby/4.0.3/include/ruby-4.0.0/ruby/internal/core/rdata.h:49:35: note: expanded from macro 'RBIMPL_MACRO_SELECT'
   49 | #define RBIMPL_MACRO_SELECT(x, y) x ## y
      |                                   ^
<scratch space>:177:1: note: expanded from here
  177 | rb_data_object_get_1
      | ^
/opt/homebrew/Cellar/ruby/4.0.3/include/ruby-4.0.0/ruby/internal/core/rdata.h:368:31: note: expanded from macro 'rb_data_object_get_1'
  368 | #define rb_data_object_get_1  rb_data_object_get_warning
      |                               ^
/opt/homebrew/Cellar/ruby/4.0.3/include/ruby-4.0.0/ruby/internal/core/rdata.h:317:1: note: 'rb_data_object_get_warning' has been explicitly marked deprecated here
  317 | RBIMPL_ATTRSET_UNTYPED_DATA_FUNC()
      | ^
/opt/homebrew/Cellar/ruby/4.0.3/include/ruby-4.0.0/ruby/internal/core/rdata.h:47:5: note: expanded from macro 'RBIMPL_ATTRSET_UNTYPED_DATA_FUNC'
   47 |     RBIMPL_ATTR_DEPRECATED(("by TypedData"))
      |     ^
/opt/homebrew/Cellar/ruby/4.0.3/include/ruby-4.0.0/ruby/internal/attr/deprecated.h:36:53: note: expanded from macro 'RBIMPL_ATTR_DEPRECATED'
   36 | # define RBIMPL_ATTR_DEPRECATED(msg) __attribute__((__deprecated__ msg))
      |                                                     ^
compiling xml_schema.c
xml_node.c:442:3: warning: 'rb_data_object_get_warning' is deprecated: by TypedData [-Wdeprecated-declarations]
  442 |   Data_Get_Struct(rb_node, xmlNode, c_node);
      |   ^
/opt/homebrew/Cellar/ruby/4.0.3/include/ruby-4.0.0/ruby/internal/core/rdata.h:278:34: note: expanded from macro 'Data_Get_Struct'
  278 |     ((sval) = RBIMPL_CAST((type*)rb_data_object_get(obj)))
      |                                  ^
/opt/homebrew/Cellar/ruby/4.0.3/include/ruby-4.0.0/ruby/internal/core/rdata.h:370:31: note: expanded from macro 'rb_data_object_get'
  370 | #define rb_data_object_get    RUBY_MACRO_SELECT(rb_data_object_get_2, RUBY_UNTYPED_DATA_WARNING)
      |                               ^
/opt/homebrew/Cellar/ruby/4.0.3/include/ruby-4.0.0/ruby/internal/core/rdata.h:50:35: note: expanded from macro 'RUBY_MACRO_SELECT'
   50 | #define RUBY_MACRO_SELECT(x, y)   RBIMPL_MACRO_SELECT(x, y)
      |                                   ^
/opt/homebrew/Cellar/ruby/4.0.3/include/ruby-4.0.0/ruby/internal/core/rdata.h:49:35: note: expanded from macro 'RBIMPL_MACRO_SELECT'
   49 | #define RBIMPL_MACRO_SEcompiling LECxml_sax_push_parser.c
T(x, y) x ## y
      |                                   ^
<scratch space>:178:1: note: expanded from here
  178 | rb_data_object_get_1
      | ^
/opt/homebrew/Cellar/ruby/4.0.3/include/ruby-4.0.0/ruby/internal/core/rdata.h:368:31: note: expanded from macro 'rb_data_object_get_1'
  368 | #define rb_data_object_get_1  rb_data_object_get_warning
      |                               ^
/opt/homebrew/Cellar/ruby/4.0.3/include/ruby-4.0.0/ruby/internal/core/rdata.h:317:1: note: 'rb_data_object_get_warning' has been explicitly marked deprecated here
  317 | RBIMPL_ATTRSET_UNTYPED_DATA_FUNC()
      | ^
/opt/homebrew/Cellar/ruby/4.0.3/include/ruby-4.0.0/ruby/internal/core/rdata.h:47:5: note: expanded from macro 'RBIMPL_ATTRSET_UNTYPED_DATA_FUNC'
   47 |     RBIMPL_ATTR_DEPRECATED(("by TypedData"))
      |     ^
/opt/homebrew/Cellar/ruby/4.0.3/include/ruby-4.0.0/ruby/internal/attr/deprecated.h:36:53: note: expanded from macro 'RBIMPL_ATTR_DEPRECATED'
   36 | # define RBIMPL_ATTR_DEPRECATED(msg) __attribute__((__deprecated__ msg))
      |                                                     ^
xml_node.c:509:3: warning: 'rb_data_object_get_warning' is deprecated: by TypedData [-Wdeprecated-declarations]
  509 |   Data_Get_Struct(self, xmlNode, node);
      |   ^
/opt/homebrew/Cellar/ruby/4.0.3/include/ruby-4.0.0/ruby/internal/core/rdata.h:278:34: note: expanded from macro 'Data_Get_Struct'
  278 |     ((sval) = RBIMPL_CAST((type*)rb_data_object_get(obj)))
      |                                  ^
/opt/homebrew/Cellar/ruby/4.0.3/include/ruby-4.0.0/ruby/internal/core/rdata.h:370:31: note: expanded from macro 'rb_data_object_get'
  370 | #define rb_data_object_get    RUBY_MACRO_SELECT(rb_data_object_get_2, RUBY_UNTYPED_DATA_WARNING)
      |                               ^
/opt/homebrew/Cellar/ruby/4.0.3/include/ruby-4.0.0/ruby/internal/core/rdata.h:50:35: note: expanded from macro 'RUBY_MACRO_SELECT'
   50 | #define RUBY_MACRO_SELECT(x, y)   RBIMPL_MACRO_SELECT(x, y)
      |                                   ^
/opt/homebrew/Cellar/ruby/4.0.3/include/ruby-4.0.0/ruby/internal/core/rdata.h:49:35: note: expanded from macro 'RBIMPL_MACRO_SELECT'
   49 | #define RBIMPL_MACRO_SELECT(x, y) x ## y
      |                                   ^
<scratch space>:179:1: note: expanded from here
  179 | rb_data_object_get_1
      | ^
/opt/homebrew/Cellar/ruby/4.0.3/include/ruby-4.0.0/ruby/internal/core/rdata.h:368:31: note: expanded from macro 'rb_data_object_get_1'
  368 | #define rb_data_object_get_1  rb_data_object_get_warning
      |                               ^
/opt/homebrew/Cellar/ruby/4.0.3/include/ruby-4.0.0/ruby/internal/core/rdata.h:317:1: note: 'rb_data_object_get_warning' has been explicitly marked deprecated here
  317 | RBIMPL_ATTRSET_UNTYPED_DATA_FUNC()
      | ^
/opt/homebrew/Cellar/ruby/4.0.3/include/ruby-4.0.0/ruby/internal/core/rdata.h:47:5: note: expanded from macro 'RBIMPL_ATTRSET_UNTYPED_DATA_FUNC'
   47 |     RBIMPL_ATTR_DEPRECATED(("by TypedData"))
      |     ^
/opt/homebrew/Cellar/ruby/4.0.3/include/ruby-4.0.0/ruby/internal/attr/deprecated.h:36:53: note: expanded from macro 'RBIMPL_ATTR_DEPRECATED'
   36 | # define RBIMPL_ATTR_DEPRECATED(msg) __attribute__((__deprecated__ msg))
      |                                                     ^
xml_node.c:560:3: warning: 'rb_data_object_get_warning' is deprecated: by TypedData [-Wdeprecated-declarations]
  560 |   Data_Get_Struct(rb_node, xmlNode, c_node);
      |   ^
/opt/homebrew/Cellar/ruby/4.0.3/include/ruby-4.0.0/ruby/internal/core/rdata.h:278:34: note: expanded from macro 'Data_Get_Struct'
  278 |     ((sval) = RBIMPL_CAST((type*)rb_data_object_get(obj)))
      |                                  ^
/opt/homebrew/Cellar/ruby/4.0.3/include/ruby-4.0.0/ruby/internal/core/rdata.h:370:31: note: expanded from macro 'rb_data_object_get'
  370 | #define rb_data_object_get    RUBY_MACRO_SELECT(rb_data_object_get_2, RUBY_UNTYPED_DATA_WARNING)
      |                               ^
/opt/homebrew/Cellar/ruby/4.0.3/include/ruby-4.0.0/ruby/internal/core/rdata.h:50:35: note: expanded from macro 'RUBY_MACRO_SELECT'
   50 | #define RUBY_MACRO_SELECT(x, y)   RBIMPL_MACRO_SELECT(x, y)
      |                                   ^
/opt/homebrew/Cellar/ruby/4.0.3/include/ruby-4.0.0/ruby/internal/core/rdata.h:49:35: note: expanded from macro 'RBIMPL_MACRO_SELECT'
   49 | #define RBIMPL_MACRO_SELECT(x, y) x ## y
      |                                   ^
<scratch space>:180:1: note: expanded from here
  180 | rb_data_object_get_1
      | ^
/opt/homebrew/Cellar/ruby/4.0.3/include/ruby-4.0.0/ruby/internal/core/rdata.h:368:31: note: expanded from macro 'rb_data_object_get_1'
  368 | #define rb_data_object_get_1  rb_data_object_get_warning
      |                               ^
/opt/homebrew/Cellar/ruby/4.0.3/include/ruby-4.0.0/ruby/internal/core/rdata.h:317:1: note: 'rb_data_object_get_warning' has been explicitly marked deprecated here
  317 | RBIMPL_ATTRSET_UNTYPED_DATA_FUNC()
      | ^
/opt/homebrew/Cellar/ruby/4.0.3/include/ruby-4.0.0/ruby/internal/core/rdata.h:47:5: note: expanded from macro 'RBIMPL_ATTRSET_UNTYPED_DATA_FUNC'
   47 |     RBIMPL_ATTR_DEPRECATED(("by TypedData"))
      |     ^
/opt/homebrew/Cellar/ruby/4.0.3/include/ruby-4.0.0/ruby/internal/attr/deprecated.h:36:53: note: expanded from macro 'RBIMPL_ATTR_DEPRECATED'
   36 | # define RBIMPL_ATTR_DEPRECATED(msg) __attribute__((__deprecated__ msg))
      |                                                     ^
xml_node.c:612:3: warning: 'rb_data_object_get_warning' is deprecated: by TypedData [-Wdeprecated-declarations]
  612 |   Data_Get_Struct(self, xmlNode, node);
      |   ^
/opt/homebrew/Cellar/ruby/4.0.3/include/ruby-4.0.0/ruby/internal/core/rdata.h:278:34: note: expanded from macro 'Data_Get_Struct'
  278 |     ((sval) = RBIMPL_CAST((type*)rb_data_object_get(obj)))
      |                                  ^
/opt/homebrew/Cellar/ruby/4.0.3/include/ruby-4.0.0/ruby/internal/core/rdata.h:370:31: note: expanded from macro 'rb_data_object_get'
  370 | #define rb_data_object_get    RUBY_MACRO_SELECT(rb_data_object_get_2, RUBY_UNTYPED_DATA_WARNING)
      |                               ^
/opt/homebrew/Cellar/ruby/4.0.3/include/ruby-4.0.0/ruby/internal/core/rdata.h:50:35: note: expanded from macro 'RUBY_MACRO_SELECT'
   50 | #define RUBY_MACRO_SELECT(x, y)   RBIMPL_MACRO_SELECT(x, y)
      |                                   ^
/opt/homebrew/Cellar/ruby/4.0.3/include/ruby-4.0.0/ruby/internal/core/rdata.h:49:35: note: expanded from macro 'RBIMPL_MACRO_SELECT'
   49 | #define RBIMPL_MACRO_SELECT(x, y) x ## y
      |                                   ^
<scratch space>:181:1: note: expanded from here
  181 | rb_data_object_get_1
      | ^
/opt/homebrew/Cellar/ruby/4.0.3/include/ruby-4.0.0/ruby/internal/core/rdata.h:368:31: note: expanded from macro 'rb_data_object_get_1'
  368 | #define rb_data_object_get_1  rb_data_object_get_warning
      |                               ^
/opt/homebrew/Cellar/ruby/4.0.3/include/ruby-4.0.0/ruby/internal/core/rdata.h:317:1: note: 'rb_data_object_get_warning' has been explicitly marked deprecated here
  317 | RBIMPL_ATTRSET_UNTYPED_DATA_FUNC()
      | ^
/opt/homebrew/Cellar/ruby/4.0.3/include/ruby-4.0.0/ruby/internal/core/rdata.h:47:5: note: expanded from macro 'RBIMPL_ATTRSET_UNTYPED_DATA_FUNC'
   47 |     RBIMPL_ATTR_DEPRECATED(("by TypedData"))
      |     ^
/opt/homebrew/Cellar/ruby/4.0.3/include/ruby-4.0.0/ruby/internal/attr/deprecated.h:36:53: note: expanded from macro 'RBIMPL_ATTR_DEPRECATED'
   36 | # define RBIMPL_ATTR_DEPRECATED(msg) __attribute__((__deprecated__ msg))
      |                                                     ^
xml_node.c:639:3: warning: 'rb_data_object_get_warning' is deprecated: by TypedData [-Wdeprecated-declarations]
  639 |   Data_Get_Struct(self, xmlNode, node);
      |   ^
/opt/homebrew/Cellar/ruby/4.0.3/include/ruby-4.0.0/ruby/internal/core/rdata.h:278:34: note: expanded from macro 'Data_Get_Struct'
  278 |     ((sval) = RBIMPL_CAST((type*)rb_data_object_get(obj)))
      |                                  ^
/opt/homebrew/Cellar/ruby/4.0.3/include/ruby-4.0.0/ruby/internal/core/rdata.h:370:31: note: expanded from macro 'rb_data_object_get'
  370 | #define rb_data_object_get    RUBY_MACRO_SELECT(rb_data_object_get_2, RUBY_UNTYPED_DATA_WARNING)
      |                               ^
/opt/homebrew/Cellar/ruby/4.0.3/include/ruby-4.0.0/ruby/internal/core/rdata.h:50:35: note: expanded from macro 'RUBY_MACRO_SELECT'
   50 | #define RUBY_MACRO_SELECT(x, y)   RBIMPL_MACRO_SELECT(x, y)
      |                                   ^
/opt/homebrew/Cellar/ruby/4.0.3/include/ruby-4.0.0/ruby/internal/core/rdata.h:49:35: note: expanded from macro 'RBIMPL_MACRO_SELECT'
   49 | #define RBIMPL_MACRO_SELECT(x, y) x ## y
      |                                   ^
<scratch space>:182:1: note: expanded from here
  182 | rb_data_object_get_1
      | ^
/opt/homebrew/Cellar/ruby/4.0.3/include/ruby-4.0.0/ruby/internal/core/rdata.h:368:31: note: expanded from macro 'rb_data_object_get_1'
  368 | #define rb_data_object_get_1  rb_data_object_get_warning
      |                               ^
/opt/homebrew/Cellar/ruby/4.0.3/include/ruby-4.0.0/ruby/internal/core/rdata.h:317:1: note: 'rb_data_object_get_warning' has been explicitly marked deprecated here
  317 | RBIMPL_ATTRSET_UNTYPED_DATA_FUNC()
      | ^
/opt/homebrew/Cellar/ruby/4.0.3/include/ruby-4.0.0/ruby/internal/core/rdata.h:47:5: note: expanded from macro 'RBIMPL_ATTRSET_UNTYPED_DATA_FUNC'
   47 |     RBIMPL_ATTR_DEPRECATED(("by TypedData"))
      |     ^
/opt/homebrew/Cellar/ruby/4.0.3/include/ruby-4.0.0/ruby/internal/attr/deprecated.h:36:53: note: expanded from macro 'RBIMPL_ATTR_DEPRECATED'
   36 | # define RBIMPL_ATTR_DEPRECATED(msg) __attribute__((__deprecated__ msg))
      |                                                     ^
xml_node.c:661:3: warning: 'rb_data_object_get_warning' is deprecated: by TypedData [-Wdeprecated-declarations]
  661 |   Data_Get_Struct(self, xmlNode, node);
      |   ^
/opt/homebrew/Cellar/ruby/4.0.3/include/ruby-4.0.0/ruby/internal/core/rdata.h:278:34: note: expanded from macro 'Data_Get_Struct'
  278 |     ((sval) = RBIMPL_CAST((type*)rb_data_object_get(obj)))
      |                                  ^
/opt/homebrew/Cellar/ruby/4.0.3/include/ruby-4.0.0/ruby/internal/core/rdata.h:370:31: note: expanded from macro 'rb_data_object_get'
  370 | #define rb_data_object_get    RUBY_MACRO_SELECT(rb_data_object_get_2, RUBY_UNTYPED_DATA_WARNING)
      |                               ^
/opt/homebrew/Cellar/ruby/4.0.3/include/ruby-4.0.0/ruby/internal/core/rdata.h:50:35: note: expanded from macro 'RUBY_MACRO_SELECT'
   50 | #define RUBY_MACRO_SELECT(x, y)   RBIMPL_MACRO_SELECT(x, y)
      |                                   ^
/opt/homebrew/Cellar/ruby/4.0.3/include/ruby-4.0.0/ruby/internal/core/rdata.h:49:35: note: expanded from macro 'RBIMPL_MACRO_SELECT'
   49 | #define RBIMPL_MACRO_SELECT(x, y) x ## y
      |                                   ^
<scratch space>:183:1: note: expanded from here
  183 | rb_data_object_get_1
      | ^
/opt/homebrew/Cellar/ruby/4.0.3/include/ruby-4.0.0/ruby/internal/core/rdata.h:368:31: note: expanded from macro 'rb_data_object_get_1'
  368 | #define rb_data_object_get_1  rb_data_object_get_warning
      |                               ^
/opt/homebrew/Cellar/ruby/4.0.3/include/ruby-4.0.0/ruby/internal/core/rdata.h:317:1: note: 'rb_data_object_get_warning' has been explicitly marked deprecated here
  317 | RBIMPL_ATTRSET_UNTYPED_DATA_FUNC()
      | ^
/opt/homebrew/Cellar/ruby/4.0.3/include/ruby-4.0.0/ruby/internal/core/rdata.h:47:5: note: expanded from macro 'RBIMPL_ATTRSET_UNTYPED_DATA_FUNC'
   47 |     RBIMPL_ATTR_DEPRECATED(("by TypedData"))
      |     ^
/opt/homebrew/Cellar/ruby/4.0.3/include/ruby-4.0.0/ruby/internal/attr/deprecated.h:36:53: note: expanded from macro 'RBIMPL_ATTR_DEPRECATED'
   36 | # define RBIMPL_ATTR_DEPRECATED(msg) __attribute__((__deprecated__ msg))
      |                                                     ^
xml_node.c:686:3: warning: 'rb_data_object_get_warning' is deprecated: by TypedData [-Wdeprecated-declarations]
  686 |   Data_Get_Struct(self, xmlNode, node);
      |   ^
/opt/homebrew/Cellar/ruby/4.0.3/include/ruby-4.0.0/ruby/internal/core/rdata.h:278:34: note: expanded from macro 'Data_Get_Struct'
  278 |     ((sval) = RBIMPL_CAST((type*)rb_data_object_get(obj)))
      |                                  ^
/opt/homebrew/Cellar/ruby/4.0.3/include/ruby-4.0.0/ruby/internal/core/rdata.h:370:31: note: expanded from macro 'rb_data_object_get'
  370 | #define rb_data_object_get    RUBY_MACRO_SELECT(rb_data_object_get_2, RUBY_UNTYPED_DATA_WARNING)
      |                               ^
/opt/homebrew/Cellar/ruby/4.0.3/include/ruby-4.0.0/ruby/internal/core/rdata.h:50:35: note: expanded from macro 'RUBY_MACRO_SELECT'
   50 | #define RUBY_MACRO_SELECT(x, y)   RBIMPL_MACRO_SELECT(x, y)
      |                                   ^
/opt/homebrew/Cellar/ruby/4.0.3/include/ruby-4.0.0/ruby/internal/core/rdata.h:49:35: note: expanded from macro 'RBIMPL_MACRO_SELECT'
   49 | #define RBIMPL_MACRO_SELECT(x, y) x ## y
      |                                   ^
<scratch space>:184:1: note: expanded from here
  184 | rb_data_object_get_1
      | ^
/opt/homebrew/Cellar/ruby/4.0.3/include/ruby-4.0.0/ruby/internal/core/rdata.h:368:31: note: expanded from macro 'rb_data_object_get_1'
  368 | #define rb_data_object_get_1  rb_data_object_get_warning
      |                               ^
/opt/homebrew/Cellar/ruby/4.0.3/include/ruby-4.0.0/ruby/internal/core/rdata.h:317:1: note: 'rb_data_object_get_warning' has been explicitly marked deprecated here
  317 | RBIMPL_ATTRSET_UNTYPED_DATA_FUNC()
      | ^
/opt/homebrew/Cellar/ruby/4.0.3/include/ruby-4.0.0/ruby/internal/core/rdata.h:47:5: note: expanded from macro 'RBIMPL_ATTRSET_UNTYPED_DATA_FUNC'
   47 |     RBIMPL_ATTR_DEPRECATED(("by TypedData"))
      |     ^
/opt/homebrew/Cellar/ruby/4.0.3/include/ruby-4.0.0/ruby/internal/attr/deprecated.h:36:53: note: expanded from macro 'RBIMPL_ATTR_DEPRECATED'
   36 | # define RBIMPL_ATTR_DEPRECATED(msg) __attribute__((__deprecated__ msg))
      |                                                     ^
xml_node.c:745:3: warning: 'rb_data_object_get_warning' is deprecated: by TypedData [-Wdeprecated-declarations]
  745 |   Data_Get_Struct(self, xmlNode, node);
      |   ^
/opt/homebrew/Cellar/ruby/4.0.3/include/ruby-4.0.0/ruby/internal/core/rdata.h:278:34: note: expanded from macro 'Data_Get_Struct'
  278 |     ((sval) = RBIMPL_CAST((type*)rb_data_object_get(obj)))
      |                                  ^
/opt/homebrew/Cellar/ruby/4.0.3/include/ruby-4.0.0/ruby/internal/core/rdata.h:370:31: note: expanded from macro 'rb_data_object_get'
  370 | #define rb_data_object_get    RUBY_MACRO_SELECT(rb_data_object_get_2, RUBY_UNTYPED_DATA_WARNING)
      |                               ^
/opt/homebrew/Cellar/ruby/4.0.3/include/ruby-4.0.0/ruby/internal/core/rdata.h:50:35: note: expanded from macro 'RUBY_MACRO_SELECT'
   50 | #define RUBY_MACRO_SELECT(x, y)   RBIMPL_MACRO_SELECT(x, y)
      |                                   ^
/opt/homebrew/Cellar/ruby/4.0.3/include/ruby-4.0.0/ruby/internal/core/rdata.h:49:35: note: expanded from macro 'RBIMPL_MACRO_SELECT'
   49 | #define RBIMPL_MACRO_SELECT(x, y) x ## y
      |                                   ^
<scratch space>:185:1: note: expanded from here
  185 | rb_data_object_get_1
      | ^
/opt/homebrew/Cellar/ruby/4.0.3/include/ruby-4.0.0/ruby/internal/core/rdata.h:368:31: note: expanded from macro 'rb_data_object_get_1'
  368 | #define rb_data_object_get_1  rb_data_object_get_warning
      |                               ^
/opt/homebrew/Cellar/ruby/4.0.3/include/ruby-4.0.0/ruby/internal/core/rdata.h:317:1: note: 'rb_data_object_get_warning' has been explicitly marked deprecated here
  317 | RBIMPL_ATTRSET_UNTYPED_DATA_FUNC()
      | ^
/opt/homebrew/Cellar/ruby/4.0.3/include/ruby-4.0.0/ruby/internal/core/rdata.h:47:5: note: expanded from macro 'RBIMPL_ATTRSET_UNTYPED_DATA_FUNC'
   47 |     RBIMPL_ATTR_DEPRECATED(("by TypedData"))
      |     ^
/opt/homebrew/Cellar/ruby/4.0.3/include/ruby-4.0.0/ruby/internal/attr/deprecated.h:36:53: note: expanded from macro 'RBIMPL_ATTR_DEPRECATED'
   36 | # define RBIMPL_ATTR_DEPRECATED(msg) __attribute__((__deprecated__ msg))
      |                                                     ^
xml_node.c:768:3: warning: 'rb_data_object_get_warning' is deprecated: by TypedData [-Wdeprecated-declarations]
  768 |   Data_Get_Struct(self, xmlNode, node);
      |   ^
/opt/homebrew/Cellar/ruby/4.0.3/include/ruby-4.0.0/ruby/internal/core/rdata.h:278:34: note: expanded from macro 'Data_Get_Struct'
  278 |     ((sval) = RBIMPL_CAST((type*)rb_data_object_get(obj)))
      |                                  ^
/opt/homebrew/Cellar/ruby/4.0.3/include/ruby-4.0.0/ruby/internal/core/rdata.h:370:31: note: expanded from macro 'rb_data_object_get'
  370 | #define rb_data_object_get    RUBY_MACRO_SELECT(rb_data_object_get_2, RUBY_UNTYPED_DATA_WARNING)
      |                               ^
/opt/homebrew/Cellar/ruby/4.0.3/include/ruby-4.0.0/ruby/internal/core/rdata.h:50:35: note: expanded from macro 'RUBY_MACRO_SELECT'
   50 | #define RUBY_MACRO_SELECT(x, y)   RBIMPL_MACRO_SELECT(x, y)
      |                                   ^
/opt/homebrew/Cellar/ruby/4.0.3/include/ruby-4.0.0/ruby/internal/core/rdata.h:49:35: note: expanded from macro 'RBIMPL_MACRO_SELECT'
   49 | #define RBIMPL_MACRO_SELECT(x, y) x ## y
      |                                   ^
<scratch space>:186:1: note: expanded from here
  186 | rb_data_object_get_1
      | ^
/opt/homebrew/Cellar/ruby/4.0.3/include/ruby-4.0.0/ruby/internal/core/rdata.h:368:31: note: expanded from macro 'rb_data_object_get_1'
  368 | #define rb_data_object_get_1  rb_data_object_get_warning
      |                               ^
/opt/homebrew/Cellar/ruby/4.0.3/include/ruby-4.0.0/ruby/internal/core/rdata.h:317:1: note: 'rb_data_object_get_warning' has been explicitly marked deprecated here
  317 | RBIMPL_ATTRSET_UNTYPED_DATA_FUNC()
      | ^
/opt/homebrew/Cellar/ruby/4.0.3/include/ruby-4.0.0/ruby/internal/core/rdata.h:47:5: note: expanded from macro 'RBIMPL_ATTRSET_UNTYPED_DATA_FUNC'
   47 |     RBIMPL_ATTR_DEPRECATED(("by TypedData"))
      |     ^
/opt/homebrew/Cellar/ruby/4.0.3/include/ruby-4.0.0/ruby/internal/attr/deprecated.h:36:53: note: expanded from macro 'RBIMPL_ATTR_DEPRECATED'
   36 | # define RBIMPL_ATTR_DEPRECATED(msg) __attribute__((__deprecated__ msg))
      |                                                     ^
xml_node.c:783:3: warning: 'rb_data_object_get_warning' is deprecated: by TypedData [-Wdeprecated-declarations]
  783 |   Data_Get_Struct(self, xmlNode, node);
      |   ^
/opt/homebrew/Cellar/ruby/4.0.3/include/ruby-4.0.0/ruby/internal/core/rdata.h:278:34: note: expanded from macro 'Data_Get_Struct'
  278 |     ((sval) = RBIMPL_CAST((type*)rb_data_object_get(obj)))
      |                                  ^
/opt/homebrew/Cellar/ruby/4.0.3/include/ruby-4.0.0/ruby/internal/core/rdata.h:370:31: note: expanded from macro 'rb_data_object_get'
  370 | #define rb_data_object_get    RUBY_MACRO_SELECT(rb_data_object_get_2, RUBY_UNTYPED_DATA_WARNING)
      |                               ^
/opt/homebrew/Cellar/ruby/4.0.3/include/ruby-4.0.0/ruby/internal/core/rdata.h:50:35: note: expanded from macro 'RUBY_MACRO_SELECT'
   50 | #define RUBY_MACRO_SELECT(x, y)   RBIMPL_MACRO_SELECT(x, y)
      |                                   ^
/opt/homebrew/Cellar/ruby/4.0.3/include/ruby-4.0.0/ruby/internal/core/rdata.h:49:35: note: expanded from macro 'RBIMPL_MACRO_SELECT'
   49 | #define RBIMPL_MACRO_SELECT(x, y) x ## y
      |                                   ^
<scratch space>:187:1: note: expanded from here
  187 | rb_data_object_get_1
      | ^
/opt/homebrew/Cellar/ruby/4.0.3/include/ruby-4.0.0/ruby/internal/core/rdata.h:368:31: note: expanded from macro 'rb_data_object_get_1'
  368 | #define rb_data_object_get_1  rb_data_object_get_warning
      |                               ^
/opt/homebrew/Cellar/ruby/4.0.3/include/ruby-4.0.0/ruby/internal/core/rdata.h:317:1: note: 'rb_data_object_get_warning' has been explicitly marked deprecated here
  317 | RBIMPL_ATTRSET_UNTYPED_DATA_FUNC()
      | ^
/opt/homebrew/Cellar/ruby/4.0.3/include/ruby-4.0.0/ruby/internal/core/rdata.h:47:5: note: expanded from macro 'RBIMPL_ATTRSET_UNTYPED_DATA_FUNC'
   47 |     RBIMPL_ATTR_DEPRECATED(("by TypedData"))
      |     ^
/opt/homebrew/Cellar/ruby/4.0.3/include/ruby-4.0.0/ruby/internal/attr/deprecated.h:36:53: note: expanded from macro 'RBIMPL_ATTR_DEPRECATED'
   36 | # define RBIMPL_ATTR_DEPRECATED(msg) __attribute__((__deprecated__ msg))
      |                                                     ^
xml_node.c:785:18: warning: implicit conversion loses integer precision: 'long' to 'int' [-Wshorten-64-to-32]
  785 |   return INT2NUM((long)(node));
      |          ~~~~~~~ ^~~~~~~~~~~~
xml_node.c:800:3: warning: 'rb_data_object_get_warning' is deprecated: by TypedData [-Wdeprecated-declarations]
  800 |   Data_Get_Struct(self, xmlNode, node);
      |   ^
/opt/homebrew/Cellar/ruby/4.0.3/include/ruby-4.0.0/ruby/internal/core/rdata.h:278:34: note: expanded from macro 'Data_Get_Struct'
  278 |     ((sval) = RBIMPL_CAST((type*)rb_data_object_get(obj)))
      |                                  ^
/opt/homebrew/Cellar/ruby/4.0.3/include/ruby-4.0.0/ruby/internal/core/rdata.h:370:31: note: expanded from macro 'rb_data_object_get'
  370 | #define rb_data_object_get    RUBY_MACRO_SELECT(rb_data_object_get_2, RUBY_UNTYPED_DATA_WARNING)
      |                               ^
/opt/homebrew/Cellar/ruby/4.0.3/include/ruby-4.0.0/ruby/internal/core/rdata.h:50:35: note: expanded from macro 'RUBY_MACRO_SELECT'
   50 | #define RUBY_MACRO_SELECT(x, y)   RBIMPL_MACRO_SELECT(x, y)
      |                                   ^
/opt/homebrew/Cellar/ruby/4.0.3/include/ruby-4.0.0/ruby/internal/core/rdata.h:49:35: note: expanded from macro 'RBIMPL_MACRO_SELECT'
   49 | #define RBIMPL_MACRO_SELECT(x, y) x ## y
      |                                   ^
<scratch space>:188:1: note: expanded from here
  188 | rb_data_object_get_1
      | ^
/opt/homebrew/Cellar/ruby/4.0.3/include/ruby-4.0.0/ruby/internal/core/rdata.h:368:31: note: expanded from macro 'rb_data_object_get_1'
  368 | #define rb_data_object_get_1  rb_data_object_get_warning
      |                               ^
/opt/homebrew/Cellar/ruby/4.0.3/include/ruby-4.0.0/ruby/internal/core/rdata.h:317:1: note: 'rb_data_object_get_warning' has been explicitly marked deprecated here
  317 | RBIMPL_ATTRSET_UNTYPED_DATA_FUNC()
      | ^
/opt/homebrew/Cellar/ruby/4.0.3/include/ruby-4.0.0/ruby/internal/core/rdata.h:47:5: note: expanded from macro 'RBIMPL_ATTRSET_UNTYPED_DATA_FUNC'
   47 |     RBIMPL_ATTR_DEPRECATED(("by TypedData"))
      |     ^
/opt/homebrew/Cellar/ruby/4.0.3/include/ruby-4.0.0/ruby/internal/attr/deprecated.h:36:53: note: expanded from macro 'RBIMPL_ATTR_DEPRECATED'
   36 | # define RBIMPL_ATTR_DEPRECATED(msg) __attribute__((__deprecated__ msg))
      |                                                     ^
xml_node.c:831:3: warning: 'rb_data_object_get_warning' is deprecated: by TypedData [-Wdeprecated-declarations]
  831 |   Data_Get_Struct(self, xmlNode, node);
      |   ^
/opt/homebrew/Cellar/ruby/4.0.3/include/ruby-4.0.0/ruby/internal/core/rdata.h:278:34: note: expanded from macro 'Data_Get_Struct'
  278 |     ((sval) = RBIMPL_CAST((type*)rb_data_object_get(obj)))
      |                                  ^
/opt/homebrew/Cellar/ruby/4.0.3/include/ruby-4.0.0/ruby/internal/core/rdata.h:370:31: note: expanded from macro 'rb_data_object_get'
  370 | #define rb_data_object_get    RUBY_MACRO_SELECT(rb_data_object_get_2, RUBY_UNTYPED_DATA_WARNING)
      |                               ^
/opt/homebrew/Cellar/ruby/4.0.3/include/ruby-4.0.0/ruby/internal/core/rdata.h:50:35: note: expanded from macro 'RUBY_MACRO_SELECT'
   50 | #define RUBY_MACRO_SELECT(x, y)   RBIMPL_MACRO_SELECT(x, y)
      |                                   ^
/opt/homebrew/Cellar/ruby/4.0.3/include/ruby-4.0.0/ruby/internal/core/rdata.h:49:35: note: expanded from macro 'RBIMPL_MACRO_SELECT'
   49 | #define RBIMPL_MACRO_SELECT(x, y) x ## y
      |                                   ^
<scratch space>:189:1: note: expanded from here
  189 | rb_data_object_get_1
      | ^
/opt/homebrew/Cellar/ruby/4.0.3/include/ruby-4.0.0/ruby/internal/core/rdata.h:368:31: note: expanded from macro 'rb_data_object_get_1'
  368 | #define rb_data_object_get_1  rb_data_object_get_warning
      |                               ^
/opt/homebrew/Cellar/ruby/4.0.3/include/ruby-4.0.0/ruby/internal/core/rdata.h:317:1: note: 'rb_data_object_get_warning' has been explicitly marked deprecated here
  317 | RBIMPL_ATTRSET_UNTYPED_DATA_FUNC()
      | ^
/opt/homebrew/Cellar/ruby/4.0.3/include/ruby-4.0.0/ruby/internal/core/rdata.h:47:5: note: expanded from macro 'RBIMPL_ATTRSET_UNTYPED_DATA_FUNC'
   47 |     RBIMPL_ATTR_DEPRECATED(("by TypedData"))
      |     ^
/opt/homebrew/Cellar/ruby/4.0.3/include/ruby-4.0.0/ruby/internal/attr/deprecated.h:36:53: note: expanded from macro 'RBIMPL_ATTR_DEPRECATED'
   36 | # define RBIMPL_ATTR_DEPRECATED(msg) __attribute__((__deprecated__ msg))
      |                                                     ^
xml_node.c:864:3: warning: 'rb_data_object_get_warning' is deprecated: by TypedData [-Wdeprecated-declarations]
  864 |   Data_Get_Struct(self, xmlNode, node);
      |   ^
/opt/homebrew/Cellar/ruby/4.0.3/include/ruby-4.0.0/ruby/internal/core/rdata.h:278:34: note: expanded from macro 'Data_Get_Struct'
  278 |     ((sval) = RBIMPL_CAST((type*)rb_data_object_get(obj)))
      |                                  ^
/opt/homebrew/Cellar/ruby/4.0.3/include/ruby-4.0.0/ruby/internal/core/rdata.h:370:31: note: expanded from macro 'rb_data_object_get'
  370 | #define rb_data_object_get    RUBY_MACRO_SELECT(rb_data_object_get_2, RUBY_UNTYPED_DATA_WARNING)
      |                               ^
/opt/homebrew/Cellar/ruby/4.0.3/include/ruby-4.0.0/ruby/internal/core/rdata.h:50:35: note: expanded from macro 'RUBY_MACRO_SELECT'
   50 | #define RUBY_MACRO_SELECT(x, y)   RBIMPL_MACRO_SELECT(x, y)
      |                                   ^
/opt/homebrew/Cellar/ruby/4.0.3/include/ruby-4.0.0/ruby/internal/core/rdata.h:49:35: note: expanded from macro 'RBIMPL_MACRO_SELECT'
   49 | #define RBIMPL_MACRO_SELECT(x, y) x ## y
      |                                   ^
<scratch space>:190:1: note: expanded from here
  190 | rb_data_object_get_1
      | ^
/opt/homebrew/Cellar/ruby/4.0.3/include/ruby-4.0.0/ruby/internal/core/rdata.h:368:31: note: expanded from macro 'rb_data_object_get_1'
  368 | #define rb_data_object_get_1  rb_data_object_get_warning
      |                               ^
/opt/homebrew/Cellar/ruby/4.0.3/include/ruby-4.0.0/ruby/internal/core/rdata.h:317:1: note: 'rb_data_object_get_warning' has been explicitly marked deprecated here
  317 | RBIMPL_ATTRSET_UNTYPED_DATA_FUNC()
      | ^
/opt/homebrew/Cellar/ruby/4.0.3/include/ruby-4.0.0/ruby/internal/core/rdata.h:47:5: note: expanded from macro 'RBIMPL_ATTRSET_UNTYPED_DATA_FUNC'
   47 |     RBIMPL_ATTR_DEPRECATED(("by TypedData"))
      |     ^
/opt/homebrew/Cellar/ruby/4.0.3/include/ruby-4.0.0/ruby/internal/attr/deprecated.h:36:53: note: expanded from macro 'RBIMPL_ATTR_DEPRECATED'
   36 | # define RBIMPL_ATTR_DEPRECATED(msg) __attribute__((__deprecated__ msg))
      |                                                     ^
xml_node.c:897:3: warning: 'rb_data_object_get_warning' is deprecated: by TypedData [-Wdeprecated-declarations]
  897 |   Data_Get_Struct(self, xmlNode, node);
      |   ^
/opt/homebrew/Cellar/ruby/4.0.3/include/ruby-4.0.0/ruby/internal/core/rdata.h:278:34: note: expanded from macro 'Data_Get_Struct'
  278 |     ((sval) = RBIMPL_CAST((type*)rb_data_object_get(obj)))
      |                                  ^
/opt/homebrew/Cellar/ruby/4.0.3/include/ruby-4.0.0/ruby/internal/core/rdata.h:370:31: note: expanded from macro 'rb_data_object_get'
  370 | #define rb_data_object_get    RUBY_MACRO_SELECT(rb_data_object_get_2, RUBY_UNTYPED_DATA_WARNING)
      |                               ^
/opt/homebrew/Cellar/ruby/4.0.3/include/ruby-4.0.0/ruby/internal/core/rdata.h:50:35: note: expanded from macro 'RUBY_MACRO_SELECT'
   50 | #define RUBY_MACRO_SELECT(x, y)   RBIMPL_MACRO_SELECT(x, y)
      |                                   ^
/opt/homebrew/Cellar/ruby/4.0.3/include/ruby-4.0.0/ruby/internal/core/rdata.h:49:35: note: expanded from macro 'RBIMPL_MACRO_SELECT'
   49 | #define RBIMPL_MACRO_SELECT(x, y) x ## y
      |                                   ^
<scratch space>:191:1: note: expanded from here
  191 | rb_data_object_get_1
      | ^
/opt/homebrew/Cellar/ruby/4.0.3/include/ruby-4.0.0/ruby/internal/core/rdata.h:368:31: note: expanded from macro 'rb_data_object_get_1'
  368 | #define rb_data_object_get_1  rb_data_object_get_warning
      |                               ^
/opt/homebrew/Cellar/ruby/4.0.3/include/ruby-4.0.0/ruby/internal/core/rdata.h:317:1: note: 'rb_data_object_get_warning' has been explicitly marked deprecated here
  317 | RBIMPL_ATTRSET_UNTYPED_DATA_FUNC()
      | ^
/opt/homebrew/Cellar/ruby/4.0.3/include/ruby-4.0.0/ruby/internal/core/rdata.h:47:5: note: expanded from macro 'RBIMPL_ATTRSET_UNTYPED_DATA_FUNC'
   47 |     RBIMPL_ATTR_DEPRECATED(("by TypedData"))
      |     ^
/opt/homebrew/Cellar/ruby/4.0.3/include/ruby-4.0.0/ruby/internal/attr/deprecated.h:36:53: note: expanded from macro 'RBIMPL_ATTR_DEPRECATED'
   36 | # define RBIMPL_ATTR_DEPRECATED(msg) __attribute__((__deprecated__ msg))
      |                                                     ^
xml_node.c:922:3: warning: 'rb_data_object_get_warning' is deprecated: by TypedData [-Wdeprecated-declarations]
  922 |   Data_Get_Struct(self, xmlNode, node);
      |   ^
/opt/homebrew/Cellar/ruby/4.0.3/include/ruby-4.0.0/ruby/internal/core/rdata.h:278:34: note: expanded from macro 'Data_Get_Struct'
  278 |     ((sval) = RBIMPL_CAST((type*)rb_data_object_get(obj)))
      |                                  ^
/opt/homebrew/Cellar/ruby/4.0.3/include/ruby-4.0.0/ruby/internal/core/rdata.h:370:31: note: expanded from macro 'rb_data_object_get'
  370 | #define rb_data_object_get    RUBY_MACRO_SELECT(rb_data_object_get_2, RUBY_UNTYPED_DATA_WARNING)
      |                               ^
/opt/homebrew/Cellar/ruby/4.0.3/include/ruby-4.0.0/ruby/internal/core/rdata.h:50:35: note: expanded from macro 'RUBY_MACRO_SELECT'
   50 | #define RUBY_MACRO_SELECT(x, y)   RBIMPL_MACRO_SELECT(x, y)
      |                                   ^
/opt/homebrew/Cellar/ruby/4.0.3/include/ruby-4.0.0/ruby/internal/core/rdata.h:49:35: note: expanded from macro 'RBIMPL_MACRO_SELECT'
   49 | #define RBIMPL_MACRO_SELECT(x, y) x ## y
      |                                   ^
<scratch space>:192:1: note: expanded from here
  192 | rb_data_object_get_1
      | ^
/opt/homebrew/Cellar/ruby/4.0.3/include/ruby-4.0.0/ruby/internal/core/rdata.h:368:31: note: expanded from macro 'rb_data_object_get_1'
  368 | #define rb_data_object_get_1  rb_data_object_get_warning
      |                               ^
/opt/homebrew/Cellar/ruby/4.0.3/include/ruby-4.0.0/ruby/internal/core/rdata.h:317:1: note: 'rb_data_object_get_warning' has been explicitly marked deprecated here
  317 | RBIMPL_ATTRSET_UNTYPED_DATA_FUNC()
      | ^
/opt/homebrew/Cellar/ruby/4.0.3/include/ruby-4.0.0/ruby/internal/core/rdata.h:47:5: note: expanded from macro 'RBIMPL_ATTRSET_UNTYPED_DATA_FUNC'
   47 |     RBIMPL_ATTR_DEPRECATED(("by TypedData"))
      |     ^
/opt/homebrew/Cellar/ruby/4.0.3/include/ruby-4.0.0/ruby/internal/attr/deprecated.h:36:53: note: expanded from macro 'RBIMPL_ATTR_DEPRECATED'
   36 | # define RBIMPL_ATTR_DEPRECATED(msg) __attribute__((__deprecated__ msg))
      |                                                     ^
xml_node.c:958:3: warning: 'rb_data_object_get_warning' is deprecated: by TypedData [-Wdeprecated-declarations]
  958 |   Data_Get_Struct(self, xmlNode, node);
      |   ^
/opt/homebrew/Cellar/ruby/4.0.3/include/ruby-4.0.0/ruby/internal/core/rdata.h:278:34: note: expanded from macro 'Data_Get_Struct'
  278 |     ((sval) = RBIMPL_CAST((type*)rb_data_object_get(obj)))
      |                                  ^
/opt/homebrew/Cellar/ruby/4.0.3/include/ruby-4.0.0/ruby/internal/core/rdata.h:370:31: note: expanded from macro 'rb_data_object_get'
  370 | #define rb_data_object_get    RUBY_MACRO_SELECT(rb_data_object_get_2, RUBY_UNTYPED_DATA_WARNING)
      |                               ^
/opt/homebrew/Cellar/ruby/4.0.3/include/ruby-4.0.0/ruby/internal/core/rdata.h:50:35: note: expanded from macro 'RUBY_MACRO_SELECT'
   50 | #define RUBY_MACRO_SELECT(x, y)   RBIMPL_MACRO_SELECT(x, y)
      |                                   ^
/opt/homebrew/Cellar/ruby/4.0.3/include/ruby-4.0.0/ruby/internal/core/rdata.h:49:35: note: expanded from macro 'RBIMPL_MACRO_SELECT'
   49 | #define RBIMPL_MACRO_SELECT(x, y) x ## y
      |                                   ^
<scratch space>:193:1: note: expanded from here
  193 | rb_data_object_get_1
      | ^
/opt/homebrew/Cellar/ruby/4.0.3/include/ruby-4.0.0/ruby/internal/core/rdata.h:368:31: note: expanded from macro 'rb_data_object_get_1'
  368 | #define rb_data_object_get_1  rb_data_object_get_warning
      |                               ^
/opt/homebrew/Cellar/ruby/4.0.3/include/ruby-4.0.0/ruby/internal/core/rdata.h:317:1: note: 'rb_data_object_get_warning' has been explicitly marked deprecated here
  317 | RBIMPL_ATTRSET_UNTYPED_DATA_FUNC()
      | ^
/opt/homebrew/Cellar/ruby/4.0.3/include/ruby-4.0.0/ruby/internal/core/rdata.h:47:5: note: expanded from macro 'RBIMPL_ATTRSET_UNTYPED_DATA_FUNC'
   47 |     RBIMPL_ATTR_DEPRECATED(("by TypedData"))
      |     ^
/opt/homebrew/Cellar/ruby/4.0.3/include/ruby-4.0.0/ruby/internal/attr/deprecated.h:36:53: note: expanded from macro 'RBIMPL_ATTR_DEPRECATED'
   36 | # define RBIMPL_ATTR_DEPRECATED(msg) __attribute__((__deprecated__ msg))
      |                                                     ^
xml_node.c:970:5: warning: 'rb_data_object_get_warning' is deprecated: by TypedData [-Wdeprecated-declarations]
  970 |     Data_Get_Struct(r_new_parent_doc, xmlDoc, new_parent_doc);
      |     ^
/opt/homebrew/Cellar/ruby/4.0.3/include/ruby-4.0.0/ruby/internal/core/rdata.h:278:34: note: expanded from macro 'Data_Get_Struct'
  278 |     ((sval) = RBIMPL_CAST((type*)rb_data_object_get(obj)))
      |                                  ^
/opt/homebrew/Cellar/ruby/4.0.3/include/ruby-4.0.0/ruby/internal/core/rdata.h:370:31: note: expanded from macro 'rb_data_object_get'
  370 | #define rb_data_object_get    RUBY_MACRO_SELECT(rb_data_object_get_2, RUBY_UNTYPED_DATA_WARNING)
      |                               ^
/opt/homebrew/Cellar/ruby/4.0.3/include/ruby-4.0.0/ruby/internal/core/rdata.h:50:35: note: expanded from macro 'RUBY_MACRO_SELECT'
   50 | #define RUBY_MACRO_SELECT(x, y)   RBIMPL_MACRO_SELECT(x, y)
      |                                   ^
/opt/homebrew/Cellar/ruby/4.0.3/include/ruby-4.0.0/ruby/internal/core/rdata.h:49:35: note: expanded from macro 'RBIMPL_MACRO_SELECT'
   49 | #define RBIMPL_MACRO_SELECT(x, y) x ## y
      |                                   ^
<scratch space>:194:1: note: expanded from here
  194 | rb_data_object_get_1
      | ^
/opt/homebrew/Cellar/ruby/4.0.3/include/ruby-4.0.0/ruby/internal/core/rdata.h:368:31: note: expanded from macro 'rb_data_object_get_1'
  368 | #define rb_data_object_get_1  rb_data_object_get_warning
      |                               ^
/opt/homebrew/Cellar/ruby/4.0.3/include/ruby-4.0.0/ruby/internal/core/rdata.h:317:1: note: 'rb_data_object_get_warning' has been explicitly marked deprecated here
  317 | RBIMPL_ATTRSET_UNTYPED_DATA_FUNC()
      | ^
/opt/homebrew/Cellar/ruby/4.0.3/include/ruby-4.0.0/ruby/internal/core/rdata.h:47:5: note: expanded from macro 'RBIMPL_ATTRSET_UNTYPED_DATA_FUNC'
   47 |     RBIMPL_ATTR_DEPRECATED(("by TypedData"))
      |     ^
/opt/homebrew/Cellar/ruby/4.0.3/include/ruby-4.0.0/ruby/internal/attr/deprecated.h:36:53: note: expanded from macro 'RBIMPL_ATTR_DEPRECATED'
   36 | # define RBIMPL_ATTR_DEPRECATED(msg) __attribute__((__deprecated__ msg))
      |                                                     ^
xml_node.c:991:3: warning: 'rb_data_object_get_warning' is deprecated: by TypedData [-Wdeprecated-declarations]
  991 |   Data_Get_Struct(self, xmlNode, node);
      |   ^
/opt/homebrew/Cellar/ruby/4.0.3/include/ruby-4.0.0/ruby/internal/core/rdata.h:278:34: note: expanded from macro 'Data_Get_Struct'
  278 |     ((sval) = RBIMPL_CAST((type*)rb_data_object_get(obj)))
      |                                  ^
/opt/homebrew/Cellar/ruby/4.0.3/include/ruby-4.0.0/ruby/internal/core/rdata.h:370:31: note: expanded from macro 'rb_data_object_get'
  370 | #define rb_data_object_get    RUBY_MACRO_SELECT(rb_data_object_get_2, RUBY_UNTYPED_DATA_WARNING)
      |                               ^
/opt/homebrew/Cellar/ruby/4.0.3/include/ruby-4.0.0/ruby/internal/core/rdata.h:50:35: note: expanded from macro 'RUBY_MACRO_SELECT'
   50 | #define RUBY_MACRO_SELECT(x, y)   RBIMPL_MACRO_SELECT(x, y)
      |                                   ^
/opt/homebrew/Cellar/ruby/4.0.3/include/ruby-4.0.0/ruby/internal/core/rdata.h:49:35: note: expanded from macro 'RBIMPL_MACRO_SELECT'
   49 | #define RBIMPL_MACRO_SELECT(x, y) x ## y
      |                                   ^
<scratch space>:195:1: note: expanded from here
  195 | rb_data_object_get_1
      | ^
/opt/homebrew/Cellar/ruby/4.0.3/include/ruby-4.0.0/ruby/internal/core/rdata.h:368:31: note: expanded from macro 'rb_data_object_get_1'
  368 | #define rb_data_object_get_1  rb_data_object_get_warning
      |                               ^
/opt/homebrew/Cellar/ruby/4.0.3/include/ruby-4.0.0/ruby/internal/core/rdata.h:317:1: note: 'rb_data_object_get_warning' has been explicitly marked deprecated here
  317 | RBIMPL_ATTRSET_UNTYPED_DATA_FUNC()
      | ^
/opt/homebrew/Cellar/ruby/4.0.3/include/ruby-4.0.0/ruby/internal/core/rdata.h:47:5: note: expanded from macro 'RBIMPL_ATTRSET_UNTYPED_DATA_FUNC'
   47 |     RBIMPL_ATTR_DEPRECATED(("by TypedData"))
      |     ^
/opt/homebrew/Cellar/ruby/4.0.3/include/ruby-4.0.0/ruby/internal/attr/deprecated.h:36:53: note: expanded from macro 'RBIMPL_ATTR_DEPRECATED'
   36 | # define RBIMPL_ATTR_DEPRECATED(msg) __attribute__((__deprecated__ msg))
      |                                                     ^
xml_node.c:1008:3: warning: 'rb_data_object_get_warning' is deprecated: by TypedData [-Wdeprecated-declarations]
 1008 |   Data_Get_Struct(self, xmlNode, node);
      |   ^
/opt/homebrew/Cellar/ruby/4.0.3/include/ruby-4.0.0/ruby/internal/core/rdata.h:278:34: note: expanded from macro 'Data_Get_Struct'
  278 |     ((sval) = RBIMPL_CAST((type*)rb_data_object_get(obj)))
      |                                  ^
/opt/homebrew/Cellar/ruby/4.0.3/include/ruby-4.0.0/ruby/internal/core/rdata.h:370:31: note: expanded from macro 'rb_data_object_get'
  370 | #define rb_data_object_get    RUBY_MACRO_SELECT(rb_data_object_get_2, RUBY_UNTYPED_DATA_WARNING)
      |                               ^
/opt/homebrew/Cellar/ruby/4.0.3/include/ruby-4.0.0/ruby/internal/core/rdata.h:50:35: note: expanded from macro 'RUBY_MACRO_SELECT'
   50 | #define RUBY_MACRO_SELECT(x, y)   RBIMPL_MACRO_SELECT(x, y)
      |                                   ^
/opt/homebrew/Cellar/ruby/4.0.3/include/ruby-4.0.0/ruby/internal/core/rdata.h:49:35: note: expanded from macro 'RBIMPL_MACRO_SELECT'
   49 | #define RBIMPL_MACRO_SELECT(x, y) x ## y
      |                                   ^
<scratch space>:196:1: note: expanded from here
  196 | rb_data_object_get_1
      | ^
/opt/homebrew/Cellar/ruby/4.0.3/include/ruby-4.0.0/ruby/internal/core/rdata.h:368:31: note: expanded from macro 'rb_data_object_get_1'
  368 | #define rb_data_object_get_1  rb_data_object_get_warning
      |                               ^
/opt/homebrew/Cellar/ruby/4.0.3/include/ruby-4.0.0/ruby/internal/core/rdata.h:317:1: note: 'rb_data_object_get_warning' has been explicitly marked deprecated here
  317 | RBIMPL_ATTRSET_UNTYPED_DATA_FUNC()
      | ^
/opt/homebrew/Cellar/ruby/4.0.3/include/ruby-4.0.0/ruby/internal/core/rdata.h:47:5: note: expanded from macro 'RBIMPL_ATTRSET_UNTYPED_DATA_FUNC'
   47 |     RBIMPL_ATTR_DEPRECATED(("by TypedData"))
      |     ^
/opt/homebrew/Cellar/ruby/4.0.3/include/ruby-4.0.0/ruby/internal/attr/deprecated.h:36:53: note: expanded from macro 'RBIMPL_ATTR_DEPRECATED'
   36 | # define RBIMPL_ATTR_DEPRECATED(msg) __attribute__((__deprecated__ msg))
      |                                                     ^
xml_node.c:1026:3: warning: 'rb_data_object_get_warning' is deprecated: by TypedData [-Wdeprecated-declarations]
 1026 |   Data_Get_Struct(self, xmlNode, node);
      |   ^
/opt/homebrew/Cellar/ruby/4.0.3/include/ruby-4.0.0/ruby/internal/core/rdata.h:278:34: note: expanded from macro 'Data_Get_Struct'
  278 |     ((sval) = RBIMPL_CAST((type*)rb_data_object_get(obj)))
      |                                  ^
/opt/homebrew/Cellar/ruby/4.0.3/include/ruby-4.0.0/ruby/internal/core/rdata.h:370:31: note: expanded from macro 'rb_data_object_get'
  370 | #define rb_data_object_get    RUBY_MACRO_SELECT(rb_data_object_get_2, RUBY_UNTYPED_DATA_WARNING)
      |                               ^
/opt/homebrew/Cellar/ruby/4.0.3/include/ruby-4.0.0/ruby/internal/core/rdata.h:50:35: note: expanded from macro 'RUBY_MACRO_SELECT'
   50 | #define RUBY_MACRO_SELECT(x, y)   RBIMPL_MACRO_SELECT(x, y)
      |                                   ^
/opt/homebrew/Cellar/ruby/4.0.3/include/ruby-4.0.0/ruby/internal/core/rdata.h:49:35: note: expanded from macro 'RBIMPL_MACRO_SELECT'
   49 | #define RBIMPL_MACRO_SELECT(x, y) x ## y
      |                                   ^
<scratch space>:197:1: note: expanded from here
  197 | rb_data_object_get_1
      | ^
/opt/homebrew/Cellar/ruby/4.0.3/include/ruby-4.0.0/ruby/internal/core/rdata.h:368:31: note: expanded from macro 'rb_data_object_get_1'
  368 | #define rb_data_object_get_1  rb_data_object_get_warning
      |                               ^
/opt/homebrew/Cellar/ruby/4.0.3/include/ruby-4.0.0/ruby/internal/core/rdata.h:317:1: note: 'rb_data_object_get_warning' has been explicitly marked deprecated here
  317 | RBIMPL_ATTRSET_UNTYPED_DATA_FUNC()
      | ^
/opt/homebrew/Cellar/ruby/4.0.3/include/ruby-4.0.0/ruby/internal/core/rdata.h:47:5: note: expanded from macro 'RBIMPL_ATTRSET_UNTYPED_DATA_FUNC'
   47 |     RBIMPL_ATTR_DEPRECATED(("by TypedData"))
      |     ^
/opt/homebrew/Cellar/ruby/4.0.3/include/ruby-4.0.0/ruby/internal/attr/deprecated.h:36:53: note: expanded from macro 'RBIMPL_ATTR_DEPRECATED'
   36 | # define RBIMPL_ATTR_DEPRECATED(msg) __attribute__((__deprecated__ msg))
      |                                                     ^
xml_node.c:1044:3: warning: 'rb_data_object_get_warning' is deprecated: by TypedData [-Wdeprecated-declarations]
 1044 |   Data_Get_Struct(self, xmlNode, node);
      |   ^
/opt/homebrew/Cellar/ruby/4.0.3/include/ruby-4.0.0/ruby/internal/core/rdata.h:278:34: note: expanded from macro 'Data_Get_Struct'
  278 |     ((sval) = RBIMPL_CAST((type*)rb_data_object_get(obj)))
      |                                  ^
/opt/homebrew/Cellar/ruby/4.0.3/include/ruby-4.0.0/ruby/internal/core/rdata.h:370:31: note: expanded from macro 'rb_data_object_get'
  370 | #define rb_data_object_get    RUBY_MACRO_SELECT(rb_data_object_get_2, RUBY_UNTYPED_DATA_WARNING)
      |                               ^
/opt/homebrew/Cellar/ruby/4.0.3/include/ruby-4.0.0/ruby/internal/core/rdata.h:50:35: note: expanded from macro 'RUBY_MACRO_SELECT'
   50 | #define RUBY_MACRO_SELECT(x, y)   RBIMPL_MACRO_SELECT(x, y)
      |                                   ^
/opt/homebrew/Cellar/ruby/4.0.3/include/ruby-4.0.0/ruby/internal/core/rdata.h:49:35: note: expanded from macro 'RBIMPL_MACRO_SELECT'
   49 | #define RBIMPL_MACRO_SELECT(x, y) x ## y
      |                                   ^
<scratch space>:198:1: note: expanded from here
  198 | rb_data_object_get_1
      | ^
/opt/homebrew/Cellar/ruby/4.0.3/include/ruby-4.0.0/ruby/internal/core/rdata.h:368:31: note: expanded from macro 'rb_data_object_get_1'
  368 | #define rb_data_object_get_1  rb_data_object_get_warning
      |                               ^
/opt/homebrew/Cellar/ruby/4.0.3/include/ruby-4.0.0/ruby/internal/core/rdata.h:317:1: note: 'rb_data_object_get_warning' has been explicitly marked deprecated here
  317 | RBIMPL_ATTRSET_UNTYPED_DATA_FUNC()
      | ^
/opt/homebrew/Cellar/ruby/4.0.3/include/ruby-4.0.0/ruby/internal/core/rdata.h:47:5: note: expanded from macro 'RBIMPL_ATTRSET_UNTYPED_DATA_FUNC'
   47 |     RBIMPL_ATTR_DEPRECATED(("by TypedData"))
      |     ^
/opt/homebrew/Cellar/ruby/4.0.3/include/ruby-4.0.0/ruby/internal/attr/deprecated.h:36:53: note: expanded from macro 'RBIMPL_ATTR_DEPRECATED'
   36 | # define RBIMPL_ATTR_DEPRECATED(msg) __attribute__((__deprecated__ msg))
      |                                                     ^
xml_node.c:1062:3: warning: 'rb_data_object_get_warning' is deprecated: by TypedData [-Wdeprecated-declarations]
 1062 |   Data_Get_Struct(self, xmlNode, node);
      |   ^
/opt/homebrew/Cellar/ruby/4.0.3/include/ruby-4.0.0/ruby/internal/core/rdata.h:278:34: note: expanded from macro 'Data_Get_Struct'
  278 |     ((sval) = RBIMPL_CAST((type*)rb_data_object_get(obj)))
      |                                  ^
/opt/homebrew/Cellar/ruby/4.0.3/include/ruby-4.0.0/ruby/internal/core/rdata.h:370:31: note: expanded from macro 'rb_data_object_get'
  370 | #define rb_data_object_get    RUBY_MACRO_SELECT(rb_data_object_get_2, RUBY_UNTYPED_DATA_WARNING)
      |                               ^
/opt/homebrew/Cellar/ruby/4.0.3/include/ruby-4.0.0/ruby/internal/core/rdata.h:50:35: note: expanded from macro 'RUBY_MACRO_SELECT'
   50 | #define RUBY_MACRO_SELECT(x, y)   RBIMPL_MACRO_SELECT(x, y)
      |                                   ^
/opt/homebrew/Cellar/ruby/4.0.3/include/ruby-4.0.0/ruby/internal/core/rdata.h:49:35: note: expanded from macro 'RBIMPL_MACRO_SELECT'
   49 | #define RBIMPL_MACRO_SELECT(x, y) x ## y
      |                                   ^
<scratch space>:199:1: note: expanded from here
  199 | rb_data_object_get_1
      | ^
/opt/homebrew/Cellar/ruby/4.0.3/include/ruby-4.0.0/ruby/internal/core/rdata.h:368:31: note: expanded from macro 'rb_data_object_get_1'
  368 | #define rb_data_object_get_1  rb_data_object_get_warning
      |                               ^
/opt/homebrew/Cellar/ruby/4.0.3/include/ruby-4.0.0/ruby/internal/core/rdata.h:317:1: note: 'rb_data_object_get_warning' has been explicitly marked deprecated here
  317 | RBIMPL_ATTRSET_UNTYPED_DATA_FUNC()
      | ^
/opt/homebrew/Cellar/ruby/4.0.3/include/ruby-4.0.0/ruby/internal/core/rdata.h:47:5: note: expanded from macro 'RBIMPL_ATTRSET_UNTYPED_DATA_FUNC'
   47 |     RBIMPL_ATTR_DEPRECATED(("by TypedData"))
      |     ^
/opt/homebrew/Cellar/ruby/4.0.3/include/ruby-4.0.0/ruby/internal/attr/deprecated.h:36:53: note: expanded from macro 'RBIMPL_ATTR_DEPRECATED'
   36 | # define RBIMPL_ATTR_DEPRECATED(msg) __attribute__((__deprecated__ msg))
      |                                                     ^
xml_node.c:1084:3: warning: 'rb_data_object_get_warning' is deprecated: by TypedData [-Wdeprecated-declarations]
 1084 |   Data_Get_Struct(self, xmlNode, pivot);
      |   ^
/opt/homebrew/Cellar/ruby/4.0.3/include/ruby-4.0.0/ruby/internal/core/rdata.h:278:34: note: expanded from macro 'Data_Get_Struct'
  278 |     ((sval) = RBIMPL_CAST((type*)rb_data_object_get(obj)))
      |                                  ^
/opt/homebrew/Cellar/ruby/4.0.3/include/ruby-4.0.0/ruby/internal/core/rdata.h:370:31: note: expanded from macro 'rb_data_object_get'
  370 | #define rb_data_object_get    RUBY_MACRO_SELECT(rb_data_object_get_2, RUBY_UNTYPED_DATA_WARNING)
      |                               ^
/opt/homebrew/Cellar/ruby/4.0.3/include/ruby-4.0.0/ruby/internal/core/rdata.h:50:35: note: expanded from macro 'RUBY_MACRO_SELECT'
   50 | #define RUBY_MACRO_SELECT(x, y)   RBIMPL_MACRO_SELECT(x, y)
      |                                   ^
/opt/homebrew/Cellar/ruby/4.0.3/include/ruby-4.0.0/ruby/internal/core/rdata.h:49:35: note: expanded from macro 'RBIMPL_MACRO_SELECT'
   49 | #define RBIMPL_MACRO_SELECT(x, y) x ## y
      |                                   ^
<scratch space>:200:1: note: expanded from here
  200 | rb_data_object_get_1
      | ^
/opt/homebrew/Cellar/ruby/4.0.3/include/ruby-4.0.0/ruby/internal/core/rdata.h:368:31: note: expanded from macro 'rb_data_object_get_1'
  368 | #define rb_data_object_get_1  rb_data_object_get_warning
      |                               ^
/opt/homebrew/Cellar/ruby/4.0.3/include/ruby-4.0.0/ruby/internal/core/rdata.h:317:1: note: 'rb_data_object_get_warning' has been explicitly marked deprecated here
  317 | RBIMPL_ATTRSET_UNTYPED_DATA_FUNC()
      | ^
/opt/homebrew/Cellar/ruby/4.0.3/include/ruby-4.0.0/ruby/internal/core/rdata.h:47:5: note: expanded from macro 'RBIMPL_ATTRSET_UNTYPED_DATA_FUNC'
   47 |     RBIMPL_ATTR_DEPRECATED(("by TypedData"))
      |     ^
/opt/homebrew/Cellar/ruby/4.0.3/include/ruby-4.0.0/ruby/internal/attr/deprecated.h:36:53: note: expanded from macro 'RBIMPL_ATTR_DEPRECATED'
   36 | # define RBIMPL_ATTR_DEPRECATED(msg) __attribute__((__deprecated__ msg))
      |                                                     ^
xml_node.c:1119:3: warning: 'rb_data_object_get_warning' is deprecated: by TypedData [-Wdeprecated-declarations]
 1119 |   Data_Get_Struct(self, xmlNode, node);
      |   ^
/opt/homebrew/Cellar/ruby/4.0.3/include/ruby-4.0.0/ruby/internal/core/rdata.h:278:34: note: expanded from macro 'Data_Get_Struct'
  278 |     ((sval) = RBIMPL_CAST((type*)rb_data_object_get(obj)))
      |                                  ^
/opt/homebrew/Cellar/ruby/4.0.3/include/ruby-4.0.0/ruby/internal/core/rdata.h:370:31: note: expanded from macro 'rb_data_object_get'
  370 | #define rb_data_object_get    RUBY_MACRO_SELECT(rb_data_object_get_2, RUBY_UNTYPED_DATA_WARNING)
      |                               ^
/opt/homebrew/Cellar/ruby/4.0.3/include/ruby-4.0.0/ruby/internal/core/rdata.h:50:35: note: expanded from macro 'RUBY_MACRO_SELECT'
   50 | #define RUBY_MACRO_SELECT(x, y)   RBIMPL_MACRO_SELECT(x, y)
      |                                   ^
/opt/homebrew/Cellar/ruby/4.0.3/include/ruby-4.0.0/ruby/internal/core/rdata.h:49:35: note: expanded from macro 'RBIMPL_MACRO_SELECT'
   49 | #define RBIMPL_MACRO_SELECT(x, y) x ## y
      |                                   ^
<scratch space>:201:1: note: expanded from here
  201 | rb_data_object_get_1
      | ^
/opt/homebrew/Cellar/ruby/4.0.3/include/ruby-4.0.0/ruby/internal/core/rdata.h:368:31: note: expanded from macro 'rb_data_object_get_1'
  368 | #define rb_data_object_get_1  rb_data_object_get_warning
      |                               ^
/opt/homebrew/Cellar/ruby/4.0.3/include/ruby-4.0.0/ruby/internal/core/rdata.h:317:1: note: 'rb_data_object_get_warning' has been explicitly marked deprecated here
  317 | RBIMPL_ATTRSET_UNTYPED_DATA_FUNC()
      | ^
/opt/homebrew/Cellar/ruby/4.0.3/include/ruby-4.0.0/ruby/internal/core/rdata.h:47:5: note: expanded from macro 'RBIMPL_ATTRSET_UNTYPED_DATA_FUNC'
   47 |     RBIMPL_ATTR_DEPRECATED(("by TypedData"))
      |     ^
/opt/homebrew/Cellar/ruby/4.0.3/include/ruby-4.0.0/ruby/internal/attr/deprecated.h:36:53: note: expanded from macro 'RBIMPL_ATTR_DEPRECATED'
   36 | # define RBIMPL_ATTR_DEPRECATED(msg) __attribute__((__deprecated__ msg))
      |                                                     ^
xml_node.c:1158:3: warning: 'rb_data_object_get_warning' is deprecated: by TypedData [-Wdeprecated-declarations]
 1158 |   Data_Get_Struct(self, xmlNode, node);
      |   ^
/opt/homebrew/Cellar/ruby/4.0.3/include/ruby-4.0.0/ruby/internal/core/rdata.h:278:34: note: expanded from macro 'Data_Get_Struct'
  278 |     ((sval) = RBIMPL_CAST((type*)rb_data_object_get(obj)))
      |                                  ^
/opt/homebrew/Cellar/ruby/4.0.3/include/ruby-4.0.0/ruby/internal/core/rdata.h:370:31: note: expanded from macro 'rb_data_object_get'
  370 | #define rb_data_object_get    RUBY_MACRO_SELECT(rb_data_object_get_2, RUBY_UNTYPED_DATA_WARNING)
      |                               ^
/opt/homebrew/Cellar/ruby/4.0.3/include/ruby-4.0.0/ruby/internal/core/rdata.h:50:35: note: expanded from macro 'RUBY_MACRO_SELECT'
   50 | #define RUBY_MACRO_SELECT(x, y)   RBIMPL_MACRO_SELECT(x, y)
      |                                   ^
/opt/homebrew/Cellar/ruby/4.0.3/include/ruby-4.0.0/ruby/internal/core/rdata.h:49:35: note: expanded from macro 'RBIMPL_MACRO_SELECT'
   49 | #define RBIMPL_MACRO_SELECT(x, y) x ## y
      |                                   ^
<scratch space>:202:1: note: expanded from here
  202 | rb_data_object_get_1
      | ^
/opt/homebrew/Cellar/ruby/4.0.3/include/ruby-4.0.0/ruby/internal/core/rdata.h:368:31: note: expanded from macro 'rb_data_object_get_1'
  368 | #define rb_data_object_get_1  rb_data_object_get_warning
      |                               ^
/opt/homebrew/Cellar/ruby/4.0.3/include/ruby-4.0.0/ruby/internal/core/rdata.h:317:1: note: 'rb_data_object_get_warning' has been explicitly marked deprecated here
  317 | RBIMPL_ATTRSET_UNTYPED_DATA_FUNC()
      | ^
/opt/homebrew/Cellar/ruby/4.0.3/include/ruby-4.0.0/ruby/internal/core/rdata.h:47:5: note: expanded from macro 'RBIMPL_ATTRSET_UNTYPED_DATA_FUNC'
   47 |     RBIMPL_ATTR_DEPRECATED(("by TypedData"))
      |     ^
/opt/homebrew/Cellar/ruby/4.0.3/include/ruby-4.0.0/ruby/internal/attr/deprecated.h:36:53: note: expanded from macro 'RBIMPL_ATTR_DEPRECATED'
   36 | # define RBIMPL_ATTR_DEPRECATED(msg) __attribute__((__deprecated__ msg))
      |                                                     ^
xml_node.c:1185:3: warning: 'rb_data_object_get_warning' is deprecated: by TypedData [-Wdeprecated-declarations]
 1185 |   Data_Get_Struct(self, xmlNode, node);
      |   ^
/opt/homebrew/Cellar/ruby/4.0.3/include/ruby-4.0.0/ruby/internal/core/rdata.h:278:34: note: expanded from macro 'Data_Get_Struct'
  278 |     ((sval) = RBIMPL_CAST((type*)rb_data_object_get(obj)))
      |                                  ^
/opt/homebrew/Cellar/ruby/4.0.3/include/ruby-4.0.0/ruby/internal/core/rdata.h:370:31: note: expanded from macro 'rb_data_object_get'
  370 | #define rb_data_object_get    RUBY_MACRO_SELECT(rb_data_object_get_2, RUBY_UNTYPED_DATA_WARNING)
      |                               ^
/opt/homebrew/Cellar/ruby/4.0.3/include/ruby-4.0.0/ruby/internal/core/rdata.h:50:35: note: expanded from macro 'RUBY_MACRO_SELECT'
   50 | #define RUBY_MACRO_SELECT(x, y)   RBIMPL_MACRO_SELECT(x, y)
      |                                   ^
/opt/homebrew/Cellar/ruby/4.0.3/include/ruby-4.0.0/ruby/internal/core/rdata.h:49:35: note: expanded from macro 'RBIMPL_MACRO_SELECT'
   49 | #define RBIMPL_MACRO_SELECT(x, y) x ## y
      |                                   ^
<scratch space>:203:1: note: expanded from here
  203 | rb_data_object_get_1
      | ^
/opt/homebrew/Cellar/ruby/4.0.3/include/ruby-4.0.0/ruby/internal/core/rdata.h:368:31: note: expanded from macro 'rb_data_object_get_1'
  368 | #define rb_data_object_get_1  rb_data_object_get_warning
      |                               ^
/opt/homebrew/Cellar/ruby/4.0.3/include/ruby-4.0.0/ruby/internal/core/rdata.h:317:1: note: 'rb_data_object_get_warning' has been explicitly marked deprecated here
  317 | RBIMPL_ATTRSET_UNTYPED_DATA_FUNC()
      | ^
/opt/homebrew/Cellar/ruby/4.0.3/include/ruby-4.0.0/ruby/internal/core/rdata.h:47:5: note: expanded from macro 'RBIMPL_ATTRSET_UNTYPED_DATA_FUNC'
   47 |     RBIMPL_ATTR_DEPRECATED(("by TypedData"))
      |     ^
/opt/homebrew/Cellar/ruby/4.0.3/include/ruby-4.0.0/ruby/internal/attr/deprecated.h:36:53: note: expanded from macro 'RBIMPL_ATTR_DEPRECATED'
   36 | # define RBIMPL_ATTR_DEPRECATED(msg) __attribute__((__deprecated__ msg))
      |                                                     ^
xml_node.c:1203:3: warning: 'rb_data_object_get_warning' is deprecated: by TypedData [-Wdeprecated-declarations]
 1203 |   Data_Get_Struct(self, xmlNode, node);
      |   ^
/opt/homebrew/Cellar/ruby/4.0.3/include/ruby-4.0.0/ruby/internal/core/rdata.h:278:34: note: expanded from macro 'Data_Get_Struct'
  278 |     ((sval) = RBIMPL_CAST((type*)rb_data_object_get(obj)))
      |                                  ^
/opt/homebrew/Cellar/ruby/4.0.3/include/ruby-4.0.0/ruby/internal/core/rdata.h:370:31: note: expanded from macro 'rb_data_object_get'
  370 | #define rb_data_object_get    RUBY_MACRO_SELECT(rb_data_object_get_2, RUBY_UNTYPED_DATA_WARNING)
      |                               ^
/opt/homebrew/Cellar/ruby/4.0.3/include/ruby-4.0.0/ruby/internal/core/rdata.h:50:35: note: expanded from macro 'RUBY_MACRO_SELECT'
   50 | #define RUBY_MACRO_SELECT(x, y)   RBIMPL_MACRO_SELECT(x, y)
      |                                   ^
/opt/homebrew/Cellar/ruby/4.0.3/include/ruby-4.0.0/ruby/internal/core/rdata.h:49:35: note: expanded from macro 'RBIMPL_MACRO_SELECT'
   49 | #define RBIMPL_MACRO_SELECT(x, y) x ## y
      |                                   ^
<scratch space>:204:1: note: expanded from here
  204 | rb_data_object_get_1
      | ^
/opt/homebrew/Cellar/ruby/4.0.3/include/ruby-4.0.0/ruby/internal/core/rdata.h:368:31: note: expanded from macro 'rb_data_object_get_1'
  368 | #define rb_data_object_get_1  rb_data_object_get_warning
      |                               ^
/opt/homebrew/Cellar/ruby/4.0.3/include/ruby-4.0.0/ruby/internal/core/rdata.h:317:1: note: 'rb_data_object_get_warning' has been explicitly marked deprecated here
  317 | RBIMPL_ATTRSET_UNTYPED_DATA_FUNC()
      | ^
/opt/homebrew/Cellar/ruby/4.0.3/include/ruby-4.0.0/ruby/internal/core/rdata.h:47:5: note: expanded from macro 'RBIMPL_ATTRSET_UNTYPED_DATA_FUNC'
   47 |     RBIMPL_ATTR_DEPRECATED(("by TypedData"))
      |     ^
/opt/homebrew/Cellar/ruby/4.0.3/include/ruby-4.0.0/ruby/internal/attr/deprecated.h:36:53: note: expanded from macro 'RBIMPL_ATTR_DEPRECATED'
   36 | # define RBIMPL_ATTR_DEPRECATED(msg) __attribute__((__deprecated__ msg))
      |                                                     ^
xml_node.c:1220:3: warning: 'rb_data_object_get_warning' is deprecated: by TypedData [-Wdeprecated-declarations]
 1220 |   Data_Get_Struct(self, xmlNode, node);
      |   ^
/opt/homebrew/Cellar/ruby/4.0.3/include/ruby-4.0.0/ruby/internal/core/rdata.h:278:34: note: expanded from macro 'Data_Get_Struct'
  278 |     ((sval) = RBIMPL_CAST((type*)rb_data_object_get(obj)))
      |                                  ^
/opt/homebrew/Cellar/ruby/4.0.3/include/ruby-4.0.0/ruby/internal/core/rdata.h:370:31: note: expanded from macro 'rb_data_object_get'
  370 | #define rb_data_object_get    RUBY_MACRO_SELECT(rb_data_object_get_2, RUBY_UNTYPED_DATA_WARNING)
      |                               ^
/opt/homebrew/Cellar/ruby/4.0.3/include/ruby-4.0.0/ruby/internal/core/rdata.h:50:35: note: expanded from macro 'RUBY_MACRO_SELECT'
   50 | #define RUBY_MACRO_SELECT(x, y)   RBIMPL_MACRO_SELECT(x, y)
      |                                   ^
/opt/homebrew/Cellar/ruby/4.0.3/include/ruby-4.0.0/ruby/internal/core/rdata.h:49:35: note: expanded from macro 'RBIMPL_MACRO_SELECT'
   49 | #define RBIMPL_MACRO_SELECT(x, y) x ## y
      |                                   ^
<scratch space>:205:1: note: expanded from here
  205 | rb_data_object_get_1
      | ^
/opt/homebrew/Cellar/ruby/4.0.3/include/ruby-4.0.0/ruby/internal/core/rdata.h:368:31: note: expanded from macro 'rb_data_object_get_1'
  368 | #define rb_data_object_get_1  rb_data_object_get_warning
      |                               ^
/opt/homebrew/Cellar/ruby/4.0.3/include/ruby-4.0.0/ruby/internal/core/rdata.h:317:1: note: 'rb_data_object_get_warning' has been explicitly marked deprecated here
  317 | RBIMPL_ATTRSET_UNTYPED_DATA_FUNC()
      | ^
/opt/homebrew/Cellar/ruby/4.0.3/include/ruby-4.0.0/ruby/internal/core/rdata.h:47:5: note: expanded from macro 'RBIMPL_ATTRSET_UNTYPED_DATA_FUNC'
   47 |     RBIMPL_ATTR_DEPRECATED(("by TypedData"))
      |     ^
/opt/homebrew/Cellar/ruby/4.0.3/include/ruby-4.0.0/ruby/internal/attr/deprecated.h:36:53: note: expanded from macro 'RBIMPL_ATTR_DEPRECATED'
   36 | # define RBIMPL_ATTR_DEPRECATED(msg) __attribute__((__deprecated__ msg))
      |                                                     ^
xml_node.c:1239:3: warning: 'rb_data_object_get_warning' is deprecated: by TypedData [-Wdeprecated-declarations]
 1239 |   Data_Get_Struct(self, xmlNode, node);
      |   ^
/opt/homebrew/Cellar/ruby/4.0.3/include/ruby-4.0.0/ruby/internal/core/rdata.h:278:34: note: expanded from macro 'Data_Get_Struct'
  278 |     ((sval) = RBIMPL_CAST((type*)rb_data_object_get(obj)))
      |                                  ^
/opt/homebrew/Cellar/ruby/4.0.3/include/ruby-4.0.0/ruby/internal/core/rdata.h:370:31: note: expanded from macro 'rb_data_object_get'
  370 | #define rb_data_object_get    RUBY_MACRO_SELECT(rb_data_object_get_2, RUBY_UNTYPED_DATA_WARNING)
      |                               ^
/opt/homebrew/Cellar/ruby/4.0.3/include/ruby-4.0.0/ruby/internal/core/rdata.h:50:35: note: expanded from macro 'RUBY_MACRO_SELECT'
   50 | #define RUBY_MACRO_SELECT(x, y)   RBIMPL_MACRO_SELECT(x, y)
      |                                   ^
/opt/homebrew/Cellar/ruby/4.0.3/include/ruby-4.0.0/ruby/internal/core/rdata.h:49:35: note: expanded from macro 'RBIMPL_MACRO_SELECT'
   49 | #define RBIMPL_MACRO_SELECT(x, y) x ## y
      |                                   ^
<scratch space>:206:1: note: expanded from here
  206 | rb_data_object_get_1
      | ^
/opt/homebrew/Cellar/ruby/4.0.3/include/ruby-4.0.0/ruby/internal/core/rdata.h:368:31: note: expanded from macro 'rb_data_object_get_1'
  368 | #define rb_data_object_get_1  rb_data_object_get_warning
      |                               ^
/opt/homebrew/Cellar/ruby/4.0.3/include/ruby-4.0.0/ruby/internal/core/rdata.h:317:1: note: 'rb_data_object_get_warning' has been explicitly marked deprecated here
  317 | RBIMPL_ATTRSET_UNTYPED_DATA_FUNC()
      | ^
/opt/homebrew/Cellar/ruby/4.0.3/include/ruby-4.0.0/ruby/internal/core/rdata.h:47:5: note: expanded from macro 'RBIMPL_ATTRSET_UNTYPED_DATA_FUNC'
   47 |     RBIMPL_ATTR_DEPRECATED(("by TypedData"))
      |     ^
/opt/homebrew/Cellar/ruby/4.0.3/include/ruby-4.0.0/ruby/internal/attr/deprecated.h:36:53: note: expanded from macro 'RBIMPL_ATTR_DEPRECATED'
   36 | # define RBIMPL_ATTR_DEPRECATED(msg) __attribute__((__deprecated__ msg))
      |                                                     ^
xml_node.c:1284:3: warning: 'rb_data_object_get_warning' is deprecated: by TypedData [-Wdeprecated-declarations]
 1284 |   Data_Get_Struct(self, xmlNode, node);
      |   ^
/opt/homebrew/Cellar/ruby/4.0.3/include/ruby-4.0.0/ruby/internal/core/rdata.h:278:34: note: expanded from macro 'Data_Get_Struct'
  278 |     ((sval) = RBIMPL_CAST((type*)rb_data_object_get(obj)))
      |                                  ^
/opt/homebrew/Cellar/ruby/4.0.3/include/ruby-4.0.0/ruby/internal/core/rdata.h:370:31: note: expanded from macro 'rb_data_object_get'
  370 | #define rb_data_object_get    RUBY_MACRO_SELECT(rb_data_object_get_2, RUBY_UNTYPED_DATA_WARNING)
      |                               ^
/opt/homebrew/Cellar/ruby/4.0.3/include/ruby-4.0.0/ruby/internal/core/rdata.h:50:35: note: expanded from macro 'RUBY_MACRO_SELECT'
   50 | #define RUBY_MACRO_SELECT(x, y)   RBIMPL_MACRO_SELECT(x, y)
      |                                   ^
/opt/homebrew/Cellar/ruby/4.0.3/include/ruby-4.0.0/ruby/internal/core/rdata.h:49:35: note: expanded from macro 'RBIMPL_MACRO_SELECT'
   49 | #define RBIMPL_MACRO_SELECT(x, y) x ## y
      |                                   ^
<scratch space>:207:1: note: expanded from here
  207 | rb_data_object_get_1
      | ^
/opt/homebrew/Cellar/ruby/4.0.3/include/ruby-4.0.0/ruby/internal/core/rdata.h:368:31: note: expanded from macro 'rb_data_object_get_1'
  368 | #define rb_data_object_get_1  rb_data_object_get_warning
      |                               ^
/opt/homebrew/Cellar/ruby/4.0.3/include/ruby-4.0.0/ruby/internal/core/rdata.h:317:1: note: 'rb_data_object_get_warning' has been explicitly marked deprecated here
  317 | RBIMPL_ATTRSET_UNTYPED_DATA_FUNC()
      | ^
/opt/homebrew/Cellar/ruby/4.0.3/include/ruby-4.0.0/ruby/internal/core/rdata.h:47:5: note: expanded from macro 'RBIMPL_ATTRSET_UNTYPED_DATA_FUNC'
   47 |     RBIMPL_ATTR_DEPRECATED(("by TypedData"))
      |     ^
/opt/homebrew/Cellar/ruby/4.0.3/include/ruby-4.0.0/ruby/internal/attr/deprecated.h:36:53: note: expanded from macro 'RBIMPL_ATTR_DEPRECATED'
   36 | # define RBIMPL_ATTR_DEPRECATED(msg) __attribute__((__deprecated__ msg))
      |                                                     ^
xml_node.c:1326:3: warning: 'rb_data_object_get_warning' is deprecated: by TypedData [-Wdeprecated-declarations]
 1326 |   Data_Get_Struct(self, xmlNode, node);
      |   ^
/opt/homebrew/Cellar/ruby/4.0.3/include/ruby-4.0.0/ruby/internal/core/rdata.h:278:34: note: expanded from macro 'Data_Get_Struct'
  278 |     ((sval) = RBIMPL_CAST((type*)rb_data_object_get(obj)))
      |                                  ^
/opt/homebrew/Cellar/ruby/4.0.3/include/ruby-4.0.0/ruby/internal/core/rdata.h:370:31: note: expanded from macro 'rb_data_object_get'
  370 | #define rb_data_object_get    RUBY_MACRO_SELECT(rb_data_object_get_2, RUBY_UNTYPED_DATA_WARNING)
      |                               ^
/opt/homebrew/Cellar/ruby/4.0.3/include/ruby-4.0.0/ruby/internal/core/rdata.h:50:35: note: expanded from macro 'RUBY_MACRO_SELECT'
   50 | #define RUBY_MACRO_SELECT(x, y)   RBIMPL_MACRO_SELECT(x, y)
      |                                   ^
/opt/homebrew/Cellar/ruby/4.0.3/include/ruby-4.0.0/ruby/internal/core/rdata.h:49:35: note: expanded from macro 'RBIMPL_MACRO_SELECT'
   49 | #define RBIMPL_MACRO_SELECT(x, y) x ## y
      |                                   ^
<scratch space>:208:1: note: expanded from here
  208 | rb_data_object_get_1
      | ^
/opt/homebrew/Cellar/ruby/4.0.3/include/ruby-4.0.0/ruby/internal/core/rdata.h:368:31: note: expanded from macro 'rb_data_object_get_1'
  368 | #define rb_data_object_get_1  rb_data_object_get_warning
      |                               ^
/opt/homebrew/Cellar/ruby/4.0.3/include/ruby-4.0.0/ruby/internal/core/rdata.h:317:1: note: 'rb_data_object_get_warning' has been explicitly marked deprecated here
  317 | RBIMPL_ATTRSET_UNTYPED_DATA_FUNC()
      | ^
/opt/homebrew/Cellar/ruby/4.0.3/include/ruby-4.0.0/ruby/internal/core/rdata.h:47:5: note: expanded from macro 'RBIMPL_ATTRSET_UNTYPED_DATA_FUNC'
   47 |     RBIMPL_ATTR_DEPRECATED(("by TypedData"))
      |     ^
/opt/homebrew/Cellar/ruby/4.0.3/include/ruby-4.0.0/ruby/internal/attr/deprecated.h:36:53: note: expanded from macro 'RBIMPL_ATTR_DEPRECATED'
   36 | # define RBIMPL_ATTR_DEPRECATED(msg) __attribute__((__deprecated__ msg))
      |                                                     ^
xml_node.c:1329:5: warning: 'rb_data_object_get_warning' is deprecated: by TypedData [-Wdeprecated-declarations]
 1329 |     Data_Get_Struct(namespace, xmlNs, ns);
      |     ^
/opt/homebrew/Cellar/ruby/4.0.3/include/ruby-4.0.0/ruby/internal/core/rdata.h:278:34: note: expanded from macro 'Data_Get_Struct'
  278 |     ((sval) = RBIMPL_CAST((type*)rb_data_object_get(obj)))
      |                                  ^
/opt/homebrew/Cellar/ruby/4.0.3/include/ruby-4.0.0/ruby/internal/core/rdata.h:370:31: note: expanded from macro 'rb_data_object_get'
  370 | #define rb_data_object_get    RUBY_MACRO_SELECT(rb_data_object_get_2, RUBY_UNTYPED_DATA_WARNING)
      |                               ^
/opt/homebrew/Cellar/ruby/4.0.3/include/ruby-4.0.0/ruby/internal/core/rdata.h:50:35: note: expanded from macro 'RUBY_MACRO_SELECT'
   50 | #define RUBY_MACRO_SELECT(x, y)   RBIMPL_MACRO_SELECT(x, y)
      |                                   ^
/opt/homebrew/Cellar/ruby/4.0.3/include/ruby-4.0.0/ruby/internal/core/rdata.h:49:35: note: expanded from macro 'RBIMPL_MACRO_SELECT'
   49 | #define RBIMPL_MACRO_SELECT(x, y) x ## y
      |                                   ^
<scratch space>:209:1: note: expanded from here
  209 | rb_data_object_get_1
      | ^
/opt/homebrew/Cellar/ruby/4.0.3/include/ruby-4.0.0/ruby/internal/core/rdata.h:368:31: note: expanded from macro 'rb_data_object_get_1'
  368 | #define rb_data_object_get_1  rb_data_object_get_warning
      |                               ^
/opt/homebrew/Cellar/ruby/4.0.3/include/ruby-4.0.0/ruby/internal/core/rdata.h:317:1: note: 'rb_data_object_get_warning' has been explicitly marked deprecated here
  317 | RBIMPL_ATTRSET_UNTYPED_DATA_FUNC()
      | ^
/opt/homebrew/Cellar/ruby/4.0.3/include/ruby-4.0.0/ruby/internal/core/rdata.h:47:5: note: expanded from macro 'RBIMPL_ATTRSET_UNTYPED_DATA_FUNC'
   47 |     RBIMPL_ATTR_DEPRECATED(("by TypedData"))
      |     ^
/opt/homebrew/Cellar/ruby/4.0.3/include/ruby-4.0.0/ruby/internal/attr/deprecated.h:36:53: note: expanded from macro 'RBIMPL_ATTR_DEPRECATED'
   36 | # define RBIMPL_ATTR_DEPRECATED(msg) __attribute__((__deprecated__ msg))
      |                                                     ^
xml_node.c:1363:3: warning: 'rb_data_object_get_warning' is deprecated: by TypedData [-Wdeprecated-declarations]
 1363 |   Data_Get_Struct(rb_node, xmlNode, c_node);
      |   ^
/opt/homebrew/Cellar/ruby/4.0.3/include/ruby-4.0.0/ruby/internal/core/rdata.h:278:34: note: expanded from macro 'Data_Get_Struct'
  278 |     ((sval) = RBIMPL_CAST((type*)rb_data_object_get(obj)))
      |                                  ^
/opt/homebrew/Cellar/ruby/4.0.3/include/ruby-4.0.0/ruby/internal/core/rdata.h:370:31: note: expanded from macro 'rb_data_object_get'
  370 | #define rb_data_object_get    RUBY_MACRO_SELECT(rb_data_object_get_2, RUBY_UNTYPED_DATA_WARNING)
      |                               ^
/opt/homebrew/Cellar/ruby/4.0.3/include/ruby-4.0.0/ruby/internal/core/rdata.h:50:35: note: expanded from macro 'RUBY_MACRO_SELECT'
   50 | #define RUBY_MACRO_SELECT(x, y)   RBIMPL_MACRO_SELECT(x, y)
      |                                   ^
/opt/homebrew/Cellar/ruby/4.0.3/include/ruby-4.0.0/ruby/internal/core/rdata.h:49:35: note: expanded from macro 'RBIMPL_MACRO_SELECT'
   49 | #define RBIMPL_MACRO_SELECT(x, y) x ## y
      |                                   ^
<scratch space>:210:1: note: expanded from here
  210 | rb_data_object_get_1
      | ^
/opt/homebrew/Cellar/ruby/4.0.3/include/ruby-4.0.0/ruby/internal/core/rdata.h:368:31: note: expanded from macro 'rb_data_object_get_1'
  368 | #define rb_data_object_get_1  rb_data_object_get_warning
      |                               ^
/opt/homebrew/Cellar/ruby/4.0.3/include/ruby-4.0.0/ruby/internal/core/rdata.h:317:1: note: 'rb_data_object_get_warning' has been explicitly marked deprecated here
  317 | RBIMPL_ATTRSET_UNTYPED_DATA_FUNC()
      | ^
/opt/homebrew/Cellar/ruby/4.0.3/include/ruby-4.0.0/ruby/internal/core/rdata.h:47:5: note: expanded from macro 'RBIMPL_ATTRSET_UNTYPED_DATA_FUNC'
   47 |     RBIMPL_ATTR_DEPRECATED(("by TypedData"))
      |     ^
/opt/homebrew/Cellar/ruby/4.0.3/include/ruby-4.0.0/ruby/internal/attr/deprecated.h:36:53: note: expanded from macro 'RBIMPL_ATTR_DEPRECATED'
   36 | # define RBIMPL_ATTR_DEPRECATED(msg) __attribute__((__deprecated__ msg))
      |                                                     ^
xml_node.c:1408:3: warning: 'rb_data_object_get_warning' is deprecated: by TypedData [-Wdeprecated-declarations]
 1408 |   Data_Get_Struct(rb_node, xmlNode, c_node);
      |   ^
/opt/homebrew/Cellar/ruby/4.0.3/include/ruby-4.0.0/ruby/internal/core/rdata.h:278:34: note: expanded from macro 'Data_Get_Struct'
  278 |     ((sval) = RBIMPL_CAST((type*)rb_data_object_get(obj)))
      |                                  ^
/opt/homebrew/Cellar/ruby/4.0.3/include/ruby-4.0.0/ruby/internal/core/rdata.h:370:31: note: expanded from macro 'rb_data_object_get'
  370 | #define rb_data_object_get    RUBY_MACRO_SELECT(rb_data_object_get_2, RUBY_UNTYPED_DATA_WARNING)
      |                               ^
/opt/homebrew/Cellar/ruby/4.0.3/include/ruby-4.0.0/ruby/internal/core/rdata.h:50:35: note: expanded from macro 'RUBY_MACRO_SELECT'
   50 | #define RUBY_MACRO_SELECT(x, y)   RBIMPL_MACRO_SELECT(x, y)
      |                                   ^
/opt/homebrew/Cellar/ruby/4.0.3/include/ruby-4.0.0/ruby/internal/core/rdata.h:49:35: note: expanded from macro 'RBIMPL_MACRO_SELECT'
   49 | #define RBIMPL_MACRO_SELECT(x, y) x ## y
      |                                   ^
<scratch space>:211:1: note: expanded from here
  211 | rb_data_object_get_1
      | ^
/opt/homebrew/Cellar/ruby/4.0.3/include/ruby-4.0.0/ruby/internal/core/rdata.h:368:31: note: expanded from macro 'rb_data_object_get_1'
  368 | #define rb_data_object_get_1  rb_data_object_get_warning
      |                               ^
/opt/homebrew/Cellar/ruby/4.0.3/include/ruby-4.0.0/ruby/internal/core/rdata.h:317:1: note: 'rb_data_object_get_warning' has been explicitly marked deprecated here
  317 | RBIMPL_ATTRSET_UNTYPED_DATA_FUNC()
      | ^
/opt/homebrew/Cellar/ruby/4.0.3/include/ruby-4.0.0/ruby/internal/core/rdata.h:47:5: note: expanded from macro 'RBIMPL_ATTRSET_UNTYPED_DATA_FUNC'
   47 |     RBIMPL_ATTR_DEPRECATED(("by TypedData"))
      |     ^
/opt/homebrew/Cellar/ruby/4.0.3/include/ruby-4.0.0/ruby/internal/attr/deprecated.h:36:53: note: expanded from macro 'RBIMPL_ATTR_DEPRECATED'
   36 | # define RBIMPL_ATTR_DEPRECATED(msg) __attribute__((__deprecated__ msg))
      |                                                     ^
xml_node.c:1459:3: warning: 'rb_data_object_get_warning' is deprecated: by TypedData [-Wdeprecated-declarations]
 1459 |   Data_Get_Struct(rb_node, xmlNode, c_node);
      |   ^
/opt/homebrew/Cellar/ruby/4.0.3/include/ruby-4.0.0/ruby/internal/core/rdata.h:278:34: note: expanded from macro 'Data_Get_Struct'
  278 |     ((sval) = RBIMPL_CAST((type*)rb_data_object_get(obj)))
      |                                  ^
/opt/homebrew/Cellar/ruby/4.0.3/include/ruby-4.0.0/ruby/internal/core/rdata.h:370:31: note: expanded from macro 'rb_data_object_get'
  370 | #define rb_data_object_get    RUBY_MACRO_SELECT(rb_data_object_get_2, RUBY_UNTYPED_DATA_WARNING)
      |                               ^
/opt/homebrew/Cellar/ruby/4.0.3/include/ruby-4.0.0/ruby/internal/core/rdata.h:50:35: note: expanded from macro 'RUBY_MACRO_SELECT'
   50 | #define RUBY_MACRO_SELECT(x, y)   RBIMPL_MACRO_SELECT(x, y)
      |                                   ^
/opt/homebrew/Cellar/ruby/4.0.3/include/ruby-4.0.0/ruby/internal/core/rdata.h:49:35: note: expanded from macro 'RBIMPL_MACRO_SELECT'
   49 | #define RBIMPL_MACRO_SELECT(x, y) x ## y
      |                                   ^
<scratch space>:212:1: note: expanded from here
  212 | rb_data_object_get_1
      | ^
/opt/homebrew/Cellar/ruby/4.0.3/include/ruby-4.0.0/ruby/internal/core/rdata.h:368:31: note: expanded from macro 'rb_data_object_get_1'
  368 | #define rb_data_object_get_1  rb_data_object_get_warning
      |                               ^
/opt/homebrew/Cellar/ruby/4.0.3/include/ruby-4.0.0/ruby/internal/core/rdata.h:317:1: note: 'rb_data_object_get_warning' has been explicitly marked deprecated here
  317 | RBIMPL_ATTRSET_UNTYPED_DATA_FUNC()
      | ^
/opt/homebrew/Cellar/ruby/4.0.3/include/ruby-4.0.0/ruby/internal/core/rdata.h:47:5: note: expanded from macro 'RBIMPL_ATTRSET_UNTYPED_DATA_FUNC'
   47 |     RBIMPL_ATTR_DEPRECATED(("by TypedData"))
      |     ^
/opt/homebrew/Cellar/ruby/4.0.3/include/ruby-4.0.0/ruby/internal/attr/deprecated.h:36:53: note: expanded from macro 'RBIMPL_ATTR_DEPRECATED'
   36 | # define RBIMPL_ATTR_DEPRECATED(msg) __attribute__((__deprecated__ msg))
      |                                                     ^
xml_node.c:1484:3: warning: 'rb_data_object_get_warning' is deprecated: by TypedData [-Wdeprecated-declarations]
 1484 |   Data_Get_Struct(self, xmlNode, node);
      |   ^
/opt/homebrew/Cellar/ruby/4.0.3/include/ruby-4.0.0/ruby/internal/core/rdata.h:278:34: note: expanded from macro 'Data_Get_Struct'
  278 |     ((sval) = RBIMPL_CAST((type*)rb_data_object_get(obj)))
      |                                  ^
/opt/homebrew/Cellar/ruby/4.0.3/include/ruby-4.0.0/ruby/internal/core/rdata.h:370:31: note: expanded from macro 'rb_data_object_get'
  370 | #define rb_data_object_get    RUBY_MACRO_SELECT(rb_data_object_get_2, RUBY_UNTYPED_DATA_WARNING)
      |                               ^
/opt/homebrew/Cellar/ruby/4.0.3/include/ruby-4.0.0/ruby/internal/core/rdata.h:50:35: note: expanded from macro 'RUBY_MACRO_SELECT'
   50 | #define RUBY_MACRO_SELECT(x, y)   RBIMPL_MACRO_SELECT(x, y)
      |                                   ^
/opt/homebrew/Cellar/ruby/4.0.3/include/ruby-4.0.0/ruby/internal/core/rdata.h:49:35: note: expanded from macro 'RBIMPL_MACRO_SELECT'
   49 | #define RBIMPL_MACRO_SELECT(x, y) x ## y
      |                                   ^
<scratch space>:213:1: note: expanded from here
  213 | rb_data_object_get_1
      | ^
/opt/homebrew/Cellar/ruby/4.0.3/include/ruby-4.0.0/ruby/internal/core/rdata.h:368:31: note: expanded from macro 'rb_data_object_get_1'
  368 | #define rb_data_object_get_1  rb_data_object_get_warning
      |                               ^
/opt/homebrew/Cellar/ruby/4.0.3/include/ruby-4.0.0/ruby/internal/core/rdata.h:317:1: note: 'rb_data_object_get_warning' has been explicitly marked deprecated here
  317 | RBIMPL_ATTRSET_UNTYPED_DATA_FUNC()
      | ^
/opt/homebrew/Cellar/ruby/4.0.3/include/ruby-4.0.0/ruby/internal/core/rdata.h:47:5: note: expanded from macro 'RBIMPL_ATTRSET_UNTYPED_DATA_FUNC'
   47 |     RBIMPL_ATTR_DEPRECATED(("by TypedData"))
      |     ^
/opt/homebrew/Cellar/ruby/4.0.3/include/ruby-4.0.0/ruby/internal/attr/deprecated.h:36:53: note: expanded from macro 'RBIMPL_ATTR_DEPRECATED'
   36 | # define RBIMPL_ATTR_DEPRECATED(msg) __attribute__((__deprecated__ msg))
      |                                                     ^
xml_node.c:1485:18: warning: implicit conversion loses integer precision: 'long' to 'int' [-Wshorten-64-to-32]
 1485 |   return INT2NUM((long)node->type);
      |          ~~~~~~~ ^~~~~~~~~~~~~~~~
xml_node.c:1498:3: warning: 'rb_data_object_get_warning' is deprecated: by TypedData [-Wdeprecated-declarations]
 1498 |   Data_Get_Struct(self, xmlNode, node);
      |   ^
/opt/homebrew/Cellar/ruby/4.0.3/include/ruby-4.0.0/ruby/internal/core/rdata.h:278:34: note: expanded from macro 'Data_Get_Struct'
  278 |     ((sval) = RBIMPL_CAST((type*)rb_data_object_get(obj)))
      |                                  ^
/opt/homebrew/Cellar/ruby/4.0.3/include/ruby-4.0.0/ruby/internal/core/rdata.h:370:31: note: expanded from macro 'rb_data_object_get'
  370 | #define rb_data_object_get    RUBY_MACRO_SELECT(rb_data_object_get_2, RUBY_UNTYPED_DATA_WARNING)
      |                               ^
/opt/homebrew/Cellar/ruby/4.0.3/include/ruby-4.0.0/ruby/internal/core/rdata.h:50:35: note: expanded from macro 'RUBY_MACRO_SELECT'
   50 | #define RUBY_MACRO_SELECT(x, y)   RBIMPL_MACRO_SELECT(x, y)
      |                                   ^
/opt/homebrew/Cellar/ruby/4.0.3/include/ruby-4.0.0/ruby/internal/core/rdata.h:49:35: note: expanded from macro 'RBIMPL_MACRO_SELECT'
   49 | #define RBIMPL_MACRO_SELECT(x, y) x ## y
      |                                   ^
<scratch space>:214:1: note: expanded from here
  214 | rb_data_object_get_1
      | ^
/opt/homebrew/Cellar/ruby/4.0.3/include/ruby-4.0.0/ruby/internal/core/rdata.h:368:31: note: expanded from macro 'rb_data_object_get_1'
  368 | #define rb_data_object_get_1  rb_data_object_get_warning
      |                               ^
/opt/homebrew/Cellar/ruby/4.0.3/include/ruby-4.0.0/ruby/internal/core/rdata.h:317:1: note: 'rb_data_object_get_warning' has been explicitly marked deprecated here
  317 | RBIMPL_ATTRSET_UNTYPED_DATA_FUNC()
      | ^
/opt/homebrew/Cellar/ruby/4.0.3/include/ruby-4.0.0/ruby/internal/core/rdata.h:47:5: note: expanded from macro 'RBIMPL_ATTRSET_UNTYPED_DATA_FUNC'
   47 |     RBIMPL_ATTR_DEPRECATED(("by TypedData"))
      |     ^
/opt/homebrew/Cellar/ruby/4.0.3/include/ruby-4.0.0/ruby/internal/attr/deprecated.h:36:53: note: expanded from macro 'RBIMPL_ATTR_DEPRECATED'
   36 | # define RBIMPL_ATTR_DEPRECATED(msg) __attribute__((__deprecated__ msg))
      |                                                     ^
xml_node.c:1524:3: warning: 'rb_data_object_get_warning' is deprecated: by TypedData [-Wdeprecated-declarations]
 1524 |   Data_Get_Struct(self_rb, xmlNode, self);
      |   ^
/opt/homebrew/Cellar/ruby/4.0.3/include/ruby-4.0.0/ruby/internal/core/rdata.h:278:34: note: expanded from macro 'Data_Get_Struct'
  278 |     ((sval) = RBIMPL_CAST((type*)rb_data_object_get(obj)))
      |                                  ^
/opt/homebrew/Cellar/ruby/4.0.3/include/ruby-4.0.0/ruby/internal/core/rdata.h:370:31: note: expanded from macro 'rb_data_object_get'
  370 | #define rb_data_object_get    RUBY_MACRO_SELECT(rb_data_object_get_2, RUBY_UNTYPED_DATA_WARNING)
      |                               ^
/opt/homebrew/Cellar/ruby/4.0.3/include/ruby-4.0.0/ruby/internal/core/rdata.h:50:35: note: expanded from macro 'RUBY_MACRO_SELECT'
   50 | #define RUBY_MACRO_SELECT(x, y)   RBIMPL_MACRO_SELECT(x, y)
      |                                   ^
/opt/homebrew/Cellar/ruby/4.0.3/include/ruby-4.0.0/ruby/internal/core/rdata.h:49:35: note: expanded from macro 'RBIMPL_MACRO_SELECT'
   49 | #define RBIMPL_MACRO_SELECT(x, y) x ## y
      |                                   ^
<scratch space>:215:1: note: expanded from here
  215 | rb_data_object_get_1
      | ^
/opt/homebrew/Cellar/ruby/4.0.3/include/ruby-4.0.0/ruby/internal/core/rdata.h:368:31: note: expanded from macro 'rb_data_object_get_1'
  368 | #define rb_data_object_get_1  rb_data_object_get_warning
      |                               ^
/opt/homebrew/Cellar/ruby/4.0.3/include/ruby-4.0.0/ruby/internal/core/rdata.h:317:1: note: 'rb_data_object_get_warning' has been explicitly marked deprecated here
  317 | RBIMPL_ATTRSET_UNTYPED_DATA_FUNC()
      | ^
/opt/homebrew/Cellar/ruby/4.0.3/include/ruby-4.0.0/ruby/internal/core/rdata.h:47:5: note: expanded from macro 'RBIMPL_ATTRSET_UNTYPED_DATA_FUNC'
   47 |     RBIMPL_ATTR_DEPRECATED(("by TypedData"))
      |     ^
/opt/homebrew/Cellar/ruby/4.0.3/include/ruby-4.0.0/ruby/internal/attr/deprecated.h:36:53: note: expanded from macro 'RBIMPL_ATTR_DEPRECATED'
   36 | # define RBIMPL_ATTR_DEPRECATED(msg) __attribute__((__deprecated__ msg))
      |                                                     ^
xml_node.c:1546:3: warning: 'rb_data_object_get_warning' is deprecated: by TypedData [-Wdeprecated-declarations]
 1546 |   Data_Get_Struct(self_rb, xmlNode, self);
      |   ^
/opt/homebrew/Cellar/ruby/4.0.3/include/ruby-4.0.0/ruby/internal/core/rdata.h:278:34: note: expanded from macro 'Data_Get_Struct'
  278 |     ((sval) = RBIMPL_CAST((type*)rb_data_object_get(obj)))
      |                                  ^
/opt/homebrew/Cellar/ruby/4.0.3/include/ruby-4.0.0/ruby/internal/core/rdata.h:370:31: note: expanded from macro 'rb_data_object_get'
  370 | #define rb_data_object_get    RUBY_MACRO_SELECT(rb_data_object_get_2, RUBY_UNTYPED_DATA_WARNING)
      |                               ^
/opt/homebrew/Cellar/ruby/4.0.3/include/ruby-4.0.0/ruby/internal/core/rdata.h:50:35: note: expanded from macro 'RUBY_MACRO_SELECT'
   50 | #define RUBY_MACRO_SELECT(x, y)   RBIMPL_MACRO_SELECT(x, y)
      |                                   ^
/opt/homebrew/Cellar/ruby/4.0.3/include/ruby-4.0.0/ruby/internal/core/rdata.h:49:35: note: expanded from macro 'RBIMPL_MACRO_SELECT'
   49 | #define RBIMPL_MACRO_SELECT(x, y) x ## y
      |                                   ^
<scratch space>:216:1: note: expanded from here
  216 | rb_data_object_get_1
      | ^
/opt/homebrew/Cellar/ruby/4.0.3/include/ruby-4.0.0/ruby/internal/core/rdata.h:368:31: note: expanded from macro 'rb_data_object_get_1'
  368 | #define rb_data_object_get_1  rb_data_object_get_warning
      |                               ^
/opt/homebrew/Cellar/ruby/4.0.3/include/ruby-4.0.0/ruby/internal/core/rdata.h:317:1: note: 'rb_data_object_get_warning' has been explicitly marked deprecated here
  317 | RBIMPL_ATTRSET_UNTYPED_DATA_FUNC()
      | ^
/opt/homebrew/Cellar/ruby/4.0.3/include/ruby-4.0.0/ruby/internal/core/rdata.h:47:5: note: expanded from macro 'RBIMPL_ATTRSET_UNTYPED_DATA_FUNC'
   47 |     RBIMPL_ATTR_DEPRECATED(("by TypedData"))
      |     ^
/opt/homebrew/Cellar/ruby/4.0.3/include/ruby-4.0.0/ruby/internal/attr/deprecated.h:36:53: note: expanded from macro 'RBIMPL_ATTR_DEPRECATED'
   36 | # define RBIMPL_ATTR_DEPRECATED(msg) __attribute__((__deprecated__ msg))
      |                                                     ^
xml_node.c:1575:3: warning: 'rb_data_object_get_warning' is deprecated: by TypedData [-Wdeprecated-declarations]
 1575 |   Data_Get_Struct(self, xmlNode, node);
      |   ^
/opt/homebrew/Cellar/ruby/4.0.3/include/ruby-4.0.0/ruby/internal/core/rdata.h:278:34: note: expanded from macro 'Data_Get_Struct'
  278 |     ((sval) = RBIMPL_CAST((type*)rb_data_object_get(obj)))
      |                                  ^
/opt/homebrew/Cellar/ruby/4.0.3/include/ruby-4.0.0/ruby/internal/core/rdata.h:370:31: note: expanded from macro 'rb_data_object_get'
  370 | #define rb_data_object_get    RUBY_MACRO_SELECT(rb_data_object_get_2, RUBY_UNTYPED_DATA_WARNING)
      |                               ^
/opt/homebrew/Cellar/ruby/4.0.3/include/ruby-4.0.0/ruby/internal/core/rdata.h:50:35: note: expanded from macro 'RUBY_MACRO_SELECT'
   50 | #define RUBY_MACRO_SELECT(x, y)   RBIMPL_MACRO_SELECT(x, y)
      |                                   ^
/opt/homebrew/Cellar/ruby/4.0.3/include/ruby-4.0.0/ruby/internal/core/rdata.h:49:35: note: expanded from macro 'RBIMPL_MACRO_SELECT'
   49 | #define RBIMPL_MACRO_SELECT(x, y) x ## y
      |                                   ^
<scratch space>:217:1: note: expanded from here
  217 | rb_data_object_get_1
      | ^
/opt/homebrew/Cellar/ruby/4.0.3/include/ruby-4.0.0/ruby/internal/core/rdata.h:368:31: note: expanded from macro 'rb_data_object_get_1'
  368 | #define rb_data_object_get_1  rb_data_object_get_warning
      |                               ^
/opt/homebrew/Cellar/ruby/4.0.3/include/ruby-4.0.0/ruby/internal/core/rdata.h:317:1: note: 'rb_data_object_get_warning' has been explicitly marked deprecated here
  317 | RBIMPL_ATTRSET_UNTYPED_DATA_FUNC()
      | ^
/opt/homebrew/Cellar/ruby/4.0.3/include/ruby-4.0.0/ruby/internal/core/rdata.h:47:5: note: expanded from macro 'RBIMPL_ATTRSET_UNTYPED_DATA_FUNC'
   47 |     RBIMPL_ATTR_DEPRECATED(("by TypedData"))
      |     ^
/opt/homebrew/Cellar/ruby/4.0.3/include/ruby-4.0.0/ruby/internal/attr/deprecated.h:36:53: note: expanded from macro 'RBIMPL_ATTR_DEPRECATED'
   36 | # define RBIMPL_ATTR_DEPRECATED(msg) __attribute__((__deprecated__ msg))
      |                                                     ^
xml_node.c:1593:3: warning: 'rb_data_object_get_warning' is deprecated: by TypedData [-Wdeprecated-declarations]
 1593 |   Data_Get_Struct(self, xmlNode, node);
      |   ^
/opt/homebrew/Cellar/ruby/4.0.3/include/ruby-4.0.0/ruby/internal/core/rdata.h:278:34: note: expanded from macro 'Data_Get_Struct'
  278 |     ((sval) = RBIMPL_CAST((type*)rb_data_object_get(obj)))
      |                                  ^
/opt/homebrew/Cellar/ruby/4.0.3/include/ruby-4.0.0/ruby/internal/core/rdata.h:370:31: note: expanded from macro 'rb_data_object_get'
  370 | #define rb_data_object_get    RUBY_MACRO_SELECT(rb_data_object_get_2, RUBY_UNTYPED_DATA_WARNING)
      |                               ^
/opt/homebrew/Cellar/ruby/4.0.3/include/ruby-4.0.0/ruby/internal/core/rdata.h:50:35: note: expanded from macro 'RUBY_MACRO_SELECT'
   50 | #define RUBY_MACRO_SELECT(x, y)   RBIMPL_MACRO_SELECT(x, y)
      |                                   ^
/opt/homebrew/Cellar/ruby/4.0.3/include/ruby-4.0.0/ruby/internal/core/rdata.h:49:35: note: expanded from macro 'RBIMPL_MACRO_SELECT'
   49 | #define RBIMPL_MACRO_SELECT(x, y) x ## y
      |                                   ^
<scratch space>:218:1: note: expanded from here
  218 | rb_data_object_get_1
      | ^
/opt/homebrew/Cellar/ruby/4.0.3/include/ruby-4.0.0/ruby/internal/core/rdata.h:368:31: note: expanded from macro 'rb_data_object_get_1'
  368 | #define rb_data_object_get_1  rb_data_object_get_warning
      |                               ^
/opt/homebrew/Cellar/ruby/4.0.3/include/ruby-4.0.0/ruby/internal/core/rdata.h:317:1: note: 'rb_data_object_get_warning' has been explicitly marked deprecated here
  317 | RBIMPL_ATTRSET_UNTYPED_DATA_FUNC()
      | ^
/opt/homebrew/Cellar/ruby/4.0.3/include/ruby-4.0.0/ruby/internal/core/rdata.h:47:5: note: expanded from macro 'RBIMPL_ATTRSET_UNTYPED_DATA_FUNC'
   47 |     RBIMPL_ATTR_DEPRECATED(("by TypedData"))
      |     ^
/opt/homebrew/Cellar/ruby/4.0.3/include/ruby-4.0.0/ruby/internal/attr/deprecated.h:36:53: note: expanded from macro 'RBIMPL_ATTR_DEPRECATED'
   36 | # define RBIMPL_ATTR_DEPRECATED(msg) __attribute__((__deprecated__ msg))
      |                                                     ^
xml_node.c:1608:3: warning: 'rb_data_object_get_warning' is deprecated: by TypedData [-Wdeprecated-declarations]
 1608 |   Data_Get_Struct(self, xmlNode, node);
      |   ^
/opt/homebrew/Cellar/ruby/4.0.3/include/ruby-4.0.0/ruby/internal/core/rdata.h:278:34: note: expanded from macro 'Data_Get_Struct'
  278 |     ((sval) = RBIMPL_CAST((type*)rb_data_object_get(obj)))
      |                                  ^
/opt/homebrew/Cellar/ruby/4.0.3/include/ruby-4.0.0/ruby/internal/core/rdata.h:370:31: note: expanded from macro 'rb_data_object_get'
  370 | #define rb_data_object_get    RUBY_MACRO_SELECT(rb_data_object_get_2, RUBY_UNTYPED_DATA_WARNING)
      |                               ^
/opt/homebrew/Cellar/ruby/4.0.3/include/ruby-4.0.0/ruby/internal/core/rdata.h:50:35: note: expanded from macro 'RUBY_MACRO_SELECT'
   50 | #define RUBY_MACRO_SELECT(x, y)   RBIMPL_MACRO_SELECT(x, y)
      |                                   ^
/opt/homebrew/Cellar/ruby/4.0.3/include/ruby-4.0.0/ruby/internal/core/rdata.h:49:35: note: expanded from macro 'RBIMPL_MACRO_SELECT'
   49 | #define RBIMPL_MACRO_SELECT(x, y) x ## y
      |                                   ^
<scratch space>:219:1: note: expanded from here
  219 | rb_data_object_get_1
      | ^
/opt/homebrew/Cellar/ruby/4.0.3/include/ruby-4.0.0/ruby/internal/core/rdata.h:368:31: note: expanded from macro 'rb_data_object_get_1'
  368 | #define rb_data_object_get_1  rb_data_object_get_warning
      |                               ^
/opt/homebrew/Cellar/ruby/4.0.3/include/ruby-4.0.0/ruby/internal/core/rdata.h:317:1: note: 'rb_data_object_get_warning' has been explicitly marked deprecated here
  317 | RBIMPL_ATTRSET_UNTYPED_DATA_FUNC()
      | ^
/opt/homebrew/Cellar/ruby/4.0.3/include/ruby-4.0.0/ruby/internal/core/rdata.h:47:5: note: expanded from macro 'RBIMPL_ATTRSET_UNTYPED_DATA_FUNC'
   47 |     RBIMPL_ATTR_DEPRECATED(("by TypedData"))
      |     ^
/opt/homebrew/Cellar/ruby/4.0.3/include/ruby-4.0.0/ruby/internal/attr/deprecated.h:36:53: note: expanded from macro 'RBIMPL_ATTR_DEPRECATED'
   36 | # define RBIMPL_ATTR_DEPRECATED(msg) __attribute__((__deprecated__ msg))
      |                                                     ^
xml_node.c:1628:3: warning: 'rb_data_object_get_warning' is deprecated: by TypedData [-Wdeprecated-declarations]
 1628 |   Data_Get_Struct(rb_node, xmlNode, c_node);
      |   ^
/opt/homebrew/Cellar/ruby/4.0.3/include/ruby-4.0.0/ruby/internal/core/rdata.h:278:34: note: expanded from macro 'Data_Get_Struct'
  278 |     ((sval) = RBIMPL_CAST((type*)rb_data_object_get(obj)))
      |                                  ^
/opt/homebrew/Cellar/ruby/4.0.3/include/ruby-4.0.0/ruby/internal/core/rdata.h:370:31: note: expanded from macro 'rb_data_object_get'
  370 | #define rb_data_object_get    RUBY_MACRO_SELECT(rb_data_object_get_2, RUBY_UNTYPED_DATA_WARNING)
      |                               ^
/opt/homebrew/Cellar/ruby/4.0.3/include/ruby-4.0.0/ruby/internal/core/rdata.h:50:35: note: expanded from macro 'RUBY_MACRO_SELECT'
   50 | #define RUBY_MACRO_SELECT(x, y)   RBIMPL_MACRO_SELECT(x, y)
      |                                   ^
/opt/homebrew/Cellar/ruby/4.0.3/include/ruby-4.0.0/ruby/internal/core/rdata.h:49:35: note: expanded from macro 'RBIMPL_MACRO_SELECT'
   49 | #define RBIMPL_MACRO_SELECT(x, y) x ## y
      |                                   ^
<scratch space>:220:1: note: expanded from here
  220 | rb_data_object_get_1
      | ^
/opt/homebrew/Cellar/ruby/4.0.3/include/ruby-4.0.0/ruby/internal/core/rdata.h:368:31: note: expanded from macro 'rb_data_object_get_1'
  368 | #define rb_data_object_get_1  rb_data_object_get_warning
      |                               ^
/opt/homebrew/Cellar/ruby/4.0.3/include/ruby-4.0.0/ruby/internal/core/rdata.h:317:1: note: 'rb_data_object_get_warning' has been explicitly marked deprecated here
  317 | RBIMPL_ATTRSET_UNTYPED_DATA_FUNC()
      | ^
/opt/homebrew/Cellar/ruby/4.0.3/include/ruby-4.0.0/ruby/internal/core/rdata.h:47:5: note: expanded from macro 'RBIMPL_ATTRSET_UNTYPED_DATA_FUNC'
   47 |     RBIMPL_ATTR_DEPRECATED(("by TypedData"))
      |     ^
/opt/homebrew/Cellar/ruby/4.0.3/include/ruby-4.0.0/ruby/internal/attr/deprecated.h:36:53: note: expanded from macro 'RBIMPL_ATTR_DEPRECATED'
   36 | # define RBIMPL_ATTR_DEPRECATED(msg) __attribute__((__deprecated__ msg))
      |                                                     ^
xml_node.c:1677:3: warning: 'rb_data_object_get_warning' is deprecated: by TypedData [-Wdeprecated-declarations]
 1677 |   Data_Get_Struct(self, xmlNode, node);
      |   ^
/opt/homebrew/Cellar/ruby/4.0.3/include/ruby-4.0.0/ruby/internal/core/rdata.h:278:34: note: expanded from macro 'Data_Get_Struct'
  278 |     ((sval) = RBIMPL_CAST((type*)rb_data_object_get(obj)))
      |                                  ^
/opt/homebrew/Cellar/ruby/4.0.3/include/ruby-4.0.0/ruby/internal/core/rdata.h:370:31: note: expanded from macro 'rb_data_object_get'
  370 | #define rb_data_object_get    RUBY_MACRO_SELECT(rb_data_object_get_2, RUBY_UNTYPED_DATA_WARNING)
      |                               ^
/opt/homebrew/Cellar/ruby/4.0.3/include/ruby-4.0.0/ruby/internal/core/rdata.h:50:35: note: expanded from macro 'RUBY_MACRO_SELECT'
   50 | #define RUBY_MACRO_SELECT(x, y)   RBIMPL_MACRO_SELECT(x, y)
      |                                   ^
/opt/homebrew/Cellar/ruby/4.0.3/include/ruby-4.0.0/ruby/internal/core/rdata.h:49:35: note: expanded from macro 'RBIMPL_MACRO_SELECT'
   49 | #define RBIMPL_MACRO_SELECT(x, y) x ## y
      |                                   ^
<scratch space>:221:1: note: expanded from here
  221 | rb_data_object_get_1
      | ^
/opt/homebrew/Cellar/ruby/4.0.3/include/ruby-4.0.0/ruby/internal/core/rdata.h:368:31: note: expanded from macro 'rb_data_object_get_1'
  368 | #define rb_data_object_get_1  rb_data_object_get_warning
      |                               ^
/opt/homebrew/Cellar/ruby/4.0.3/include/ruby-4.0.0/ruby/internal/core/rdata.h:317:1: note: 'rb_data_object_get_warning' has been explicitly marked deprecated here
  317 | RBIMPL_ATTRSET_UNTYPED_DATA_FUNC()
      | ^
/opt/homebrew/Cellar/ruby/4.0.3/include/ruby-4.0.0/ruby/internal/core/rdata.h:47:5: note: expanded from macro 'RBIMPL_ATTRSET_UNTYPED_DATA_FUNC'
   47 |     RBIMPL_ATTR_DEPRECATED(("by TypedData"))
      |     ^
/opt/homebrew/Cellar/ruby/4.0.3/include/ruby-4.0.0/ruby/internal/attr/deprecated.h:36:53: note: expanded from macro 'RBIMPL_ATTR_DEPRECATED'
   36 | # define RBIMPL_ATTR_DEPRECATED(msg) __attribute__((__deprecated__ msg))
      |                                                     ^
xml_node.c:1731:3: warning: 'rb_data_object_get_warning' is deprecated: by TypedData [-Wdeprecated-declarations]
 1731 |   Data_Get_Struct(rb_node, xmlNode, c_node);
      |   ^
/opt/homebrew/Cellar/ruby/4.0.3/include/ruby-4.0.0/ruby/internal/core/rdata.h:278:34: note: expanded from macro 'Data_Get_Struct'
  278 |     ((sval) = RBIMPL_CAST((type*)rb_data_object_get(obj)))
      |                                  ^
/opt/homebrew/Cellar/ruby/4.0.3/include/ruby-4.0.0/ruby/internal/core/rdata.h:370:31: note: expanded from macro 'rb_data_object_get'
  370 | #define rb_data_object_get    RUBY_MACRO_SELECT(rb_data_object_get_2, RUBY_UNTYPED_DATA_WARNING)
      |                               ^
/opt/homebrew/Cellar/ruby/4.0.3/include/ruby-4.0.0/ruby/internal/core/rdata.h:50:35: note: expanded from macro 'RUBY_MACRO_SELECT'
   50 | #define RUBY_MACRO_SELECT(x, y)   RBIMPL_MACRO_SELECT(x, y)
      |                                   ^
/opt/homebrew/Cellar/ruby/4.0.3/include/ruby-4.0.0/ruby/internal/core/rdata.h:49:35: note: expanded from macro 'RBIMPL_MACRO_SELECT'
   49 | #define RBIMPL_MACRO_SELECT(x, y) x ## y
      |                                   ^
<scratch space>:222:1: note: expanded from here
  222 | rb_data_object_get_1
      | ^
/opt/homebrew/Cellar/ruby/4.0.3/include/ruby-4.0.0/ruby/internal/core/rdata.h:368:31: note: expanded from macro 'rb_data_object_get_1'
  368 | #define rb_data_object_get_1  rb_data_object_get_warning
      |                               ^
/opt/homebrew/Cellar/ruby/4.0.3/include/ruby-4.0.0/ruby/internal/core/rdata.h:317:1: note: 'rb_data_object_get_warning' has been explicitly marked deprecated here
  317 | RBIMPL_ATTRSET_UNTYPED_DATA_FUNC()
      | ^
/opt/homebrew/Cellar/ruby/4.0.3/include/ruby-4.0.0/ruby/internal/core/rdata.h:47:5: note: expanded from macro 'RBIMPL_ATTRSET_UNTYPED_DATA_FUNC'
   47 |     RBIMPL_ATTR_DEPRECATED(("by TypedData"))
      |     ^
/opt/homebrew/Cellar/ruby/4.0.3/include/ruby-4.0.0/ruby/internal/attr/deprecated.h:36:53: note: expanded from macro 'RBIMPL_ATTR_DEPRECATED'
   36 | # define RBIMPL_ATTR_DEPRECATED(msg) __attribute__((__deprecated__ msg))
      |                                                     ^
xml_node.c:1733:18: warning: implicit conversion loses integer precision: 'long' to 'int' [-Wshorten-64-to-32]
 1733 |   return INT2NUM(xmlGetLineNo(c_node));
      |          ~~~~~~~ ^~~~~~~~~~~~~~~~~~~~
xml_node.c:1748:3: warning: 'rb_data_object_get_warning' is deprecated: by TypedData [-Wdeprecated-declarations]
 1748 |   Data_Get_Struct(rb_node, xmlNode, c_node);
      |   ^
/opt/homebrew/Cellar/ruby/4.0.3/include/ruby-4.0.0/ruby/internal/core/rdata.h:278:34: note: expanded from macro 'Data_Get_Struct'
  278 |     ((sval) = RBIMPL_CAST((type*)rb_data_object_get(obj)))
      |                                  ^
/opt/homebrew/Cellar/ruby/4.0.3/include/ruby-4.0.0/ruby/internal/core/rdata.h:370:31: note: expanded from macro 'rb_data_object_get'
  370 | #define rb_data_object_get    RUBY_MACRO_SELECT(rb_data_object_get_2, RUBY_UNTYPED_DATA_WARNING)
      |                               ^
/opt/homebrew/Cellar/ruby/4.0.3/include/ruby-4.0.0/ruby/internal/core/rdata.h:50:35: note: expanded from macro 'RUBY_MACRO_SELECT'
   50 | #define RUBY_MACRO_SELECT(x, y)   RBIMPL_MACRO_SELECT(x, y)
      |                                   ^
/opt/homebrew/Cellar/ruby/4.0.3/include/ruby-4.0.0/ruby/internal/core/rdata.h:49:35: note: expanded from macro 'RBIMPL_MACRO_SELECT'
   49 | #define RBIMPL_MACRO_SELECT(x, y) x ## y
      |                                   ^
<scratch space>:223:1: note: expanded from here
  223 | rb_data_object_get_1
      | ^
/opt/homebrew/Cellar/ruby/4.0.3/include/ruby-4.0.0/ruby/internal/core/rdata.h:368:31: note: expanded from macro 'rb_data_object_get_1'
  368 | #define rb_data_object_get_1  rb_data_object_get_warning
      |                               ^
/opt/homebrew/Cellar/ruby/4.0.3/include/ruby-4.0.0/ruby/internal/core/rdata.h:317:1: note: 'rb_data_object_get_warning' has been explicitly marked deprecated here
  317 | RBIMPL_ATTRSET_UNTYPED_DATA_FUNC()
      | ^
/opt/homebrew/Cellar/ruby/4.0.3/include/ruby-4.0.0/ruby/internal/core/rdata.h:47:5: note: expanded from macro 'RBIMPL_ATTRSET_UNTYPED_DATA_FUNC'
   47 |     RBIMPL_ATTR_DEPRECATED(("by TypedData"))
      |     ^
/opt/homebrew/Cellar/ruby/4.0.3/include/ruby-4.0.0/ruby/internal/attr/deprecated.h:36:53: note: expanded from macro 'RBIMPL_ATTR_DEPRECATED'
   36 | # define RBIMPL_ATTR_DEPRECATED(msg) __attribute__((__deprecated__ msg))
      |                                                     ^
xml_node.c:1784:3: warning: 'rb_data_object_get_warning' is deprecated: by TypedData [-Wdeprecated-declarations]
 1784 |   Data_Get_Struct(rb_document_node, xmlNode, c_document_node);
      |   ^
/opt/homebrew/Cellar/ruby/4.0.3/include/ruby-4.0.0/ruby/internal/core/rdata.h:278:34: note: expanded from macro 'Data_Get_Struct'
  278 |     ((sval) = RBIMPL_CAST((type*)rb_data_object_get(obj)))
      |                                  ^
/opt/homebrew/Cellar/ruby/4.0.3/include/ruby-4.0.0/ruby/internal/core/rdata.h:370:31: note: expanded from macro 'rb_data_object_get'
  370 | #define rb_data_object_get    RUBY_MACRO_SELECT(rb_data_object_get_2, RUBY_UNTYPED_DATA_WARNING)
      |                               ^
/opt/homebrew/Cellar/ruby/4.0.3/include/ruby-4.0.0/ruby/internal/core/rdata.h:50:35: note: expanded from macro 'RUBY_MACRO_SELECT'
   50 | #define RUBY_MACRO_SELECT(x, y)   RBIMPL_MACRO_SELECT(x, y)
      |                                   ^
/opt/homebrew/Cellar/ruby/4.0.3/include/ruby-4.0.0/ruby/internal/core/rdata.h:49:35: note: expanded from macro 'RBIMPL_MACRO_SELECT'
   49 | #define RBIMPL_MACRO_SELECT(x, y) x ## y
      |                                   ^
<scratch space>:224:1: note: expanded from here
  224 | rb_data_object_get_1
      | ^
/opt/homebrew/Cellar/ruby/4.0.3/include/ruby-4.0.0/ruby/internal/core/rdata.h:368:31: note: expanded from macro 'rb_data_object_get_1'
  368 | #define rb_data_object_get_1  rb_data_object_get_warning
      |                               ^
/opt/homebrew/Cellar/ruby/4.0.3/include/ruby-4.0.0/ruby/internal/core/rdata.h:317:1: note: 'rb_data_object_get_warning' has been explicitly marked deprecated here
  317 | RBIMPL_ATTRSET_UNTYPED_DATA_FUNC()
      | ^
/opt/homebrew/Cellar/ruby/4.0.3/include/ruby-4.0.0/ruby/internal/core/rdata.h:47:5: note: expanded from macro 'RBIMPL_ATTRSET_UNTYPED_DATA_FUNC'
   47 |     RBIMPL_ATTR_DEPRECATED(("by TypedData"))
      |     ^
/opt/homebrew/Cellar/ruby/4.0.3/include/ruby-4.0.0/ruby/internal/attr/deprecated.h:36:53: note: expanded from macro 'RBIMPL_ATTR_DEPRECATED'
   36 | # define RBIMPL_ATTR_DEPRECATED(msg) __attribute__((__deprecated__ msg))
      |                                                     ^
xml_node.c:1814:3: warning: 'rb_data_object_get_warning' is deprecated: by TypedData [-Wdeprecated-declarations]
 1814 |   Data_Get_Struct(self, xmlNode, node);
      |   ^
/opt/homebrew/Cellar/ruby/4.0.3/include/ruby-4.0.0/ruby/internal/core/rdata.h:278:34: note: expanded from macro 'Data_Get_Struct'
  278 |     ((sval) = RBIMPL_CAST((type*)rb_data_object_get(obj)))
      |                                  ^
/opt/homebrew/Cellar/ruby/4.0.3/include/ruby-4.0.0/ruby/internal/core/rdata.h:370:31: note: expanded from macro 'rb_data_object_get'
  370 | #define rb_data_object_get    RUBY_MACRO_SELECT(rb_data_object_get_2, RUBY_UNTYPED_DATA_WARNING)
      |                               ^
/opt/homebrew/Cellar/ruby/4.0.3/include/ruby-4.0.0/ruby/internal/core/rdata.h:50:35: note: expanded from macro 'RUBY_MACRO_SELECT'
   50 | #define RUBY_MACRO_SELECT(x, y)   RBIMPL_MACRO_SELECT(x, y)
      |                                   ^
/opt/homebrew/Cellar/ruby/4.0.3/include/ruby-4.0.0/ruby/internal/core/rdata.h:49:35: note: expanded from macro 'RBIMPL_MACRO_SELECT'
   49 | #define RBIMPL_MACRO_SELECT(x, y) x ## y
      |                                   ^
<scratch space>:225:1: note: expanded from here
  225 | rb_data_object_get_1
      | ^
/opt/homebrew/Cellar/ruby/4.0.3/include/ruby-4.0.0/ruby/internal/core/rdata.h:368:31: note: expanded from macro 'rb_data_object_get_1'
  368 | #define rb_data_object_get_1  rb_data_object_get_warning
      |                               ^
/opt/homebrew/Cellar/ruby/4.0.3/include/ruby-4.0.0/ruby/internal/core/rdata.h:317:1: note: 'rb_data_object_get_warning' has been explicitly marked deprecated here
  317 | RBIMPL_ATTRSET_UNTYPED_DATA_FUNC()
      | ^
/opt/homebrew/Cellar/ruby/4.0.3/include/ruby-4.0.0/ruby/internal/core/rdata.h:47:5: note: expanded from macro 'RBIMPL_ATTRSET_UNTYPED_DATA_FUNC'
   47 |     RBIMPL_ATTR_DEPRECATED(("by TypedData"))
      |     ^
/opt/homebrew/Cellar/ruby/4.0.3/include/ruby-4.0.0/ruby/internal/attr/deprecated.h:36:53: note: expanded from macro 'RBIMPL_ATTR_DEPRECATED'
   36 | # define RBIMPL_ATTR_DEPRECATED(msg) __attribute__((__deprecated__ msg))
      |                                                     ^
xml_node.c:1833:3: warning: 'rb_data_object_get_warning' is deprecated: by TypedData [-Wdeprecated-declarations]
 1833 |   Data_Get_Struct(self, xmlNode, node);
      |   ^
/opt/homebrew/Cellar/ruby/4.0.3/include/ruby-4.0.0/ruby/internal/core/rdata.h:278:34: note: expanded from macro 'Data_Get_Struct'
  278 |     ((sval) = RBIMPL_CAST((type*)rb_data_object_get(obj)))
      |                                  ^
/opt/homebrew/Cellar/ruby/4.0.3/include/ruby-4.0.0/ruby/internal/core/rdata.h:370:31: note: expanded from macro 'rb_data_object_get'
  370 | #define rb_data_object_get    RUBY_MACRO_SELECT(rb_data_object_get_2, RUBY_UNTYPED_DATA_WARNING)
      |                               ^
/opt/homebrew/Cellar/ruby/4.0.3/include/ruby-4.0.0/ruby/internal/core/rdata.h:50:35: note: expanded from macro 'RUBY_MACRO_SELECT'
   50 | #define RUBY_MACRO_SELECT(x, y)   RBIMPL_MACRO_SELECT(x, y)
      |                                   ^
/opt/homebrew/Cellar/ruby/4.0.3/include/ruby-4.0.0/ruby/internal/core/rdata.h:49:35: note: expanded from macro 'RBIMPL_MACRO_SELECT'
   49 | #define RBIMPL_MACRO_SELECT(x, y) x ## y
      |                                   ^
<scratch space>:226:1: note: expanded from here
  226 | rb_data_object_get_1
      | ^
/opt/homebrew/Cellar/ruby/4.0.3/include/ruby-4.0.0/ruby/internal/core/rdata.h:368:31: note: expanded from macro 'rb_data_object_get_1'
  368 | #define rb_data_object_get_1  rb_data_object_get_warning
      |                               ^
/opt/homebrew/Cellar/ruby/4.0.3/include/ruby-4.0.0/ruby/internal/core/rdata.h:317:1: note: 'rb_data_object_get_warning' has been explicitly marked deprecated here
  317 | RBIMPL_ATTRSET_UNTYPED_DATA_FUNC()
      | ^
/opt/homebrew/Cellar/ruby/4.0.3/include/ruby-4.0.0/ruby/internal/core/rdata.h:47:5: note: expanded from macro 'RBIMPL_ATTRSET_UNTYPED_DATA_FUNC'
   47 |     RBIMPL_ATTR_DEPRECATED(("by TypedData"))
      |     ^
/opt/homebrew/Cellar/ruby/4.0.3/include/ruby-4.0.0/ruby/internal/attr/deprecated.h:36:53: note: expanded from macro 'RBIMPL_ATTR_DEPRECATED'
   36 | # define RBIMPL_ATTR_DEPRECATED(msg) __attribute__((__deprecated__ msg))
      |                                                     ^
xml_node.c:1834:3: warning: 'rb_data_object_get_warning' is deprecated: by TypedData [-Wdeprecated-declarations]
 1834 |   Data_Get_Struct(_other, xmlNode, other);
      |   ^
/opt/homebrew/Cellar/ruby/4.0.3/include/ruby-4.0.0/ruby/internal/core/rdata.h:278:34: note: expanded from macro 'Data_Get_Struct'
  278 |     ((sval) = RBIMPL_CAST((type*)rb_data_object_get(obj)))
      |                                  ^
/opt/homebrew/Cellar/ruby/4.0.3/include/ruby-4.0.0/ruby/internal/core/rdata.h:370:31: note: expanded from macro 'rb_data_object_get'
  370 | #define rb_data_object_get    RUBY_MACRO_SELECT(rb_data_object_get_2, RUBY_UNTYPED_DATA_WARNING)
      |                               ^
/opt/homebrew/Cellar/ruby/4.0.3/include/ruby-4.0.0/ruby/internal/core/rdata.h:50:35: note: expanded from macro 'RUBY_MACRO_SELECT'
   50 | #define RUBY_MACRO_SELECT(x, y)   RBIMPL_MACRO_SELECT(x, y)
      |                                   ^
/opt/homebrew/Cellar/ruby/4.0.3/include/ruby-4.0.0/ruby/internal/core/rdata.h:49:35: note: expanded from macro 'RBIMPL_MACRO_SELECT'
   49 | #define RBIMPL_MACRO_SELECT(x, y) x ## y
      |                                   ^
<scratch space>:227:1: note: expanded from here
  227 | rb_data_object_get_1
      | ^
/opt/homebrew/Cellar/ruby/4.0.3/include/ruby-4.0.0/ruby/internal/core/rdata.h:368:31: note: expanded from macro 'rb_data_object_get_1'
  368 | #define rb_data_object_get_1  rb_data_object_get_warning
      |                               ^
/opt/homebrew/Cellar/ruby/4.0.3/include/ruby-4.0.0/ruby/internal/core/rdata.h:317:1: note: 'rb_data_object_get_warning' has been explicitly marked deprecated here
  317 | RBIMPL_ATTRSET_UNTYPED_DATA_FUNC()
      | ^
/opt/homebrew/Cellar/ruby/4.0.3/include/ruby-4.0.0/ruby/internal/core/rdata.h:47:5: note: expanded from macro 'RBIMPL_ATTRSET_UNTYPED_DATA_FUNC'
   47 |     RBIMPL_ATTR_DEPRECATED(("by TypedData"))
      |     ^
/opt/homebrew/Cellar/ruby/4.0.3/include/ruby-4.0.0/ruby/internal/attr/deprecated.h:36:53: note: expanded from macro 'RBIMPL_ATTR_DEPRECATED'
   36 | # define RBIMPL_ATTR_DEPRECATED(msg) __attribute__((__deprecated__ msg))
      |                                                     ^
xml_node.c:1836:18: warning: implicit conversion loses integer precision: 'long' to 'int' [-Wshorten-64-to-32]
 1836 |   return INT2NUM((long)xmlXPathCmpNodes(other, node));
      |          ~~~~~~~ ^~~~~~~~~~~~~~~~~~~~~~~~~~~~~~~~~~~
xml_node.c:1854:3: warning: 'rb_data_object_get_warning' is deprecated: by TypedData [-Wdeprecated-declarations]
 1854 |   Data_Get_Struct(self, xmlNode, node);
      |   ^
/opt/homebrew/Cellar/ruby/4.0.3/include/ruby-4.0.0/ruby/internal/core/rdata.h:278:34: note: expanded from macro 'Data_Get_Struct'
  278 |     ((sval) = RBIMPL_CAST((type*)rb_data_object_get(obj)))
      |                                  ^
/opt/homebrew/Cellar/ruby/4.0.3/include/ruby-4.0.0/ruby/internal/core/rdata.h:370:31: note: expanded from macro 'rb_data_object_get'
  370 | #define rb_data_object_get    RUBY_MACRO_SELECT(rb_data_object_get_2, RUBY_UNTYPED_DATA_WARNING)
      |                               ^
/opt/homebrew/Cellar/ruby/4.0.3/include/ruby-4.0.0/ruby/internal/core/rdata.h:50:35: note: expanded from macro 'RUBY_MACRO_SELECT'
   50 | #define RUBY_MACRO_SELECT(x, y)   RBIMPL_MACRO_SELECT(x, y)
      |                                   ^
/opt/homebrew/Cellar/ruby/4.0.3/include/ruby-4.0.0/ruby/internal/core/rdata.h:49:35: note: expanded from macro 'RBIMPL_MACRO_SELECT'
   49 | #define RBIMPL_MACRO_SELECT(x, y) x ## y
      |                                   ^
<scratch space>:228:1: note: expanded from here
  228 | rb_data_object_get_1
      | ^
/opt/homebrew/Cellar/ruby/4.0.3/include/ruby-4.0.0/ruby/internal/core/rdata.h:368:31: note: expanded from macro 'rb_data_object_get_1'
  368 | #define rb_data_object_get_1  rb_data_object_get_warning
      |                               ^
/opt/homebrew/Cellar/ruby/4.0.3/include/ruby-4.0.0/ruby/internal/core/rdata.h:317:1: note: 'rb_data_object_get_warning' has been explicitly marked deprecated here
  317 | RBIMPL_ATTRSET_UNTYPED_DATA_FUNC()
      | ^
/opt/homebrew/Cellar/ruby/4.0.3/include/ruby-4.0.0/ruby/internal/core/rdata.h:47:5: note: expanded from macro 'RBIMPL_ATTRSET_UNTYPED_DATA_FUNC'
   47 |     RBIMPL_ATTR_DEPRECATED(("by TypedData"))
      |     ^
/opt/homebrew/Cellar/ruby/4.0.3/include/ruby-4.0.0/ruby/internal/attr/deprecated.h:36:53: note: expanded from macro 'RBIMPL_ATTR_DEPRECATED'
   36 | # define RBIMPL_ATTR_DEPRECATED(msg) __attribute__((__deprecated__ msg))
      |                                                     ^
xml_node.c:1885:3: warning: 'rb_data_object_get_warning' is deprecated: by TypedData [-Wdeprecated-declarations]
 1885 |   Data_Get_Struct(self, xmlNode, node);
      |   ^
/opt/homebrew/Cellar/ruby/4.0.3/include/ruby-4.0.0/ruby/internal/core/rdata.h:278:34: note: expanded from macro 'Data_Get_Struct'
  278 |     ((sval) = RBIMPL_CAST((type*)rb_data_object_get(obj)))
      |                                  ^
/opt/homebrew/Cellar/ruby/4.0.3/include/ruby-4.0.0/ruby/internal/core/rdata.h:370:31: note: expanded from macro 'rb_data_object_get'
  370 | #define rb_data_object_get    RUBY_MACRO_SELECT(rb_data_object_get_2, RUBY_UNTYPED_DATA_WARNING)
      |                               ^
/opt/homebrew/Cellar/ruby/4.0.3/include/ruby-4.0.0/ruby/internal/core/rdata.h:50:35: note: expanded from macro 'RUBY_MACRO_SELECT'
   50 | #define RUBY_MACRO_SELECT(x, y)   RBIMPL_MACRO_SELECT(x, y)
      |                                   ^
/opt/homebrew/Cellar/ruby/4.0.3/include/ruby-4.0.0/ruby/internal/core/rdata.h:49:35: note: expanded from macro 'RBIMPL_MACRO_SELECT'
   49 | #define RBIMPL_MACRO_SELECT(x, y) x ## y
      |                                   ^
<scratch space>:229:1: note: expanded from here
  229 | rb_data_object_get_1
      | ^
/opt/homebrew/Cellar/ruby/4.0.3/include/ruby-4.0.0/ruby/internal/core/rdata.h:368:31: note: expanded from macro 'rb_data_object_get_1'
  368 | #define rb_data_object_get_1  rb_data_object_get_warning
      |                               ^
/opt/homebrew/Cellar/ruby/4.0.3/include/ruby-4.0.0/ruby/internal/core/rdata.h:317:1: note: 'rb_data_object_get_warning' has been explicitly marked deprecated here
  317 | RBIMPL_ATTRSET_UNTYPED_DATA_FUNC()
      | ^
/opt/homebrew/Cellar/ruby/4.0.3/include/ruby-4.0.0/ruby/internal/core/rdata.h:47:5: note: expanded from macro 'RBIMPL_ATTRSET_UNTYPED_DATA_FUNC'
   47 |     RBIMPL_ATTR_DEPRECATED(("by TypedData"))
      |     ^
/opt/homebrew/Cellar/ruby/4.0.3/include/ruby-4.0.0/ruby/internal/attr/deprecated.h:36:53: note: expanded from macro 'RBIMPL_ATTR_DEPRECATED'
   36 | # define RBIMPL_ATTR_DEPRECATED(msg) __attribute__((__deprecated__ msg))
      |                                                     ^
xml_node_set.c:121:3: warning: 'rb_data_object_get_warning' is deprecated: by TypedData [-Wdeprecated-declarations]
  121 |   Data_Get_Struct(self, xmlNodeSet, node_set);
      |   ^
/opt/homebrew/Cellar/ruby/4.0.3/include/ruby-4.0.0/ruby/internal/core/rdata.h:278:34: note: expanded from macro 'Data_Get_Struct'
  278 |     ((sval) = RBIMPL_CAST((type*)rb_data_object_get(obj)))
      |                                  ^
/opt/homebrew/Cellar/ruby/4.0.3/include/ruby-4.0.0/ruby/internal/core/rdata.h:370:31: note: expanded from macro 'rb_data_object_get'
  370 | #define rb_data_object_get    RUBY_MACRO_SELECT(rb_data_object_get_2, RUBY_UNTYPED_DATA_WARNING)
      |                               ^
/opt/homebrew/Cellar/ruby/4.0.3/include/ruby-4.0.0/ruby/internal/core/rdata.h:50:35: note: expanded from macro 'RUBY_MACRO_SELECT'
   50 | #define RUBY_MACRO_SELECT(x, y)   RBIMPL_MACRO_SELECT(x, y)
      |                                   ^
/opt/homebrew/Cellar/ruby/4.0.3/include/ruby-4.0.0/ruby/internal/core/rdata.h:49:35: note: expanded from macro 'RBIMPL_MACRO_SELECT'
   49 | #define RBIMPL_MACRO_SELECT(x, y) x ## y
      |                                   ^
<scratch space>:176:1: note: expanded from here
  176 | rb_data_object_get_1
      | ^
/opt/homebrew/Cellar/ruby/4.0.3/include/ruby-4.0.0/ruby/internal/core/rdata.h:368:31: note: expanded from macro 'rb_data_object_get_1'
  368 | #define rb_data_object_get_1  rb_data_object_get_warning
      |                               ^
/opt/homebrew/Cellar/ruby/4.0.3/include/ruby-4.0.0/ruby/internal/core/rdata.h:317:1: note: 'rb_data_object_get_warning' has been explicitly marked deprecated here
  317 | RBIMPL_ATTRSET_UNTYPED_DATA_FUNC()
      | ^
/opt/homebrew/Cellar/ruby/4.0.3/include/ruby-4.0.0/ruby/internal/core/rdata.h:47:5: note: expanded from macro 'RBIMPL_ATTRSET_UNTYPED_DATA_FUNC'
   47 |     RBIMPL_ATTR_DEPRECATED(("by TypedData"))
      |     ^
/opt/homebrew/Cellar/ruby/4.0.3/include/ruby-4.0.0/ruby/internal/attr/deprecated.h:36:53: note: expanded from macro 'RBIMPL_ATTR_DEPRECATED'
   36 | # define RBIMPL_ATTR_DEPRECATED(msg) __attribute__((__deprecated__ msg))
      |                                                     ^
xml_node_set.c:139:3: warning: 'rb_data_object_get_warning' is deprecated: by TypedData [-Wdeprecated-declarations]
  139 |   Data_Get_Struct(self, xmlNodeSet, node_set);
      |   ^
/opt/homebrew/Cellar/ruby/4.0.3/include/ruby-4.0.0/ruby/internal/core/rdata.h:278:34: note: expanded from macro 'Data_Get_Struct'
  278 |     ((sval) = RBIMPL_CAST((type*)rb_data_object_get(obj)))
      |                                  ^
/opt/homebrew/Cellar/ruby/4.0.3/include/ruby-4.0.0/ruby/internal/core/rdata.h:370:31: note: expanded from macro 'rb_data_object_get'
  370 | #define rb_data_object_get    RUBY_MACRO_SELECT(rb_data_object_get_2, RUBY_UNTYPED_DATA_WARNING)
      |                               ^
/opt/homebrew/Cellar/ruby/4.0.3/include/ruby-4.0.0/ruby/internal/core/rdata.h:50:35: note: expanded from macro 'RUBY_MACRO_SELECT'
   50 | #define RUBY_MACRO_SELECT(x, y)   RBIMPL_MACRO_SELECT(x, y)
      |                                   ^
/opt/homebrew/Cellar/ruby/4.0.3/include/ruby-4.0.0/ruby/internal/core/rdata.h:49:35: note: expanded from macro 'RBIMPL_MACRO_SELECT'
   49 | #define RBIMPL_MACRO_SELECT(x, y)xml_node.c:2048:13: warning: 'rb_data_object_wrap_warning' is deprecated: by TypedData [-Wdeprecated-declarations]
 2048 |   rb_node = Data_Wrap_Struct(rb_class, f_mark, _xml_node_dealloc, c_node) ;
      |             ^
/opt/homebrew/Cellar/ruby/4.0.3/include/ruby-4.0.0/ruby/internal/core/rdata.h:202:5: note: expanded from macro 'Data_Wrap_Struct'
  202 |     rb_data_object_wrap(                          \
      |     ^
/opt/homebrew/Cellar/ruby/4.0.3/include/ruby-4.0.0/ruby/internal/core/rdata.h:366:31: note: expanded from macro 'rb_data_object_wrap'
  366 | #define rb_data_object_wrap   RUBY_MACRO_SELECT(rb_data_object_wrap_2, RUBY_UNTYPED_DATA_WARNING)
      |                               ^
/opt/homebrew/Cellar/ruby/4.0.3/include/ruby-4.0.0/ruby/internal/core/rdata.h:50:35: note: expanded from macro 'RUBY_MACRO_SELECT'
   50 | #define RUBY_MACRO_SELECT(x, y)   RBIMPL_MACRO_SELECT(x, y)
      |                                   ^
/opt/homebrew/Cellar/ruby/4.0.3/include/ruby-4.0.0/ruby/internal/core/rdata.h:49:35: note: expanded from macro 'RBIMPL_MACRO_SELECT'
   49 | #define RBIMPL_MACRO_SELECT(x, y) x ## y
      |                                   ^
<scratch space>:230:1: note: expanded from here
  230 | rb_data_object_wrap_1
      | ^
/opt/homebrew/Cellar/ruby/4.0.3/include/ruby-4.0.0/ruby/internal/core/rdata.h:364:31: note: expanded from macro 'rb_data_object_wrap_1'
  364 | #define rb_data_object_wrap_1 rb_data_object_wrap_warning
      |                               ^
/opt/homebrew/Cellar/ruby/4.0.3/include/ruby-4.0.0/ruby/internal/core/rdata.h:280:1: note: 'rb_data_object_wrap_warning' has been explicitly marked deprecated here
  280 | RBIMPL_ATTRSET_UNTYPED_DATA_FUNC()
      | ^
/opt/homebrew/Cellar/ruby/4.0.3/include/ruby-4.0.0/ruby/internal/core/rdata.h:47:5: note: expanded from macro 'RBIMPL_ATTRSET_UNTYPED_DATA_FUNC'
   47 |     RBIMPL_ATTR_DEPRECATED(("by TypedData"))
      |     ^
/opt/homebrew/Cellar/ruby/4.0.3/include/ruby-4.0.0/ruby/internal/attr/deprecated.h:36:53: note: expanded from macro 'RBIMPL_ATTR_DEPRECATED'
   36 | # define RBIMPL_ATTR_DEPRECATED(msg) __attribute__((__deprecated__ msg))
      |                                                     ^
 x ## y
      |                                   ^
<scratch space>:177:1: note: expanded from here
  177 | rb_data_object_get_1
      | ^
/opt/homebrew/Cellar/ruby/4.0.3/include/ruby-4.0.0/ruby/internal/core/rdata.h:368:31: note: expanded from macro 'rb_data_object_get_1'
  368 | #define rb_data_object_get_1  rb_data_object_get_warning
      |                               ^
/opt/homebrew/Cellar/ruby/4.0.3/include/ruby-4.0.0/ruby/internal/core/rdata.h:317:1: note: 'rb_data_object_get_warning' has been explicitly marked deprecated here
  317 | RBIMPL_ATTRSET_UNTYPED_DATA_FUNC()
      | ^
/opt/homebrew/Cellar/ruby/4.0.3/include/ruby-4.0.0/ruby/internal/core/rdata.h:47:5: note: expanded from macro 'RBIMPL_ATTRSET_UNTYPED_DATA_FUNC'
   47 |     RBIMPL_ATTR_DEPRECATED(("by TypedData"))
      |     ^
/opt/homebrew/Cellar/ruby/4.0.3/include/ruby-4.0.0/ruby/internal/attr/deprecated.h:36:53: note: expanded from macro 'RBIMPL_ATTR_DEPRECATED'
   36 | # define RBIMPL_ATTR_DEPRECATED(msg) __attribute__((__deprecated__ msg))
      |                                                     ^
xml_node_set.c:158:3: warning: 'rb_data_object_get_warning' is deprecated: by TypedData [-Wdeprecated-declarations]
  158 |   Data_Get_Struct(self, xmlNodeSet, node_set);
      |   ^
/opt/homebrew/Cellar/ruby/4.0.3/include/ruby-4.0.0/ruby/internal/core/rdata.h:278:34: note: expanded from macro 'Data_Get_Struct'
  278 |     ((sval) = RBIMPL_CAST((type*)rb_data_object_get(obj)))
      |                                  ^
/opt/homebrew/Cellar/ruby/4.0.3/include/ruby-4.0.0/ruby/internal/core/rdata.h:370:31: note: expanded from macro 'rb_data_object_get'
  370 | #define rb_data_object_get    RUBY_MACRO_SELECT(rb_data_object_get_2, RUBY_UNTYPED_DATA_WARNING)
      |                               ^
/opt/homebrew/Cellar/ruby/4.0.3/include/ruby-4.0.0/ruby/internal/core/rdata.h:50:35: note: expanded from macro 'RUBY_MACRO_SELECT'
   50 | #define RUBY_MACRO_SELECT(x, y)   RBIMPL_MACRO_SELECT(x, y)
      |                                   ^
/opt/homebrew/Cellar/ruby/4.0.3/include/ruby-4.0.0/ruby/internal/core/rdata.h:49:35: note: expanded from macro 'RBIMPL_MACRO_SELECT'
   49 | #define RBIMPL_MACRO_SELECT(x, y) x ## y
      |                                   ^
<scratch space>:178:1: note: expanded from here
  178 | rb_data_object_get_1
      | ^
/opt/homebrew/Cellar/ruby/4.0.3/include/ruby-4.0.0/ruby/internal/core/rdata.h:368:31: note: expanded from macro 'rb_data_object_get_1'
  368 | #define rb_data_object_get_1  rb_data_object_get_warning
      |                               ^
/opt/homebrew/Cellar/ruby/4.0.3/include/ruby-4.0.0/ruby/internal/core/rdata.h:317:1: note: 'rb_data_object_get_warning' has been explicitly marked deprecated here
  317 | RBIMPL_ATTRSET_UNTYPED_DATA_FUNC()
      | ^
/opt/homebrew/Cellar/ruby/4.0.3/include/ruby-4.0.0/ruby/internal/core/rdata.h:47:5: note: expanded from macro 'RBIMPL_ATTRSET_UNTYPED_DATA_FUNC'
   47 |     RBIMPL_ATTR_DEPRECATED(("by TypedData"))
      |     ^
/opt/homebrew/Cellar/ruby/4.0.3/include/ruby-4.0.0/ruby/internal/attr/deprecated.h:36:53: note: expanded from macro 'RBIMPL_ATTR_DEPRECATED'
   36 | # define RBIMPL_ATTR_DEPRECATED(msg) __attribute__((__deprecated__ msg))
      |                                                     ^
xml_node_set.c:159:3: warning: 'rb_data_object_get_warning' is deprecated: by TypedData [-Wdeprecated-declarations]
  159 |   Data_Get_Struct(rb_node, xmlNode, node);
      |   ^
/opt/homebrew/Cellar/ruby/4.0.3/include/ruby-4.0.0/ruby/internal/core/rdata.h:278:34: note: expanded from macro 'Data_Get_Struct'
  278 |     ((sval) = RBIMPL_CAST((type*)rb_data_object_get(obj)))
      |                                  ^
/opt/homebrew/Cellar/ruby/4.0.3/include/ruby-4.0.0/ruby/internal/core/rdata.h:370:31: note: expanded from macro 'rb_data_object_get'
  370 | #define rb_data_object_get    RUBY_MACRO_SELECT(rb_data_object_get_2, RUBY_UNTYPED_DATA_WARNING)
      |                               ^
/opt/homebrew/Cellar/ruby/4.0.3/include/ruby-4.0.0/ruby/internal/core/rdata.h:50:35: note: expanded from macro 'RUBY_MACRO_SELECT'
   50 | #define RUBY_MACRO_SELECT(x, y)   RBIMPL_MACRO_SELECT(x, y)
      |                                   ^
/opt/homebrew/Cellar/ruby/4.0.3/include/ruby-4.0.0/ruby/internal/core/rdata.h:49:35: note: expanded from macro 'RBIMPL_MACRO_SELECT'
   49 | #define RBIMPL_MACRO_SELECT(x, y) x ## y
      |                                   ^
<scratch space>:179:1: note: expanded from here
  179 | rb_data_object_get_1
      | ^
/opt/homebrew/Cellar/ruby/4.0.3/include/ruby-4.0.0/ruby/internal/core/rdata.h:368:31: note: expanded from macro 'rb_data_object_get_1'
  368 | #define rb_data_object_get_1  rb_data_object_get_warning
      |                               ^
/opt/homebrew/Cellar/ruby/4.0.3/include/ruby-4.0.0/ruby/internal/core/rdata.h:317:1: note: 'rb_data_object_get_warning' has been explicitly marked deprecated here
  317 | RBIMPL_ATTRSET_UNTYPED_DATA_FUNC()
      | ^
/opt/homebrew/Cellar/ruby/4.0.3/include/ruby-4.0.0/ruby/internal/core/rdata.h:47:5: note: expanded from macro 'RBIMPL_ATTRSET_UNTYPED_DATA_FUNC'
   47 |     RBIMPL_ATTR_DEPRECATED(("by TypedData"))
      |     ^
/opt/homebrew/Cellar/ruby/4.0.3/include/ruby-4.0.0/ruby/internal/attr/deprecated.h:36:53: note: expanded from macro 'RBIMPL_ATTR_DEPRECATED'
   36 | # define RBIMPL_ATTR_DEPRECATED(msg) __attribute__((__deprecated__ msg))
      |                                                     ^
xml_node_set.c:181:3: warning: 'rb_data_object_get_warning' is deprecated: by TypedData [-Wdeprecated-declarations]
  181 |   Data_Get_Struct(self, xmlNodeSet, node_set);
      |   ^
/opt/homebrew/Cellar/ruby/4.0.3/include/ruby-4.0.0/ruby/internal/core/rdata.h:278:34: note: expanded from macro 'Data_Get_Struct'
  278 |     ((sval) = RBIMPL_CAST((type*)rb_data_object_get(obj)))
      |                                  ^
/opt/homebrew/Cellar/ruby/4.0.3/include/ruby-4.0.0/ruby/internal/core/rdata.h:370:31: note: expanded from macro 'rb_data_object_get'
  370 | #define rb_data_object_get    RUBY_MACRO_SELECT(rb_data_object_get_2, RUBY_UNTYPED_DATA_WARNING)
      |                               ^
/opt/homebrew/Cellar/ruby/4.0.3/include/ruby-4.0.0/ruby/internal/core/rdata.h:50:35: note: expanded from macro 'RUBY_MACRO_SELECT'
   50 | #define RUBY_MACRO_SELECT(x, y)   RBIMPL_MACRO_SELECT(x, y)
      |                                   ^
/opt/homebrew/Cellar/ruby/4.0.3/include/ruby-4.0.0/ruby/internal/core/rdata.h:49:35: note: expanded from macro 'RBIMPL_MACRO_SELECT'
   49 | #define RBIMPL_MACRO_SELECT(x, y) x ## y
      |                                   ^
<scratch space>:180:1: note: expanded from here
  180 | rb_data_object_get_1
      | ^
/opt/homebrew/Cellar/ruby/4.0.3/include/ruby-4.0.0/ruby/internal/core/rdata.h:368:31: note: expanded from macro 'rb_data_object_get_1'
  368 | #define rb_data_object_get_1  rb_data_object_get_warning
      |                               ^
/opt/homebrew/Cellar/ruby/4.0.3/include/ruby-4.0.0/ruby/internal/core/rdata.h:317:1: note: 'rb_data_object_get_warning' has been explicitly marked deprecated here
  317 | RBIMPL_ATTRSET_UNTYPED_DATA_FUNC()
      | ^
/opt/homebrew/Cellar/ruby/4.0.3/include/ruby-4.0.0/ruby/internal/core/rdata.h:47:5: note: expanded from macro 'RBIMPL_ATTRSET_UNTYPED_DATA_FUNC'
   47 |     RBIMPL_ATTR_DEPRECATED(("by TypedData"))
      |     ^
/opt/homebrew/Cellar/ruby/4.0.3/include/ruby-4.0.0/ruby/internal/attr/deprecated.h:36:53: note: expanded from macro 'RBIMPL_ATTR_DEPRECATED'
   36 | # define RBIMPL_ATTR_DEPRECATED(msg) __attribute__((__deprecated__ msg))
      |                                                     ^
xml_node_set.c:182:3: warning: 'rb_data_object_get_warning' is deprecated: by TypedData [-Wdeprecated-declarations]
  182 |   Data_Get_Struct(rb_node, xmlNode, node);
      |   ^
/opt/homebrew/Cellar/ruby/4.0.3/include/ruby-4.0.0/ruby/internal/core/rdata.h:278:34: note: expanded from macro 'Data_Get_Struct'
  278 |     ((sval) = RBIMPL_CAST((type*)rb_data_object_get(obj)))
      |                                  ^
/opt/homebrew/Cellar/ruby/4.0.3/include/ruby-4.0.0/ruby/internal/core/rdata.h:370:31: note: expanded from macro 'rb_data_object_get'
  370 | #define rb_data_object_get    RUBY_MACRO_SELECT(rb_data_object_get_2, RUBY_UNTYPED_DATA_WARNING)
      |                               ^
/opt/homebrew/Cellar/ruby/4.0.3/include/ruby-4.0.0/ruby/internal/core/rdata.h:50:35: note: expanded from macro 'RUBY_MACRO_SELECT'
   50 | #define RUBY_MACRO_SELECT(x, y)   RBIMPL_MACRO_SELECT(x, y)
      |                                   ^
/opt/homebrew/Cellar/ruby/4.0.3/include/ruby-4.0.0/ruby/internal/core/rdata.h:49:35: note: expanded from macro 'RBIMPL_MACRO_SELECT'
   49 | #define RBIMPL_MACRO_SELECT(x, y) x ## y
      |                                   ^
<scratch space>:181:1: note: expanded from here
  181 | rb_data_object_get_1
      | ^
/opt/homebrew/Cellar/ruby/4.0.3/include/ruby-4.0.0/ruby/internal/core/rdata.h:368:31: note: expanded from macro 'rb_data_object_get_1'
  368 | #define rb_data_object_get_1  rb_data_object_get_warning
      |                               ^
/opt/homebrew/Cellar/ruby/4.0.3/include/ruby-4.0.0/ruby/internal/core/rdata.h:317:1: note: 'rb_data_object_get_warning' has been explicitly marked deprecated here
  317 | RBIMPL_ATTRSET_UNTYPED_DATA_FUNC()
      | ^
/opt/homebrew/Cellar/ruby/4.0.3/include/ruby-4.0.0/ruby/internal/core/rdata.h:47:5: note: expanded from macro 'RBIMPL_ATTRSET_UNTYPED_DATA_FUNC'
   47 |     RBIMPL_ATTR_DEPRECATED(("by TypedData"))
      |     ^
/opt/homebrew/Cellar/ruby/4.0.3/include/ruby-4.0.0/ruby/internal/attr/deprecated.h:36:53: note: expanded from macro 'RBIMPL_ATTR_DEPRECATED'
   36 | # define RBIMPL_ATTR_DEPRECATED(msg) __attribute__((__deprecated__ msg))
      |                                                     ^
xml_node_set.c:208:3: warning: 'rb_data_object_get_warning' is deprecated: by TypedData [-Wdeprecated-declarations]
  208 |   Data_Get_Struct(self, xmlNodeSet, node_set);
      |   ^
/opt/homebrew/Cellar/ruby/4.0.3/include/ruby-4.0.0/ruby/internal/core/rdata.h:278:34: note: expanded from macro 'Data_Get_Struct'
  278 |     ((sval) = RBIMPL_CAST((type*)rb_data_object_get(obj)))
      |                                  ^
/opt/homebrew/Cellar/ruby/4.0.3/include/ruby-4.0.0/ruby/internal/core/rdata.h:370:31: note: expanded from macro 'rb_data_object_get'
  370 | #define rb_data_object_get    RUBY_MACRO_SELECT(rb_data_object_get_2, RUBY_UNTYPED_DATA_WARNING)
      |                               ^
/opt/homebrew/Cellar/ruby/4.0.3/include/ruby-4.0.0/ruby/internal/core/rdata.h:50:35: note: expanded from macro 'RUBY_MACRO_SELECT'
   50 | #define RUBY_MACRO_SELECT(x, y)   RBIMPL_MACRO_SELECT(x, y)
      |                                   ^
/opt/homebrew/Cellar/ruby/4.0.3/include/ruby-4.0.0/ruby/internal/core/rdata.h:49:35: note: expanded from macro 'RBIMPL_MACRO_SELECT'
   49 | #define RBIMPL_MACRO_SELECT(x, y) x ## y
      |                                   ^
<scratch space>:182:1: note: expanded from here
  182 | rb_data_object_get_1
      | ^
/opt/homebrew/Cellar/ruby/4.0.3/include/ruby-4.0.0/ruby/internal/core/rdata.h:368:31: note: expanded from macro 'rb_data_object_get_1'
  368 | #define rb_data_object_get_1  rb_data_object_get_warning
      |                               ^
/opt/homebrew/Cellar/ruby/4.0.3/include/ruby-4.0.0/ruby/internal/core/rdata.h:317:1: note: 'rb_data_object_get_warning' has been explicitly marked deprecated here
  317 | RBIMPL_ATTRSET_UNTYPED_DATA_FUNC()
      | ^
/opt/homebrew/Cellar/ruby/4.0.3/include/ruby-4.0.0/ruby/internal/core/rdata.h:47:5: note: expanded from macro 'RBIMPL_ATTRSET_UNTYPED_DATA_FUNC'
   47 |     RBIMPL_ATTR_DEPRECATED(("by TypedData"))
      |     ^
/opt/homebrew/Cellar/ruby/4.0.3/include/ruby-4.0.0/ruby/internal/attr/deprecated.h:36:53: note: expanded from macro 'RBIMPL_ATTR_DEPRECATED'
   36 | # define RBIMPL_ATTR_DEPRECATED(msg) __attribute__((__deprecated__ msg))
      |                                                     ^
xml_node_set.c:209:3: warning: 'rb_data_object_get_warning' is deprecated: by TypedData [-Wdeprecated-declarations]
  209 |   Data_Get_Struct(rb_other, xmlNodeSet, other);
      |   ^
/opt/homebrew/Cellar/ruby/4.0.3/include/ruby-4.0.0/ruby/internal/core/rdata.h:278:34: note: expanded from macro 'Data_Get_Struct'
  278 |     ((sval) = RBIMPL_CAST((type*)rb_data_object_get(obj)))
      |                                  ^
/opt/homebrew/Cellar/ruby/4.0.3/include/ruby-4.0.0/ruby/internal/core/rdata.h:370:31: note: expanded from macro 'rb_data_object_get'
  370 | #define rb_data_object_get    RUBY_MACRO_SELECT(rb_data_object_get_2, RUBY_UNTYPED_DATA_WARNING)
      |                               ^
/opt/homebrew/Cellar/ruby/4.0.3/include/ruby-4.0.0/ruby/internal/core/rdata.h:50:35: note: expanded from macro 'RUBY_MACRO_SELECT'
   50 | #define RUBY_MACRO_SELECT(x, y)   RBIMPL_MACRO_SELECT(x, y)
      |                                   ^
/opt/homebrew/Cellar/ruby/4.0.3/include/ruby-4.0.0/ruby/internal/core/rdata.h:49:35: note: expanded from macro 'RBIMPL_MACRO_SELECT'
   49 | #define RBIMPL_MACRO_SELECT(x, y) x ## y
      |                                   ^
<scratch space>:183:1: note: expanded from here
  183 | rb_data_object_get_1
      | ^
/opt/homebrew/Cellar/ruby/4.0.3/include/ruby-4.0.0/ruby/internal/core/rdata.h:368:31: note: expanded from macro 'rb_data_object_get_1'
  368 | #define rb_data_object_get_1  rb_data_object_get_warning
      |                               ^
/opt/homebrew/Cellar/ruby/4.0.3/include/ruby-4.0.0/ruby/internal/core/rdata.h:317:1: note: 'rb_data_object_get_warning' has been explicitly marked deprecated here
  317 | RBIMPL_ATTRSET_UNTYPED_DATA_FUNC()
      | ^
/opt/homebrew/Cellar/ruby/4.0.3/include/ruby-4.0.0/ruby/internal/core/rdata.h:47:5: note: expanded from macro 'RBIMPL_ATTRSET_UNTYPED_DATA_FUNC'
   47 |     RBIMPL_ATTR_DEPRECATED(("by TypedData"))
      |     ^
/opt/homebrew/Cellar/ruby/4.0.3/include/ruby-4.0.0/ruby/internal/attr/deprecated.h:36:53: note: expanded from macro 'RBIMPL_ATTR_DEPRECATED'
   36 | # define RBIMPL_ATTR_DEPRECATED(msg) __attribute__((__deprecated__ msg))
      |                                                     ^
xml_node_set.c:230:3: warning: 'rb_data_object_get_warning' is deprecated: by TypedData [-Wdeprecated-declarations]
  230 |   Data_Get_Struct(self, xmlNodeSet, node_set);
      |   ^
/opt/homebrew/Cellar/ruby/4.0.3/include/ruby-4.0.0/ruby/internal/core/rdata.h:278:34: note: expanded from macro 'Data_Get_Struct'
  278 |     ((sval) = RBIMPL_CAST((type*)rb_data_object_get(obj)))
      |                                  ^
/opt/homebrew/Cellar/ruby/4.0.3/include/ruby-4.0.0/ruby/internal/core/rdata.h:370:31: note: expanded from macro 'rb_data_object_get'
  370 | #define rb_data_object_get    RUBY_MACRO_SELECT(rb_data_object_get_2, RUBY_UNTYPED_DATA_WARNING)
      |                               ^
/opt/homebrew/Cellar/ruby/4.0.3/include/ruby-4.0.0/ruby/internal/core/rdata.h:50:35: note: expanded from macro 'RUBY_MACRO_SELECT'
   50 | #define RUBY_MACRO_SELECT(x, y)   RBIMPL_MACRO_SELECT(x, y)
      |                                   ^
/opt/homebrew/Cellar/ruby/4.0.3/include/ruby-4.0.0/ruby/internal/core/rdata.h:49:35: note: expanded from macro 'RBIMPL_MACRO_SELECT'
   49 | #define RBIMPL_MACRO_SELECT(x, y) x ## y
      |                                   ^
<scratch space>:184:1: note: expanded from here
  184 | rb_data_object_get_1
      | ^
/opt/homebrew/Cellar/ruby/4.0.3/include/ruby-4.0.0/ruby/internal/core/rdata.h:368:31: note: expanded from macro 'rb_data_object_get_1'
  368 | #define rb_data_object_get_1  rb_data_object_get_warning
      |                               ^
/opt/homebrew/Cellar/ruby/4.0.3/include/ruby-4.0.0/ruby/internal/core/rdata.h:317:1: note: 'rb_data_object_get_warning' has been explicitly marked deprecated here
  317 | RBIMPL_ATTRSET_UNTYPED_DATA_FUNC()
      | ^
/opt/homebrew/Cellar/ruby/4.0.3/include/ruby-4.0.0/ruby/internal/core/rdata.h:47:5: note: expanded from macro 'RBIMPL_ATTRSET_UNTYPED_DATA_FUNC'
   47 |     RBIMPL_ATTR_DEPRECATED(("by TypedData"))
      |     ^
/opt/homebrew/Cellar/ruby/4.0.3/include/ruby-4.0.0/ruby/internal/attr/deprecated.h:36:53: note: expanded from macro 'RBIMPL_ATTR_DEPRECATED'
   36 | # define RBIMPL_ATTR_DEPRECATED(msg) __attribute__((__deprecated__ msg))
      |                                                     ^
xml_node_set.c:231:3: warning: 'rb_data_object_get_warning' is deprecated: by TypedData [-Wdeprecated-declarations]
  231 |   Data_Get_Struct(rb_node, xmlNode, node);
      |   ^
/opt/homebrew/Cellar/ruby/4.0.3/include/ruby-4.0.0/ruby/internal/core/rdata.h:278:34: note: expanded from macro 'Data_Get_Struct'
  278 |     ((sval) = RBIMPL_CAST((type*)rb_data_object_get(obj)))
      |                                  ^
/opt/homebrew/Cellar/ruby/4.0.3/include/ruby-4.0.0/ruby/internal/core/rdata.h:370:31: note: expanded from macro 'rb_data_object_get'
  370 | #define rb_data_object_get    RUBY_MACRO_SELECT(rb_data_object_get_2, RUBY_UNTYPED_DATA_WARNING)
      |                               ^
/opt/homebrew/Cellar/ruby/4.0.3/include/ruby-4.0.0/ruby/internal/core/rdata.h:50:35: note: expanded from macro 'RUBY_MACRO_SELECT'
   50 | #define RUBY_MACRO_SELECT(x, y)   RBIMPL_MACRO_SELECT(x, y)
      |                                   ^
/opt/homebrew/Cellar/ruby/4.0.3/include/ruby-4.0.0/ruby/internal/core/rdata.h:49:35: note: expanded from macro 'RBIMPL_MACRO_SELECT'
   49 | #define RBIMPL_MACRO_SELECT(x, y) x ## y
      |                                   ^
<scratch space>:185:1: note: expanded from here
  185 | rb_data_object_get_1
      | ^
/opt/homebrew/Cellar/ruby/4.0.3/include/ruby-4.0.0/ruby/internal/core/rdata.h:368:31: note: expanded from macro 'rb_data_object_get_1'
  368 | #define rb_data_object_get_1  rb_data_object_get_warning
      |                               ^
/opt/homebrew/Cellar/ruby/4.0.3/include/ruby-4.0.0/ruby/internal/core/rdata.h:317:1: note: 'rb_data_object_get_warning' has been explicitly marked deprecated here
  317 | RBIMPL_ATTRSET_UNTYPED_DATA_FUNC()
      | ^
/opt/homebrew/Cellar/ruby/4.0.3/include/ruby-4.0.0/ruby/internal/core/rdata.h:47:5: note: expanded from macro 'RBIMPL_ATTRSET_UNTYPED_DATA_FUNC'
   47 |     RBIMPL_ATTR_DEPRECATED(("by TypedData"))
      |     ^
/opt/homebrew/Cellar/ruby/4.0.3/include/ruby-4.0.0/ruby/internal/attr/deprecated.h:36:53: note: expanded from macro 'RBIMPL_ATTR_DEPRECATED'
   36 | # define RBIMPL_ATTR_DEPRECATED(msg) __attribute__((__deprecated__ msg))
      |                                                     ^
xml_node_set.c:254:3: warning: 'rb_data_object_get_warning' is deprecated: by TypedData [-Wdeprecated-declarations]
  254 |   Data_Get_Struct(rb_node_set, xmlNodeSet, c_node_set);
      |   ^
/opt/homebrew/Cellar/ruby/4.0.3/include/ruby-4.0.0/ruby/internal/core/rdata.h:278:34: note: expanded from macro 'Data_Get_Struct'
  278 |     ((sval) = RBIMPL_CAST((type*)rb_data_object_get(obj)))
      |                                  ^
/opt/homebrew/Cellar/ruby/4.0.3/include/ruby-4.0.0/ruby/internal/core/rdata.h:370:31: note: expanded from macro 'rb_data_object_get'
  370 | #define rb_data_object_get    RUBY_MACRO_SELECT(rb_data_object_get_2, RUBY_UNTYPED_DATA_WARNING)
      |                               ^
/opt/homebrew/Cellar/ruby/4.0.3/include/ruby-4.0.0/ruby/internal/core/rdata.h:50:35: note: expanded from macro 'RUBY_MACRO_SELECT'
   50 | #define RUBY_MACRO_SELECT(x, y)   RBIMPL_MACRO_SELECT(x, y)
      |                                   ^
/opt/homebrew/Cellar/ruby/4.0.3/include/ruby-4.0.0/ruby/internal/core/rdata.h:49:35: note: expanded from macro 'RBIMPL_MACRO_SELECT'
   49 | #define RBIMPL_MACRO_SELECT(x, y) x ## y
      |                                   ^
<scratch space>:186:1: note: expanded from here
  186 | rb_data_object_get_1
      | ^
/opt/homebrew/Cellar/ruby/4.0.3/include/ruby-4.0.0/ruby/internal/core/rdata.h:368:31: note: expanded from macro 'rb_data_object_get_1'
  368 | #define rb_data_object_get_1  rb_data_object_get_warning
      |                               ^
/opt/homebrew/Cellar/ruby/4.0.3/include/ruby-4.0.0/ruby/internal/core/rdata.h:317:1: note: 'rb_data_object_get_warning' has been explicitly marked deprecated here
  317 | RBIMPL_ATTRSET_UNTYPED_DATA_FUNC()
      | ^
/opt/homebrew/Cellar/ruby/4.0.3/include/ruby-4.0.0/ruby/internal/core/rdata.h:47:5: note: expanded from macro 'RBIMPL_ATTRSET_UNTYPED_DATA_FUNC'
   47 |     RBIMPL_ATTR_DEPRECATED(("by TypedData"))
      |     ^
/opt/homebrew/Cellar/ruby/4.0.3/include/ruby-4.0.0/ruby/internal/attr/deprecated.h:36:53: note: expanded from macro 'RBIMPL_ATTR_DEPRECATED'
   36 | # define RBIMPL_ATTR_DEPRECATED(msg) __attribute__((__deprecated__ msg))
      |                                                     ^
xml_node_set.c:255:3: warning: 'rb_data_object_get_warning' is deprecated: by TypedData [-Wdeprecated-declarations]
  255 |   Data_Get_Struct(rb_other, xmlNodeSet, c_other);
      |   ^
/opt/homebrew/Cellar/ruby/4.0.3/include/ruby-4.0.0/ruby/internal/core/rdata.h:278:34: note: expanded from macro 'Data_Get_Struct'
  278 |     ((sval) = RBIMPL_CAST((type*)rb_data_object_get(obj)))
      |                                  ^
/opt/homebrew/Cellar/ruby/4.0.3/include/ruby-4.0.0/ruby/internal/core/rdata.h:370:31: note: expanded from macro 'rb_data_object_get'
  370 | #define rb_data_object_get    RUBY_MACRO_SELECT(rb_data_object_get_2, RUBY_UNTYPED_DATA_WARNING)
      |                               ^
/opt/homebrew/Cellar/ruby/4.0.3/include/ruby-4.0.0/ruby/internal/core/rdata.h:50:35: note: expanded from macro 'RUBY_MACRO_SELECT'
   50 | #define RUBY_MACRO_SELECT(x, y)   RBIMPL_MACRO_SELECT(x, y)
      |                                   ^
/opt/homebrew/Cellar/ruby/4.0.3/include/ruby-4.0.0/ruby/internal/core/rdata.h:49:35: note: expanded from macro 'RBIMPL_MACRO_SELECT'
   49 | #define RBIMPL_MACRO_SELECT(x, y) x ## y
      |                                   ^
<scratch space>:187:1: note: expanded from here
  187 | rb_data_object_get_1
      | ^
/opt/homebrew/Cellar/ruby/4.0.3/include/ruby-4.0.0/ruby/internal/core/rdata.h:368:31: note: expanded from macro 'rb_data_object_get_1'
  368 | #define rb_data_object_get_1  rb_data_object_get_warning
      |                               ^
/opt/homebrew/Cellar/ruby/4.0.3/include/ruby-4.0.0/ruby/internal/core/rdata.h:317:1: note: 'rb_data_object_get_warning' has been explicitly marked deprecated here
  317 | RBIMPL_ATTRSET_UNTYPED_DATA_FUNC()
      | ^
/opt/homebrew/Cellar/ruby/4.0.3/include/ruby-4.0.0/ruby/internal/core/rdata.h:47:5: note: expanded from macro 'RBIMPL_ATTRSET_UNTYPED_DATA_FUNC'
   47 |     RBIMPL_ATTR_DEPRECATED(("by TypedData"))
      |     ^
/opt/homebrew/Cellar/ruby/4.0.3/include/ruby-4.0.0/ruby/internal/attr/deprecated.h:36:53: note: expanded from macro 'RBIMPL_ATTR_DEPRECATED'
   36 | # define RBIMPL_ATTR_DEPRECATED(msg) __attribute__((__deprecated__ msg))
      |                                                     ^
xml_node_set.c:281:3: warning: 'rb_data_object_get_warning' is deprecated: by TypedData [-Wdeprecated-declarations]
  281 |   Data_Get_Struct(self, xmlNodeSet, node_set);
      |   ^
/opt/homebrew/Cellar/ruby/4.0.3/include/ruby-4.0.0/ruby/internal/core/rdata.h:278:34: note: expanded from macro 'Data_Get_Struct'
  278 |     ((sval) = RBIMPL_CAST((type*)rb_data_object_get(obj)))
      |                                  ^
/opt/homebrew/Cellar/ruby/4.0.3/include/ruby-4.0.0/ruby/internal/core/rdata.h:370:31: note: expanded from macro 'rb_data_object_get'
  370 | #define rb_data_object_get    RUBY_MACRO_SELECT(rb_data_object_get_2, RUBY_UNTYPED_DATA_WARNING)
      |                               ^
/opt/homebrew/Cellar/ruby/4.0.3/include/ruby-4.0.0/ruby/internal/core/rdata.h:50:35: note: expanded from macro 'RUBY_MACRO_SELECT'
   50 | #define RUBY_MACRO_SELECT(x, y)   RBIMPL_MACRO_SELECT(x, y)
      |                                   ^
/opt/homebrew/Cellar/ruby/4.0.3/include/ruby-4.0.0/ruby/internal/core/rdata.h:49:35: note: expanded from macro 'RBIMPL_MACRO_SELECT'
   49 | #define RBIMPL_MACRO_SELECT(x, y) x ## y
      |                                   ^
<scratch space>:188:1: note: expanded from here
  188 | rb_data_object_get_1
      | ^
/opt/homebrew/Cellar/ruby/4.0.3/include/ruby-4.0.0/ruby/internal/core/rdata.h:368:31: note: expanded from macro 'rb_data_object_get_1'
  368 | #define rb_data_object_get_1  rb_data_object_get_warning
      |                               ^
/opt/homebrew/Cellar/ruby/4.0.3/include/ruby-4.0.0/ruby/internal/core/rdata.h:317:1: note: 'rb_data_object_get_warning' has been explicitly marked deprecated here
  317 | RBIMPL_ATTRSET_UNTYPED_DATA_FUNC()
      | ^
/opt/homebrew/Cellar/ruby/4.0.3/include/ruby-4.0.0/ruby/internal/core/rdata.h:47:5: note: expanded from macro 'RBIMPL_ATTRSET_UNTYPED_DATA_FUNC'
   47 |     RBIMPL_ATTR_DEPRECATED(("by TypedData"))
      |     ^
/opt/homebrew/Cellar/ruby/4.0.3/include/ruby-4.0.0/ruby/internal/attr/deprecated.h:36:53: note: expanded from macro 'RBIMPL_ATTR_DEPRECATED'
   36 | # define RBIMPL_ATTR_DEPRECATED(msg) __attribute__((__deprecated__ msg))
      |                                                     ^
xml_node_set.c:282:3: warning: 'rb_data_object_get_warning' is deprecated: by TypedData [-Wdeprecated-declarations]
  282 |   Data_Get_Struct(rb_other, xmlNodeSet, other);
      |   ^
/opt/homebrew/Cellar/ruby/4.0.3/include/ruby-4.0.0/ruby/internal/core/rdata.h:278:34: note: expanded from macro 'Data_Get_Struct'
  278 |     ((sval) = RBIMPL_CAST((type*)rb_data_object_get(obj)))
      |                                  ^
/opt/homebrew/Cellar/ruby/4.0.3/include/ruby-4.0.0/ruby/internal/core/rdata.h:370:31: note: expanded from macro 'rb_data_object_get'
  370 | #define rb_data_object_get    RUBY_MACRO_SELECT(rb_data_object_get_2, RUBY_UNTYPED_DATA_WARNING)
      |                               ^
/opt/homebrew/Cellar/ruby/4.0.3/include/ruby-4.0.0/ruby/internal/core/rdata.h:50:35: note: expanded from macro 'RUBY_MACRO_SELECT'
   50 | #define RUBY_MACRO_SELECT(x, y)   RBIMPL_MACRO_SELECT(x, y)
      |                                   ^
/opt/homebrew/Cellar/ruby/4.0.3/include/ruby-4.0.0/ruby/internal/core/rdata.h:49:35: note: expanded from macro 'RBIMPL_MACRO_SELECT'
   49 | #define RBIMPL_MACRO_SELECT(x, y) x ## y
      |                                   ^
<scratch space>:189:1: note: expanded from here
  189 | rb_data_object_get_1
      | ^
/opt/homebrew/Cellar/ruby/4.0.3/include/ruby-4.0.0/ruby/internal/core/rdata.h:368:31: note: expanded from macro 'rb_data_object_get_1'
  368 | #define rb_data_object_get_1  rb_data_object_get_warning
      |                               ^
/opt/homebrew/Cellar/ruby/4.0.3/include/ruby-4.0.0/ruby/internal/core/rdata.h:317:1: note: 'rb_data_object_get_warning' has been explicitly marked deprecated here
  317 | RBIMPL_ATTRSET_UNTYPED_DATA_FUNC()
      | ^
/opt/homebrew/Cellar/ruby/4.0.3/include/ruby-4.0.0/ruby/internal/core/rdata.h:47:5: note: expanded from macro 'RBIMPL_ATTRSET_UNTYPED_DATA_FUNC'
   47 |     RBIMPL_ATTR_DEPRECATED(("by TypedData"))
      |     ^
/opt/homebrew/Cellar/ruby/4.0.3/include/ruby-4.0.0/ruby/internal/attr/deprecated.h:36:53: note: expanded from macro 'RBIMPL_ATTR_DEPRECATED'
   36 | # define RBIMPL_ATTR_DEPRECATED(msg) __attribute__((__deprecated__ msg))
      |                                                     ^
xml_node_set.c:298:3: warning: 'rb_data_object_get_warning' is deprecated: by TypedData [-Wdeprecated-declarations]
  298 |   Data_Get_Struct(self, xmlNodeSet, node_set);
      |   ^
/opt/homebrew/Cellar/ruby/4.0.3/include/ruby-4.0.0/ruby/internal/core/rdata.h:278:34: note: expanded from macro 'Data_Get_Struct'
  278 |     ((sval) = RBIMPL_CAST((type*)rb_data_object_get(obj)))
      |                                  ^
/opt/homebrew/Cellar/ruby/4.0.3/include/ruby-4.0.0/ruby/internal/core/rdata.h:370:31: note: expanded from macro 'rb_data_object_get'
  370 | #define rb_data_object_get    RUBY_MACRO_SELECT(rb_data_object_get_2, RUBY_UNTYPED_DATA_WARNING)
      |                               ^
/opt/homebrew/Cellar/ruby/4.0.3/include/ruby-4.0.0/ruby/internal/core/rdata.h:50:35: note: expanded from macro 'RUBY_MACRO_SELECT'
   50 | #define RUBY_MACRO_SELECT(x, y)   RBIMPL_MACRO_SELECT(x, y)
      |                                   ^
/opt/homebrew/Cellar/ruby/4.0.3/include/ruby-4.0.0/ruby/internal/core/rdata.h:49:35: note: expanded from macro 'RBIMPL_MACRO_SELECT'
   49 | #define RBIMPL_MACRO_SELECT(x, y) x ## y
      |                                   ^
<scratch space>:190:1: note: expanded from here
  190 | rb_data_object_get_1
      | ^
/opt/homebrew/Cellar/ruby/4.0.3/include/ruby-4.0.0/ruby/internal/core/rdata.h:368:31: note: expanded from macro 'rb_data_object_get_1'
  368 | #define rb_data_object_get_1  rb_data_object_get_warning
      |                               ^
/opt/homebrew/Cellar/ruby/4.0.3/include/ruby-4.0.0/ruby/internal/core/rdata.h:317:1: note: 'rb_data_object_get_warning' has been explicitly marked deprecated here
  317 | RBIMPL_ATTRSET_UNTYPED_DATA_FUNC()
      | ^
/opt/homebrew/Cellar/ruby/4.0.3/include/ruby-4.0.0/ruby/internal/core/rdata.h:47:5: note: expanded from macro 'RBIMPL_ATTRSET_UNTYPED_DATA_FUNC'
   47 |     RBIMPL_ATTR_DEPRECATED(("by TypedData"))
      |     ^
/opt/homebrew/Cellar/ruby/4.0.3/include/ruby-4.0.0/ruby/internal/attr/deprecated.h:36:53: note: expanded from macro 'RBIMPL_ATTR_DEPRECATED'
   36 | # define RBIMPL_ATTR_DEPRECATED(msg) __attribute__((__deprecated__ msg))
      |                                                     ^
xml_node_set.c:316:3: warning: 'rb_data_object_get_warning' is deprecated: by TypedData [-Wdeprecated-declarations]
  316 |   Data_Get_Struct(self, xmlNodeSet, node_set);
      |   ^
/opt/homebrew/Cellar/ruby/4.0.3/include/ruby-4.0.0/ruby/internal/core/rdata.h:278:34: note: expanded from macro 'Data_Get_Struct'
  278 |     ((sval) = RBIMPL_CAST((type*)rb_data_object_get(obj)))
      |                                  ^
/opt/homebrew/Cellar/ruby/4.0.3/include/ruby-4.0.0/ruby/internal/core/rdata.h:370:31: note: expanded from macro 'rb_data_object_get'
  370 | #define rb_data_object_get    RUBY_MACRO_SELECT(rb_data_object_get_2, RUBY_UNTYPED_DATA_WARNING)
      |                               ^
/opt/homebrew/Cellar/ruby/4.0.3/include/ruby-4.0.0/ruby/internal/core/rdata.h:50:35: note: expanded from macro 'RUBY_MACRO_SELECT'
   50 | #define RUBY_MACRO_SELECT(x, y)   RBIMPL_MACRO_SELECT(x, y)
      |                                   ^
/opt/homebrew/Cellar/ruby/4.0.3/include/ruby-4.0.0/ruby/internal/core/rdata.h:49:35: note: expanded from macro 'RBIMPL_MACRO_SELECT'
   49 | #define RBIMPL_MACRO_SELECT(x, y) x ## y
      |                                   ^
<scratch space>:191:1: note: expanded from here
  191 | rb_data_object_get_1
      | ^
/opt/homebrew/Cellar/ruby/4.0.3/include/ruby-4.0.0/ruby/internal/core/rdata.h:368:31: note: expanded from macro 'rb_data_object_get_1'
  368 | #define rb_data_object_get_1  rb_data_object_get_warning
      |                               ^
/opt/homebrew/Cellar/ruby/4.0.3/include/ruby-4.0.0/ruby/internal/core/rdata.h:317:1: note: 'rb_data_object_get_warning' has been explicitly marked deprecated here
  317 | RBIMPL_ATTRSET_UNTYPED_DATA_FUNC()
      | ^
/opt/homebrew/Cellar/ruby/4.0.3/include/ruby-4.0.0/ruby/internal/core/rdata.h:47:5: note: expanded from macro 'RBIMPL_ATTRSET_UNTYPED_DATA_FUNC'
   47 |     RBIMPL_ATTR_DEPRECATED(("by TypedData"))
      |     ^
/opt/homebrew/Cellar/ruby/4.0.3/include/ruby-4.0.0/ruby/internal/attr/deprecated.h:36:53: note: expanded from macro 'RBIMPL_ATTR_DEPRECATED'
   36 | # define RBIMPL_ATTR_DEPRECATED(msg) __attribute__((__deprecated__ msg))
      |                                                     ^
xml_node_set.c:354:3: warning: 'rb_data_object_get_warning' is deprecated: by TypedData [-Wdeprecated-declarations]
  354 |   Data_Get_Struct(self, xmlNodeSet, node_set);
      |   ^
/opt/homebrew/Cellar/ruby/4.0.3/include/ruby-4.0.0/ruby/internal/core/rdata.h:278:34: note: expanded from macro 'Data_Get_Struct'
  278 |     ((sval) = RBIMPL_CAST((type*)rb_data_object_get(obj)))
      |                                  ^
/opt/homebrew/Cellar/ruby/4.0.3/include/ruby-4.0.0/ruby/internal/core/rdata.h:370:31: note: expanded from macro 'rb_data_object_get'
  370 | #define rb_data_object_get    RUBY_MACRO_SELECT(rb_data_object_get_2, RUBY_UNTYPED_DATA_WARNING)
      |                               ^
/opt/homebrew/Cellar/ruby/4.0.3/include/ruby-4.0.0/ruby/internal/core/rdata.h:50:35: note: expanded from macro 'RUBY_MACRO_SELECT'
   50 | #define RUBY_MACRO_SELECT(x, y)   RBIMPL_MACRO_SELECT(x, y)
      |                                   ^
/opt/homebrew/Cellar/ruby/4.0.3/include/ruby-4.0.0/ruby/internal/core/rdata.h:49:35: note: expanded from macro 'RBIMPL_MACRO_SELECT'
   49 | #define RBIMPL_MACRO_SELECT(x, y) x ## y
      |                                   ^
<scratch space>:192:1: note: expanded from here
  192 | rb_data_object_get_1
      | ^
/opt/homebrew/Cellar/ruby/4.0.3/include/ruby-4.0.0/ruby/internal/core/rdata.h:368:31: note: expanded from macro 'rb_data_object_get_1'
  368 | #define rb_data_object_get_1  rb_data_object_get_warning
      |                               ^
/opt/homebrew/Cellar/ruby/4.0.3/include/ruby-4.0.0/ruby/internal/core/rdata.h:317:1: note: 'rb_data_object_get_warning' has been explicitly marked deprecated here
  317 | RBIMPL_ATTRSET_UNTYPED_DATA_FUNC()
      | ^
/opt/homebrew/Cellar/ruby/4.0.3/include/ruby-4.0.0/ruby/internal/core/rdata.h:47:5: note: expanded from macro 'RBIMPL_ATTRSET_UNTYPED_DATA_FUNC'
   47 |     RBIMPL_ATTR_DEPRECATED(("by TypedData"))
      |     ^
/opt/homebrew/Cellar/ruby/4.0.3/include/ruby-4.0.0/ruby/internal/attr/deprecated.h:36:53: note: expanded from macro 'RBIMPL_ATTR_DEPRECATED'
   36 | # define RBIMPL_ATTR_DEPRECATED(msg) __attribute__((__deprecated__ msg))
      |                                                     ^
xml_node_set.c:401:3: warning: 'rb_data_object_get_warning' is deprecated: by TypedData [-Wdeprecated-declarations]
  401 |   Data_Get_Struct(self, xmlNodeSet, node_set);
      |   ^
/opt/homebrew/Cellar/ruby/4.0.3/include/ruby-4.0.0/ruby/internal/core/rdata.h:278:34: note: expanded from macro 'Data_Get_Struct'
  278 |     ((sval) = RBIMPxml_reader.c:73:3: warning: 'rb_data_object_get_warning' is deprecated: by TypedData [-Wdeprecated-declarations]
   73 |   Data_Get_Struct(self, xmlTextReader, reader);
      |   ^
/opt/homebrew/Cellar/ruby/4.0.3/include/ruby-4.0.0/ruby/internal/core/rdata.h:278:34: note: expanded from macro 'Data_Get_Struct'
  278 |     ((sval) = RBIMPL_CAST((type*)rb_data_object_get(obj)))
      |                                  ^
/opt/homebrew/Cellar/ruby/4.0.3/include/ruby-4.0.0/ruby/internal/core/rdata.h:370:31: note: expanded from macro 'rb_data_object_get'
  370 | #define rb_data_object_get    RUBY_MACRO_SELECT(rb_data_object_get_2, RUBY_UNTYPED_DATA_WARNING)
      |                               ^
/opt/homebrew/Cellar/ruby/4.0.3/include/ruby-4.0.0/ruby/internal/core/rdata.h:50:35: note: expanded from macro 'RUBY_MACRO_SELECT'
   50 | #define RUBY_MACRO_SELECT(x, y)   RBIMPL_MACRO_SELECT(x, y)
      |                                   ^
/opt/homebrew/Cellar/ruby/4.0.3/include/ruby-4.0.0/ruby/internal/core/rdata.h:49:35: note: expanded from macro 'RBIMPL_MACRO_SELECT'
   49 | #define RBIMPL_MACRO_SELECT(x, y) x ## y
      |                                   ^
<scratch space>:176:1: note: expanded from here
  176 | rb_data_object_get_1
      | ^
/opt/homebrew/Cellar/ruby/4.0.3/include/ruby-4.0.0/ruby/internal/core/rdata.h:368:31: note: expanded from macro 'rb_data_object_get_1'
  368 | #define rb_data_object_get_1  rb_data_object_get_warning
      |                               ^
/opt/homebrew/Cellar/ruby/4.0.3/include/ruby-4.0.0/ruby/internal/core/rdata.h:317:1: note: 'rb_data_object_get_warning' has been explicitly marked deprecated here
  317 | RBIMPL_ATTRSET_UNTYPED_DATA_FUNC()
      | ^
/opt/homebrew/Cellar/ruby/4.0.3/include/ruby-4.0.0/ruby/internal/core/rdata.h:47:5: note: expanded from macro 'RBIMPL_ATTRSET_UNTYPED_DATA_FUNC'
   47 |     RBIMPL_ATTR_DEPRECATED(("by TypedData"))
      |     ^
/opt/homebrew/Cellar/ruby/4.0.3/include/ruby-4.0.0/ruby/internal/attr/deprecated.h:36:53: note: expanded from macro 'RBIMPL_ATTR_DEPRECATED'
   36 | # define RBIMPL_ATTR_DEPRECATED(msg) __attribute__((__deprecated__ msg))
      |                                                     ^
xml_reader.c:93:3: warning: 'rb_data_object_get_warning' is deprecated: by TypedData [-Wdeprecated-declarations]
   93 |   Data_Get_Struct(self, xmlTextReader, reader);
      |   ^
/opt/homebrew/Cellar/ruby/4.0.3/include/ruby-4.0.0/ruby/internal/core/rdata.h:278:34: note: expanded from macro 'Data_Get_Struct'
  278 |     ((sval) = RBIMPL_CAST((type*)rb_data_object_get(obj)))
      |                                  ^
/opt/homebrew/Cellar/ruby/4.0.3/include/ruby-4.0.0/ruby/internal/core/rdata.h:370:31: note: expanded from macro 'rb_data_object_get'
  370 | #define rb_data_object_get    RUBY_MACRO_SELECT(rb_data_object_get_2, RUBY_UNTYPED_DATA_WARNING)
      |                               ^
/opt/homebrew/Cellar/ruby/4.0.3/include/ruby-4.0.0/ruby/internal/core/rdata.h:50:35: note: expanded from macro 'RUBY_MACRO_SELECT'
   50 | #define RUBY_MACRO_SELECT(x, y)   RBIMPL_MACRO_SELECT(x, y)
      |                                   ^
/opt/homebrew/Cellar/ruby/4.0.3/include/ruby-4.0.0/ruby/internal/core/rdata.h:49:35: note: expanded from macro 'RBIMPL_MACRO_SELECT'
   49 | #define RBIMPL_MACRO_SELECT(x, y) x ## y
      |                                   ^
<scratch space>:177:1: note: expanded from here
  177 | rb_data_object_get_1
      | ^
/opt/homebrew/Cellar/ruby/4.0.3/include/ruby-4.0.0/ruby/internal/core/rdata.h:368:31: note: expanded from macro 'rb_data_object_get_1'
  368 | #define rb_data_object_get_1  rb_data_object_get_warning
      |                               ^
/opt/homebrew/Cellar/ruby/4.0.3/include/ruby-4.0.0/ruby/internal/core/rdata.h:317:1: note: 'rb_data_object_get_warning' has been explicitly marked deprecated here
  317 | RBIMPL_ATTRSET_UNTYPED_DATA_FUNC()
      | ^
/opt/homebrew/Cellar/ruby/4.0.3/include/ruby-4.0.0/ruby/internal/core/rdata.h:47:5: note: expanded from macro 'RBIMPL_ATTRSET_UNTYPED_DATA_FUNC'
   47 |     RBIMPL_ATTR_DEPRECATED(("by TypedData"))
      |     ^
/opt/homebrew/Cellar/ruby/4.0.3/include/ruby-4.0.0/ruby/internal/attr/deprecated.h:36:53: note: expanded from macro 'RBIMPL_ATTR_DEPRECATED'
   36 | # define RBIMPL_ATTR_DEPRECATED(msg) __attribute__((__deprecated__ msg))
      |                                                     ^
L_CAST((type*)rb_data_object_get(obj)))
      |                                  ^
xml_reader.c:113:3: warning: 'rb_data_object_get_warning' is deprecated: by TypedData [-Wdeprecated-declarations]
  113 |   Data_/opt/homebrew/Cellar/ruby/4.0.3/include/ruby-4.0.0/ruby/internal/core/rdata.h:370:31: note: expanded from macro 'rb_data_object_get'
  370 | #define rb_data_object_get    RUBY_MACRO_SELECT(rb_data_object_get_2, RUBY_UNTYPED_DATA_WARNING)
      |                               ^
/opt/homebrew/Cellar/ruby/4.0.3/include/ruby-4.0.0/ruby/internal/core/rdata.h:50:35: note: expanded from macro 'RUBY_MACRO_SELECT'
   50 | #define RUBY_MACRO_SELECT(x, y)   RBIMPL_MACRO_SELECT(x, y)
      |                                   ^
/opt/homebrew/Cellar/ruby/4.0.3/include/ruby-4.0.0/ruby/internal/core/rdata.h:49:35: note: expanded from macro 'RBIMPL_MACRO_SELECT'
   49 | #define RBIMPL_MACRO_SELECT(x, y) x ## y
      |                                   ^
<scratch space>:193:1: note: expanded from here
  193 | rb_data_object_get_1
      | ^
/opt/homebrew/Cellar/ruby/4.0.3/include/ruby-4.0.0/ruby/internal/core/rdata.h:368:31: note: expanded from macro 'rb_data_object_get_1'
  368 | #define rb_data_object_get_1  rb_data_object_get_warning
      |                               ^
/opt/homebrew/Cellar/ruby/4.0.3/include/ruby-4.0.0/ruby/internal/core/rdata.h:317:1: note: 'rb_data_object_get_warning' has been explicitly marked deprecated here
  317 | RBIMPL_ATTRSET_UNTYPED_DATA_FUNC()
      | ^
/opt/homebrew/Cellar/ruby/4.0.3/include/ruby-4.0.0/ruby/internal/core/rdata.h:47:5: note: expanded from macro 'RBIMPL_ATTRSET_UNTYPED_DATA_FUNC'
   47 |     RBIMPL_ATTR_DEPRECATED(("by TypedData"))
      |     ^
/opt/homebrew/Cellar/ruby/4.0.3/include/ruby-4.0.0/ruby/internal/attr/deprecated.h:36:53: note: expanded from macro 'RBIMPL_ATTR_DEPRECATED'
   36 | # define RBIMPL_ATTR_DEPRECATED(msg) __attribute__((__deprecated__ msg))
      |                                                     ^
xml_node_set.c:424:3: warning: 'rb_data_object_get_warning' is deprecated: by TypedData [-Wdeprecated-declarations]
  424 |   Data_Get_Struct(self, xmlNodeSet, Get_Snode_set);
      |   ^
/opt/homebrew/Cellar/ruby/4.0.3/include/ruby-4.0.0/ruby/internal/core/rdata.h:278:34: note: expanded from macro 'Data_Get_Struct'
  278 |     ((sval) = RBIMPL_CAST((type*)rb_data_object_get(obj)))
      |                                  ^
/opt/homebrew/Cellar/ruby/4.0.3/include/ruby-4.0.0/ruby/internal/core/rdata.h:370:31: note: expanded from macro 'rb_data_object_get'
  370 | #define rb_data_object_get    RUBY_MAtruct(self, xmlTextReCRO_SELECT(rb_data_object_get_2, RUBY_UNTYPED_DATA_WARNING)
      |                               ^
/opt/homebrew/Cellar/ruby/4.0.3/include/ruby-4.0.0/ruby/internal/core/rdata.h:50:35: note: expanded from macro 'RUBY_MACRO_SELECT'
   50 | #define RUBY_MACRO_SELECT(x, y)   RBIMPL_MACRO_SELECT(x, y)
      |                                   ^
/opt/homebrew/Cellar/ruby/4.0.3/include/ruby-4.0.0/ruby/internal/core/rdata.h:49:35: note: expanded from macro 'RBIMPL_MACRO_SELECT'
   49 | #define RBIMPL_MACRO_SELECT(x, y) x ## y
      |                                   ^
<scratch space>:194:1: note: expanded from here
  194 | rb_data_object_get_1
      | ^
/opt/homebrew/Cellar/ruby/4.0.3/include/ruby-4.0.0/ruby/internal/core/rdata.h:368:31: note: expanded from macro 'rb_data_object_get_1'
  368 | #define rb_data_object_get_1  rb_data_object_get_warning
      |                               ^
/opt/homebrew/Cellar/ruby/4.0.3/include/ruby-4.0.0/ruby/internal/core/rdata.h:317:1: note: 'rb_data_object_get_warning' has been explicitly marked deprecated here
  317 | RBIMPL_ATTRSET_UNTYPED_DATA_FUNC()
      | ^
/opt/homebrew/Cellar/ruby/4.0.3/include/ruby-4.0.0/ruby/internal/core/rdata.h:47:5: note: expanded from macro 'RBIMPL_ATTRSET_UNTYPED_DATA_FUNC'
   47 |     RBIMPL_ATTR_DEPRECATED(("by TypedData"))
      |     ^
/opt/homebrew/Cellar/ruby/4.0.3/include/ruby-4.0.0/ruby/internal/attr/deprecated.h:36:53: note: expanded from macro 'RBIMPL_ATTR_DEPRECATED'
   36 | # define RBIMPL_ATTR_DEPRECATED(msg) __attribute__((__deprecated__ msg))
      |                                                     ^
xml_node_set.c:433:7: warning: 'rb_data_object_get_warning' is deprecated: by TypedData [-Wdeprecated-declarations]
  433 |       Data_Get_Struct(node, xmlNode, node_ptr);
      |       ^
/opt/homebrew/Cellar/ruby/4.0.3/include/ruby-4.0.0/ruby/internal/core/rdata.h:278:34: note: expanded from macro 'Data_Get_Struct'
  278 |     ((sval) = RBIMPL_CAST((type*)rb_data_object_get(obj)))
      |                                  ^
/opt/homebrew/Cellar/ruby/4.0.3/include/ruby-4.0.0/ruby/internal/core/rdata.h:370:31: note: expanded from macro 'rb_data_object_get'
  370 | #define rb_data_object_get    RUBY_MACRO_SELECT(rb_data_object_get_2, RUBY_UNTYPED_DATA_WARNING)
      |                               ^
/opt/homebrew/Cellar/ruby/4.0.3/include/ruby-4.0.0/ruby/internal/core/rdata.h:50:35: note: expanded from macro 'RUBY_MACRO_SELECT'
   50 | #define RUBY_MACRO_SELECT(x, y)   RBIMPL_MACRO_SELECT(x, y)
      |                                   ^
/opt/homebrew/Cellar/ruby/4.0.3/include/ruby-4.0.0/ruby/internal/core/rdata.h:49:35: note: expanded from macro 'RBIMPL_MACRO_SELECT'
   49 | #define RBIMPL_MACRO_SELECT(x, y) x ## y
      |                                   ^
<scratch space>:195:1: note: expanded from here
  195 | rb_data_object_get_1
      | ^
/opt/homebrew/Cellar/ruby/4.0.3/include/ruby-4.0.0/ruby/internal/core/rdata.h:368:31: note: expanded from macro 'rb_data_object_get_1'
  368 | #define rb_data_object_get_1  rb_data_object_get_warning
      |                               ^
/opt/homebrew/Cellar/ruby/4.0.3/include/ruby-4.0.0/ruby/internal/core/rdata.h:317:1: note: 'rb_data_object_get_warning' has been explicitly marked deprecated here
  317 | RBIMPL_ATTRSET_UNTYPED_DATA_FUNC()
      | ^
/opt/homebrew/Cellar/ruby/4.0.3/include/ruby-4.0.0/ruby/internal/core/rdata.h:47:5: note: expanded from macro 'RBIMPL_ATTRSET_UNTYPED_DATA_FUNC'
   47 |     RBIMPL_ATTR_DEPRECATED(("by TypedData"))
      |     ^
/opt/homebrew/Cellar/ruby/4.0.3/include/ruby-4.0.0/ruby/internal/attr/deprecated.h:36:53: note: expanded from macro 'RBIMPL_ATTR_DEPRECATED'
   36 | # define RBIMPL_ATTR_DEPRECATED(msg) __attribute__((__deprecated__ msg))
      |                                                     ^
xml_node_set.c:451:17: warning: 'rb_data_object_wrap_warning' is deprecated: by TypedData [-Wdeprecated-declarations]
  451 |   rb_node_set = Data_Wrap_Struct(cNokogiriXmlNodeSet, mark, deallocate, c_node_set);
      |                 ^
/opt/homebrew/Cellar/ruby/4.0.3/include/ruby-4.0.0/ruby/internal/core/rdata.h:202:5: note: expanded from macro 'Data_Wrap_Struct'
  202 |     rb_data_object_wrap(                          \
      |     ^
/opt/homebrew/Cellar/ruby/4.0.3/include/ruby-4.0.0/ruby/internal/core/rdata.h:366:31: note: expanded from macro 'rb_data_object_wrap'
  366 | #define rb_data_object_wrap   RUBY_MACRO_SELECT(rb_data_object_wrap_2, RUBY_UNTYPED_DATA_WARNING)
      |                               ^
/opt/homebrew/Cellar/ruby/4.0.3/include/ruby-4.0.0/ruby/internal/core/rdata.h:50:35: note: expanded from macro 'RUBY_MACRO_SELECT'
   50 | #define RUBY_MACRO_SELECT(x, y)   RBIMPL_MACRO_SELECT(x, y)
      |                                   ^
/opt/homebrew/Cellar/ruby/4.0.3/include/ruby-4.0.0/ruby/internal/core/rdata.h:49:35: note: expanded from macro 'RBIMPL_MACRO_SELECT'
   49a | #dedrefine RBI, reader);
      |   ^
/opt/homebrew/Cellar/ruby/4.0.3/include/ruby-4.0.0/ruby/internal/core/rdata.h:278:34: note: expanded from macro 'Data_Get_Struct'
  278 |     ((sval) = RBIMPL_CAST((type*)rb_data_object_get(obj)))
      |                                  ^
/opt/homebrew/Cellar/ruby/4.0.3/include/ruby-4.0.0/ruby/internal/core/rdata.h:370:31: note: expanded from macro 'rb_data_object_get'
  370 | #define rb_data_object_get    RUBY_MACRO_SELECT(rb_data_object_get_2, RUBY_UNTYPED_DATA_WARNING)
      |                               ^
/opt/homebrew/Cellar/ruby/4.0.3/include/ruby-4.0.0/ruby/internal/core/rdata.h:50:35: note: expanded from macro 'RUBY_MACRO_SELECT'
   50 | #define RUBY_MACRO_SELECT(x, y)   RBIMPL_MACRO_SELECT(x, y)
      |                                   ^
/opt/homebrew/Cellar/ruby/4.0.3/include/ruby-4.0.0/ruby/internal/core/rdata.h:49:35: note: expanded from macro 'RBIMPL_MACRO_SELECT'
   49 | #define RBIMPL_MACRO_SELECT(x, y) x ## y
      |                                   ^
<scratch space>:178:1: note: expanded from here
  178 | rb_data_object_get_1
      | ^
/opt/homebrew/Cellar/ruby/4.0.3/include/ruby-4.0.0/ruby/internal/core/rdata.h:368:31: note: expanded from macro 'rb_data_object_get_1'
  368 | #define rb_data_object_get_1  rb_data_object_get_warning
      |                               ^
/opt/homebrew/Cellar/ruby/4.0.3/include/ruby-4.0.0/ruby/internal/core/rdata.h:317:1: note: 'rb_data_object_get_warning' has been explicitly marked deprecated here
  317 | RBIMPL_ATTRSET_UNTYPED_DATA_FUNC()
      | ^
/opt/homebrew/Cellar/ruby/4.0.3/include/ruby-4.0.0/ruby/internal/core/rdata.h:47:5: note: expanded from macro 'RBIMPL_ATTRSET_UNTYPED_DATA_FUNC'
   47 |     RBIMPL_ATTR_DEPRECATED(("by TypedData"))
      |     ^
/opt/homebrew/Cellar/ruby/4.0.3/include/ruby-4.0.0/ruby/internal/attr/deprecated.h:36:53: note: expanded from macro 'RBIMPL_ATTR_DEPRECATED'
   36 | # define RBIMPL_ATTR_DEPRECATED(msg) __attribute__((__deprecated__ msg))
      |                                                     ^
xml_reader.c:134:3: warning: 'rb_data_object_get_warning' is deprecated: by TypedData [-Wdeprecated-declarations]
  134 |   Data_Get_Struct(self, xmlTextReader, reader);
      |   ^
/opt/homebrew/Cellar/ruby/4.0.3/include/ruby-4.0.0/ruby/internal/core/rdata.h:278:34: note: expanded from macro 'Data_Get_Struct'
  278 |     ((sval) = RBIMPL_CAST((type*)rb_data_object_get(obj)))
      |                                  ^
/opt/homebrew/Cellar/ruby/4.0.3/include/ruby-4.0.0/ruby/internal/core/rdata.h:370:31: note: expanded from macro 'rb_data_object_get'
  370 | #define rb_data_object_get    RUBY_MACRO_SELECT(rb_data_object_get_2, RUBY_UNTYPED_DATA_WARNING)
      |                               ^
/opt/homebrew/Cellar/ruby/4.0.3/include/ruby-4.0.0/ruby/internal/core/rdata.h:50:35: note: expanded from macro 'RUBY_MACRO_SELECT'
   50 | #define RUBY_MACRO_SELECT(x, y)   RBIMPL_MACRO_SELECT(x, y)
      |                                   ^
/opt/homebrew/Cellar/ruby/4.0.3/include/ruby-4.0.0/ruby/internal/core/rdata.h:49:35: note: expanded from macro 'RBIMPL_MACRO_SELECT'
   49 | #define RBIMPL_MACRO_SELECT(x, y) x ## y
      |                                   ^
<scratch space>:179:1: note: expanded from here
  179 | rb_data_object_get_1
      | ^
/opt/homebrew/Cellar/ruby/4.0.3/include/ruby-4.0.0/ruby/internal/core/rdata.h:368:31: note: expanded from macro 'rb_data_object_get_1'
  368 | #define rb_data_object_get_1  rb_data_object_get_warning
      |                               ^
/opt/homebrew/Cellar/ruby/4.0.3/include/ruby-4.0.0/ruby/internal/core/rdata.h:317:1: note: 'rb_data_object_get_warning' has been explicitly marked deprecated here
  317 | RBIMPL_ATTRSET_UNTYPED_DATA_FUNC()
      | ^
/opt/homebrew/Cellar/ruby/4.0.3/include/ruby-4.0.0/ruby/internal/core/rdata.h:47:5: note: expanded from macro 'RBIMPL_ATTRSET_UNTYPED_DATA_FUNC'
   47 |     RBIMPL_ATTR_DEPRECATED(("by TypedData"))
      |     ^
/opt/homebrew/Cellar/ruby/4.0.3/include/ruby-4.0.0/ruby/internal/attr/deprecated.h:36:53: note: expanded from macro 'RBIMPL_ATTR_DEPRECATED'
   36 | # define RBIMPL_ATTR_DEPRECATED(msg) __attribute__((__deprecated__ msg))
      |                                                     ^
xml_reader.c:163:3: warning: 'rb_data_object_get_warning' is deprecated: by TypedData [-Wdeprecated-declarations]
  163 |   Data_Get_Struct(rb_reader, xmlTextReader, c_reader);
      |   ^
/opt/homebrew/Cellar/ruby/4.0.3/include/ruby-4.0.0/ruby/internal/core/rdata.h:278:34: note: expanded from macro 'Data_Get_Struct'
  278 |     ((sval) = RBIMPL_CAST((type*)rb_data_object_get(obj)))
      |                                  ^
/opt/homebrew/Cellar/ruby/4.0.3/include/ruby-4.0.0/ruby/internal/core/rdata.h:370:31: note: expanded from macro 'rb_data_object_get'
  370 | #define rb_data_object_get    RUBY_MACRO_SELECT(rb_data_object_get_2, RUBY_UNTYPED_DATA_WARNING)
      |                               ^
/opt/homebrew/Cellar/ruby/4.0.3/include/ruby-4.0.0/ruby/internal/core/rdata.h:50:35: note: expanded from macro 'RUBY_MACRO_SELECT'
   50 | #define RUBY_MACRO_SELECT(x, y)   RBIMPL_MACRO_SELECT(x, y)
      |                                   ^
/opt/homebrew/Cellar/ruby/4.0.3/include/ruby-4.0.0/ruby/internal/core/rdata.h:49:35: note: expanded from macro 'RBIMPL_MACRO_SELECT'
   49 | #define RBIMPL_MACRO_SELECT(x, y) x ## y
      |                                   ^
<scratch space>:180:1: MPL_MACRO_SELECT(x, y) x ## y
      |                                   ^
<scratch space>:196:1: note: expanded from here
  196 | rb_data_object_wrap_1
      | ^
/opt/homebrew/Cellar/ruby/4.0.3/include/ruby-4.0.0/ruby/internal/core/rdata.h:364:31: note: expanded from macro 'rb_data_object_wrap_1'
  364 | #define rb_data_object_wrap_1 rb_data_object_wrap_warning
      |                               ^
/opt/homebrew/Cellar/ruby/4.0.3/include/ruby-4.0.0/ruby/internal/core/rdata.h:280:1: note: 'rb_data_object_wrap_warning' has been explicitly marked deprecated here
  280 | RBIMPL_ATTRSET_UNTYPED_DATA_FUNC()
      | ^
/opt/homebrew/Cellar/ruby/4.0.3/include/ruby-4.0.0/ruby/internal/core/rdata.h:47:5: note: expanded from macro 'RBIMPL_ATTRSET_UNTYPED_DATA_FUNC'
   47 |     RBIMPL_ATTR_DEPRECATED(("by TypedData"))
      |     ^
/opt/homebrew/Cellar/ruby/4.0.3/include/ruby-4.0.0/ruby/internal/attr/deprecated.h:36:53: note: expanded from macro 'RBIMPL_ATTR_DEPRECATED'
   36 | # define RBIMPL_ATTR_DEPRECATED(msg) __attribute__((__deprecated__ msg))
      |                                                     ^
note: expanded from here
  180 | rb_data_object_get_1
      | ^
/opt/homebrew/Cellar/ruby/4.0.3/include/ruby-4.0.0/ruby/internal/core/rdata.h:368:31: note: expanded from macro 'rb_data_object_get_1'
  368 | #define rb_data_object_get_1  rb_data_object_get_warning
      |                               ^
/opt/homebrew/Cellar/ruby/4.0.3/include/ruby-4.0.0/ruby/internal/core/rdata.h:317:1: note: 'rb_data_object_get_warning' has been explicitly marked deprecated here
  317 | RBIMPL_ATTRSET_UNTYPED_DATA_FUNC()
      | ^
/opt/homebrew/Cellar/ruby/4.0.3/include/ruby-4.0.0/ruby/internal/core/rdata.h:47:5: note: expanded from macro 'RBIMPL_ATTRSET_UNTYPED_DATA_FUNC'
   47 |     RBIMPL_ATTR_DEPRECATED(("by TypedData"))
      |     ^
/opt/homebrew/Cellar/ruby/4.0.3/include/ruby-4.0.0/ruby/internal/attr/deprecated.h:36:53: note: expanded from macro 'RBIMPL_ATTR_DEPRECATED'
   36 | # define RBIMPL_ATTR_DEPRECATED(msg) __attribute__((__deprecated__ msg))
      |                                                     ^
xml_reader.c:197:3: warning: 'rb_data_object_get_warning' is deprecated: by TypedData [-Wdeprecated-declarations]
  197 |   Data_Get_Struct(self, xmlTextReader, reader);
      |   ^
/opt/homebrew/Cellar/ruby/4.0.3/include/ruby-4.0.0/ruby/internal/core/rdata.h:278:34: note: expanded from macro 'Data_Get_Struct'
  278 |     ((sval) = RBIMPL_CAST((type*)rb_data_object_get(obj)))
      |                                  ^
/opt/homebrew/Cellar/ruby/4.0.3/include/ruby-4.0.0/ruby/internal/core/rdata.h:370:31: note: expanded from macro 'rb_data_object_get'
  370 | #define rb_data_object_get    RUBY_MACRO_SELECT(rb_data_object_get_2, RUBY_UNTYPED_DATA_WARNING)
      |                               ^
/opt/homebrew/Cellar/ruby/4.0.3/include/ruby-4.0.0/ruby/internal/core/rdata.h:50:35: note: expanded from macro 'RUBY_MACRO_SELECT'
   50 | #define RUBY_MACRO_SELECT(x, y)   RBIMPL_MACRO_SELECT(x, y)
      |                                   ^
/opt/homebrew/Cellar/ruby/4.0.3/include/ruby-4.0.0/ruby/internal/core/rdata.h:49:35: note: expanded from macro 'RBIMPL_MACRO_SELECT'
   49 | #define RBIMPL_MACRO_SELECT(x, y) x ## y
      |                                   ^
<scratch space>:181:1: note: expanded from here
  181 | rb_data_object_get_1
      | ^
/opt/homebrew/Cellar/ruby/4.0.3/include/ruby-4.0.0/ruby/internal/core/rdata.h:368:31: note: expanded from macro 'rb_data_object_get_1'
  368 | #define rb_data_object_get_1  rb_data_object_get_warning
      |                               ^
/opt/homebrew/Cellar/ruby/4.0.3/include/ruby-4.0.0/ruby/internal/core/rdata.h:317:1: note: 'rb_data_object_get_warning' has been explicitly marked deprecated here
  317 | RBIMPL_ATTRSET_UNTYPED_DATA_FUNC()
      | ^
/opt/homebrew/Cellar/ruby/4.0.3/include/ruby-4.0.0/ruby/internal/core/rdata.h:47:5: note: expanded from macro 'RBIMPL_ATTRSET_UNTYPED_DATA_FUNC'
   47 |     RBIMPL_ATTR_DEPRECATED(("by TypedData"))
      |     ^
/opt/homebrew/Cellar/ruby/4.0.3/include/ruby-4.0.0/ruby/internal/attr/deprecated.h:36:53: note: expanded from macro 'RBIMPL_ATTR_DEPRECATED'
   36 | # define RBIMPL_ATTR_DEPRECATED(msg) __attribute__((__deprecated__ msg))
      |                                                     ^
xml_reader.c:226:3: warning: 'rb_data_object_get_warning' is deprecated: by TypedData [-Wdeprecated-declarations]
  226 |   Data_Get_Struct(self, xmlTextReader, reader);
      |   ^
/opt/homebrew/Cellar/ruby/4.0.3/include/ruby-4.0.0/ruby/internal/core/rdata.h:278:34: note: expanded from macro 'Data_Get_Struct'
  278 |     ((sval) = RBIMPL_CAST((type*)rb_data_object_get(obj)))
      |                                  ^
/opt/homebrew/Cellar/ruby/4.0.3/include/ruby-4.0.0/ruby/internal/core/rdata.h:370:31: note: expanded from macro 'rb_data_object_get'
  370 | #define rb_data_object_get    RUBY_MACRO_SELECT(rb_data_object_get_2, RUBY_UNTYPED_DATA_WARNING)
      |                               ^
/opt/homebrew/Cellar/ruby/4.0.3/include/ruby-4.0.0/ruby/internal/core/rdata.h:50:35: note: expanded from macro 'RUBY_MACRO_SELECT'
   50 | #define RUBY_MACRO_SELECT(x, y)   RBIMPL_MACRO_SELECT(x, y)
      |                                   ^
/opt/homebrew/Cellar/ruby/4.0.3/include/ruby-4.0.0/ruby/internal/core/rdata.h:49:35: note: expanded from macro 'RBIMPL_MACRO_SELECT'
   49 | #define RBIMPL_MACRO_SELECT(x, y) x ## y
      |                                   ^
<scratch space>:182:1: note: expanded from here
  182 | rb_data_object_get_1
      | ^
/opt/homebrew/Cellar/ruby/4.0.3/include/ruby-4.0.0/ruby/internal/core/rdata.h:368:31: note: expanded from macro 'rb_data_object_get_1'
  368 | #define rb_data_object_get_1  rb_data_object_get_warning
      |                               ^
/opt/homebrew/Cellar/ruby/4.0.3/include/ruby-4.0.0/ruby/internal/core/rdata.h:317:1: note: 'rb_data_object_get_warning' has been explicitly marked deprecated here
  317 | RBIMPL_ATTRSET_UNTYPED_DATA_FUNC()
      | ^
/opt/homebrew/Cellar/ruby/4.0.3/include/ruby-4.0.0/ruby/internal/core/rdata.h:47:5: note: expanded from macro 'RBIMPL_ATTRSET_UNTYPED_DATA_FUNC'
   47 |     RBIMPL_ATTR_DEPRECATED(("by TypedData"))
      |     ^
/opt/homebrew/Cellar/ruby/4.0.3/include/ruby-4.0.0/ruby/internal/attr/deprecated.h:36:53: note: expanded from macro 'RBIMPL_ATTR_DEPRECATED'
   36 | # define RBIMPL_ATTR_DEPRECATED(msg) __attribute__((__deprecated__ msg))
      |                                                     ^
xml_reader.c:251:3: warning: 'rb_data_object_get_warning' is deprecated: by TypedData [-Wdeprecated-declarations]
  251 |   Data_Get_Struct(self, xmlTextReader, reader);
      |   ^
/opt/homebrew/Cellar/ruby/4.0.3/include/ruby-4.0.0/ruby/internal/core/rdata.h:278:34: note: expanded from macro 'Data_Get_Struct'
  278 |     ((sval) = RBIMPL_CAST((type*)rb_data_object_get(obj)))
      |                                  ^
/opt/homebrew/Cellar/ruby/4.0.3/include/ruby-4.0.0/ruby/internal/core/rdata.h:370:31: note: expanded from macro 'rb_data_object_get'
  370 | #define rb_data_object_get    RUBY_MACRO_SELECT(rb_data_object_get_2, RUBY_UNTYPED_DATA_WARNING)
      |                               ^
/opt/homebrew/Cellar/ruby/4.0.3/include/ruby-4.0.0/ruby/internal/core/rdata.h:50:35: note: expanded from macro 'RUBY_MACRO_SELECT'
   50 | #define RUBY_MACRO_SELECT(x, y)   RBIMPL_MACRO_SELECT(x, y)
      |                                   ^
/opt/homebrew/Cellar/ruby/4.0.3/include/ruby-4.0.0/ruby/internal/core/rdata.h:49:35: note: expanded from macro 'RBIMPL_MACRO_SELECT'
   49 | #define RBIMPL_MACRO_SELECT(x, y) x ## y
      |                                   ^
<scratch space>:183:1: note: expanded from here
  183 | rb_data_object_get_1
      | ^
/opt/homebrew/Cellar/ruby/4.0.3/include/ruby-4.0.0/ruby/internal/core/rdata.h:368:31: note: expanded from macro 'rb_data_object_get_1'
  368 | #define rb_data_object_get_1  rb_data_object_get_warning
      |                               ^
/opt/homebrew/Cellar/ruby/4.0.3/include/ruby-4.0.0/ruby/internal/core/rdata.h:317:1: note: 'rb_data_object_get_warning' has been explicitly marked deprecated here
  317 | RBIMPL_ATTRSET_UNTYPED_DATA_FUNC()
      | ^
/opt/homebrew/Cellar/ruby/4.0.3/include/ruby-4.0.0/ruby/internal/core/rdata.h:47:5: note: expanded from macro 'RBIMPL_ATTRSET_UNTYPED_DATA_FUNC'
   47 |     RBIMPL_ATTR_DEPRECATED(("by TypedData"))
      |     ^
/opt/homebrew/Cellar/ruby/4.0.3/include/ruby-4.0.0/ruby/internal/attr/deprecated.h:36:53: note: expanded from macro 'RBIMPL_ATTR_DEPRECATED'
   36 | # define RBIMPL_ATTR_DEPRECATED(msg) __attribute__((__deprecated__ msg))
      |                                                     ^
xml_reader.c:255:18: warning: implicit conversion loses integer precision: 'long' to 'int' [-Wshorten-64-to-32]
  255 |   return INT2NUM((long)count);
      |          ~~~~~~~ ^~~~~~~~~~~
xml_reader.c:270:3: warning: 'rb_data_object_get_warning' is deprecated: by TypedData [-Wdeprecated-declarations]
  270 |   Data_Get_Struct(self, xmlTextReader, reader);
      |   ^
/opt/homebrew/Cellar/ruby/4.0.3/include/ruby-4.0.0/ruby/internal/core/rdata.h:278:34: note: expanded from macro 'Data_Get_Struct'
  278 |     ((sval) = RBIMPL_CAST((type*)rb_data_object_get(obj)))
      |                                  ^
/opt/homebrew/Cellar/ruby/4.0.3/include/ruby-4.0.0/ruby/internal/core/rdata.h:370:31: note: expanded from macro 'rb_data_object_get'
  370 | #define rb_data_object_get    RUBY_MACRO_SELECT(rb_data_object_get_2, RUBY_UNTYPED_DATA_WARNING)
      |                               ^
/opt/homebrew/Cellar/ruby/4.0.3/include/ruby-4.0.0/ruby/internal/core/rdata.h:50:35: note: expanded from macro 'RUBY_MACRO_SELECT'
   50 | #define RUBY_MACRO_SELECT(x, y)   RBIMPL_MACRO_SELECT(x, y)
      |                                   ^
/opt/homebrew/Cellar/ruby/4.0.3/include/ruby-4.0.0/ruby/internal/core/rdata.h:49:35: note: expanded from macro 'RBIMPL_MACRO_SELECT'
   49 | #define RBIMPL_MACRO_SELECT(x, y) x ## y
      |                                   ^
<scratch space>:184:1: note: expanded from here
  184 | rb_data_object_get_1
      | ^
/opt/homebrew/Cellar/ruby/4.0.3/include/ruby-4.0.0/ruby/internal/core/rdata.h:368:31: note: expanded from macro 'rb_data_object_get_1'
  368 | #define rb_data_object_get_1  rb_data_object_get_warning
      |                               ^
/opt/homebrew/Cellar/ruby/4.0.3/include/ruby-4.0.0/ruby/internal/core/rdata.h:317:1: note: 'rb_data_object_get_warning' has been explicitly marked deprecated here
  317 | RBIMPL_ATTRSET_UNTYPED_DATA_FUNC()
      | ^
/opt/homebrew/Cellar/ruby/4.0.3/include/ruby-4.0.0/ruby/internal/core/rdata.h:47:5: note: expanded from macro 'RBIMPL_ATTRSET_UNTYPED_DATA_FUNC'
   47 |     RBIMPL_ATTR_DEPRECATED(("by TypedData"))
      |     ^
/opt/homebrew/Cellar/ruby/4.0.3/include/ruby-4.0.0/ruby/internal/attr/deprecated.h:36:53: note: expanded from macro 'RBIMPL_ATTR_DEPRECATED'
   36 | # define RBIMPL_ATTR_DEPRECATED(msg) __attribute__((__deprecated__ msg))
      |                                                     ^
xml_reader.c:274:18: warning: implicit conversion loses integer precision: 'long' to 'int' [-Wshorten-64-to-32]
  274 |   return INT2NUM((long)depth);
      |          ~~~~~~~ ^~~~~~~~~~~
xml_reader.c:289:3: warning: 'rb_data_object_get_warning' is deprecated: by TypedData [-Wdeprecated-declarations]
  289 |   Data_Get_Struct(self, xmlTextReader, reader);
      |   ^
/opt/homebrew/Cellar/ruby/4.0.3/include/ruby-4.0.0/ruby/internal/core/rdata.h:278:34: note: expanded from macro 'Data_Get_Struct'
  278 |     ((sval) = RBIMPL_CAST((type*)rb_data_object_get(obj)))
      |                                  ^
/opt/homebrew/Cellar/ruby/4.0.3/include/ruby-4.0.0/ruby/internal/core/rdata.h:370:31: note: expanded from macro 'rb_data_object_get'
  370 | #define rb_data_object_get    RUBY_MACRO_SELECT(rb_data_object_get_2, RUBY_UNTYPED_DATA_WARNING)
      |                               ^
/opt/homebrew/Cellar/ruby/4.0.3/include/ruby-4.0.0/ruby/internal/core/rdata.h:50:35: note: expanded from macro 'RUBY_MACRO_SELECT'
   50 | #define RUBY_MACRO_SELECT(x, y)   RBIMPL_MACRO_SELECT(x, y)
      |                                   ^
/opt/homebrew/Cellar/ruby/4.0.3/include/ruby-4.0.0/ruby/internal/core/rdata.h:49:35: note: expanded from macro 'RBIMPL_MACRO_SELECT'
   49 | #define RBIMPL_MACRO_SELECT(x, y) x ## y
      |                                   ^
<scratch space>:185:1: note: expanded from here
  185 | rb_data_object_get_1
      | ^
/opt/homebrew/Cellar/ruby/4.0.3/include/ruby-4.0.0/ruby/internal/core/rdata.h:368:31: note: expanded from macro 'rb_data_object_get_1'
  368 | #define rb_data_object_get_1  rb_data_object_get_warning
      |                               ^
/opt/homebrew/Cellar/ruby/4.0.3/include/ruby-4.0.0/ruby/internal/core/rdata.h:317:1: note: 'rb_data_object_get_warning' has been explicitly marked deprecated here
  317 | RBIMPL_ATTRSET_UNTYPED_DATA_FUNC()
      | ^
/opt/homebrew/Cellar/ruby/4.0.3/include/ruby-4.0.0/ruby/internal/core/rdata.h:47:5: note: expanded from macro 'RBIMPL_ATTRSET_UNTYPED_DATA_FUNC'
   47 |     RBIMPL_ATTR_DEPRECATED(("by TypedData"))
      |     ^
/opt/homebrew/Cellar/ruby/4.0.3/include/ruby-4.0.0/ruby/internal/attr/deprecated.h:36:53: note: expanded from macro 'RBIMPL_ATTR_DEPRECATED'
   36 | # define RBIMPL_ATTR_DEPRECATED(msg) __attribute__((__deprecated__ msg))
      |                                                     ^
xml_reader.c:308:3: warning: 'rb_data_object_get_warning' is deprecated: by TypedData [-Wdeprecated-declarations]
  308 |   Data_Get_Struct(self, xmlTextReader, reader);
      |   ^
/opt/homebrew/Cellar/ruby/4.0.3/include/ruby-4.0.0/ruby/internal/core/rdata.h:278:34: note: expanded from macro 'Data_Get_Struct'
  278 |     ((sval) = RBIMPL_CAST((type*)rb_data_object_get(obj)))
      |                                  ^
/opt/homebrew/Cellar/ruby/4.0.3/include/ruby-4.0.0/ruby/internal/core/rdata.h:370:31: note: expanded from macro 'rb_data_object_get'
  370 | #define rb_data_object_get    RUBY_MACRO_SELECT(rb_data_object_get_2, RUBY_UNTYPED_DATA_WARNING)
      |                               ^
/opt/homebrew/Cellar/ruby/4.0.3/include/ruby-4.0.0/ruby/internal/core/rdata.h:50:35: note: expanded from macro 'RUBY_MACRO_SELECT'
   50 | #define RUBY_MACRO_SELECT(x, y)   RBIMPL_MACRO_SELECT(x, y)
      |                                   ^
/opt/homebrew/Cellar/ruby/4.0.3/include/ruby-4.0.0/ruby/internal/core/rdata.h:49:35: note: expanded from macro 'RBIMPL_MACRO_SELECT'
   49 | #define RBIMPL_MACRO_SELECT(x, y) x ## y
      |                                   ^
<scratch space>:186:1: note: expanded from here
  186 | rb_data_object_get_1
      | ^
/opt/homebrew/Cellar/ruby/4.0.3/include/ruby-4.0.0/ruby/internal/core/rdata.h:368:31: note: expanded from macro 'rb_data_object_get_1'
  368 | #define rb_data_object_get_1  rb_data_object_get_warning
      |                               ^
/opt/homebrew/Cellar/ruby/4.0.3/include/ruby-4.0.0/ruby/internal/core/rdata.h:317:1: note: 'rb_data_object_get_warning' has been explicitly marked deprecated here
  317 | RBIMPL_ATTRSET_UNTYPED_DATA_FUNC()
      | ^
/opt/homebrew/Cellar/ruby/4.0.3/include/ruby-4.0.0/ruby/internal/core/rdata.h:47:5: note: expanded from macro 'RBIMPL_ATTRSET_UNTYPED_DATA_FUNC'
   47 |     RBIMPL_ATTR_DEPRECATED(("by TypedData"))
      |     ^
/opt/homebrew/Cellar/ruby/4.0.3/include/ruby-4.0.0/ruby/internal/attr/deprecated.h:36:53: note: expanded from macro 'RBIMPL_ATTR_DEPRECATED'
   36 | # define RBIMPL_ATTR_DEPRECATED(msg) __attribute__((__deprecated__ msg))
      |                                                     ^
xml_reader.c:327:3: warning: 'rb_data_object_get_warning' is deprecated: by TypedData [-Wdeprecated-declarations]
  327 |   Data_Get_Struct(self, xmlTextReader, reader);
      |   ^
/opt/homebrew/Cellar/ruby/4.0.3/include/ruby-4.0.0/ruby/internal/core/rdata.h:278:34: note: expanded from macro 'Data_Get_Struct'
  278 |     ((sval) = RBIMPL_CAST((type*)rb_data_object_get(obj)))
      |                                  ^
/opt/homebrew/Cellar/ruby/4.0.3/include/ruby-4.0.0/ruby/internal/core/rdata.h:370:31: note: expanded from macro 'rb_data_object_get'
  370 | #define rb_data_object_get    RUBY_MACRO_SELECT(rb_data_object_get_2, RUBY_UNTYPED_DATA_WARNING)
      |                               ^
/opt/homebrew/Cellar/ruby/4.0.3/include/ruby-4.0.0/ruby/internal/core/rdata.h:50:35: note: expanded from macro 'RUBY_MACRO_SELECT'
   50 | #define RUBY_MACRO_SELECT(x, y)   RBIMPL_MACRO_SELECT(x, y)
      |                                   ^
/opt/homebrew/Cellar/ruby/4.0.3/include/ruby-4.0.0/ruby/internal/core/rdata.h:49:35: note: expanded from macro 'RBIMPL_MACRO_SELECT'
   49 | #define RBIMPL_MACRO_SELECT(x, y) x ## y
      |                                   ^
<scratch space>:187:1: note: expanded from here
  187 | rb_data_object_get_1
      | ^
/opt/homebrew/Cellar/ruby/4.0.3/include/ruby-4.0.0/ruby/internal/core/rdata.h:368:31: note: expanded from macro 'rb_data_object_get_1'
  368 | #define rb_data_object_get_1  rb_data_object_get_warning
      |                               ^
/opt/homebrew/Cellar/ruby/4.0.3/include/ruby-4.0.0/ruby/internal/core/rdata.h:317:1: note: 'rb_data_object_get_warning' has been explicitly marked deprecated here
  317 | RBIMPL_ATTRSET_UNTYPED_DATA_FUNC()
      | ^
/opt/homebrew/Cellar/ruby/4.0.3/include/ruby-4.0.0/ruby/internal/core/rdata.h:47:5: note: expanded from macro 'RBIMPL_ATTRSET_UNTYPED_DATA_FUNC'
   47 |     RBIMPL_ATTR_DEPRECATED(("by TypedData"))
      |     ^
/opt/homebrew/Cellar/ruby/4.0.3/include/ruby-4.0.0/ruby/internal/attr/deprecated.h:36:53: note: expanded from macro 'RBIMPL_ATTR_DEPRECATED'
   36 | # define RBIMPL_ATTR_DEPRECATED(msg) __attribute__((__deprecated__ msg))
      |                                                     ^
xml_reader.c:346:3: warning: 'rb_data_object_get_warning' is deprecated: by TypedData [-Wdeprecated-declarations]
  346 |   Data_Get_Struct(self, xmlTextReader, reader);
      |   ^
/opt/homebrew/Cellar/ruby/4.0.3/include/ruby-4.0.0/ruby/internal/core/rdata.h:278:34: note: expanded from macro 'Data_Get_Struct'
  278 |     ((sval) = RBIMPL_CAST((type*)rb_data_object_get(obj)))
      |                                  ^
/opt/homebrew/Cellar/ruby/4.0.3/include/ruby-4.0.0/ruby/internal/core/rdata.h:370:31: note: expanded from macro 'rb_data_object_get'
  370 | #define rb_data_object_get    RUBY_MACRO_SELECT(rb_data_object_get_2, RUBY_UNTYPED_DATA_WARNING)
      |                               ^
/opt/homebrew/Cellar/ruby/4.0.3/include/ruby-4.0.0/ruby/internal/core/rdata.h:50:35: note: expanded from macro 'RUBY_MACRO_SELECT'
   50 | #define RUBY_MACRO_SELECT(x, y)   RBIMPL_MACRO_SELECT(x, y)
      |                                   ^
/opt/homebrew/Cellar/ruby/4.0.3/include/ruby-4.0.0/ruby/internal/core/rdata.h:49:35: note: expanded from macro 'RBIMPL_MACRO_SELECT'
   49 | #define RBIMPL_MACRO_SELECT(x, y) x ## y
      |                                   ^
<scratch space>:188:1: note: expanded from here
  188 | rb_data_object_get_1
      | ^
/opt/homebrew/Cellar/ruby/4.0.3/include/ruby-4.0.0/ruby/internal/core/rdata.h:368:31: note: expanded from macro 'rb_data_object_get_1'
  368 | #define rb_data_object_get_1  rb_data_object_get_warning
      |                               ^
/opt/homebrew/Cellar/ruby/4.0.3/include/ruby-4.0.0/ruby/internal/core/rdata.h:317:1: note: 'rb_data_object_get_warning' has been explicitly marked deprecated here
  317 | RBIMPL_ATTRSET_UNTYPED_DATA_FUNC()
      | ^
/opt/homebrew/Cellar/ruby/4.0.3/include/ruby-4.0.0/ruby/internal/core/rdata.h:47:5: note: expanded from macro 'RBIMPL_ATTRSET_UNTYPED_DATA_FUNC'
   47 |     RBIMPL_ATTR_DEPRECATED(("by TypedData"))
      |     ^
/opt/homebrew/Cellar/ruby/4.0.3/include/ruby-4.0.0/ruby/internal/attr/deprecated.h:36:53: note: expanded from macro 'RBIMPL_ATTR_DEPRECATED'
   36 | # define RBIMPL_ATTR_DEPRECATED(msg) __attribute__((__deprecated__ msg))
      |                                                     ^
xml_reader.c:365:3: warning: 'rb_data_object_get_warning' is deprecated: by TypedData [-Wdeprecated-declarations]
  365 |   Data_Get_Struct(self, xmlTextReader, reader);
      |   ^
/opt/homebrew/Cellar/ruby/4.0.3/include/ruby-4.0.0/ruby/internal/core/rdata.h:278:34: note: expanded from macro 'Data_Get_Struct'
  278 |     ((sval) = RBIMPL_CAST((type*)rb_data_object_get(obj)))
      |                                  ^
/opt/homebrew/Cellar/ruby/4.0.3/include/ruby-4.0.0/ruby/internal/core/rdata.h:370:31: note: expanded from macro 'rb_data_object_get'
  370 | #define rb_data_object_get    RUBY_MACRO_SELECT(rb_data_object_get_2, RUBY_UNTYPED_DATA_WARNING)
      |                               ^
/opt/homebrew/Cellar/ruby/4.0.3/include/ruby-4.0.0/ruby/internal/core/rdata.h:50:35: note: expanded from macro 'RUBY_MACRO_SELECT'
   50 | #define RUBY_MACRO_SELECT(x, y)   RBIMPL_MACRO_SELECT(x, y)
      |                                   ^
/opt/homebrew/Cellar/ruby/4.0.3/include/ruby-4.0.0/ruby/internal/core/rdata.h:49:35: note: expanded from macro 'RBIMPL_MACRO_SELECT'
   49 | #define RBIMPL_MACRO_SELECT(x, y) x ## y
      |                                   ^
<scratch space>:189:1: note: expanded from here
  189 | rb_data_object_get_1
      | ^
/opt/homebrew/Cellar/ruby/4.0.3/include/ruby-4.0.0/ruby/internal/core/rdata.h:368:31: note: expanded from macro 'rb_data_object_get_1'
  368 | #define rb_data_object_get_1  rb_data_object_get_warning
      |                               ^
/opt/homebrew/Cellar/ruby/4.0.3/include/ruby-4.0.0/ruby/internal/core/rdata.h:317:1: note: 'rb_data_object_get_warning' has been explicitly marked deprecated here
  317 | RBIMPL_ATTRSET_UNTYPED_DATA_FUNC()
      | ^
/opt/homebrew/Cellar/ruby/4.0.3/include/ruby-4.0.0/ruby/internal/core/rdata.h:47:5: note: expanded from macro 'RBIMPL_ATTRSET_UNTYPED_DATA_FUNC'
   47 |     RBIMPL_ATTR_DEPRECATED(("by TypedData"))
      |     ^
/opt/homebrew/Cellar/ruby/4.0.3/include/ruby-4.0.0/ruby/internal/attr/deprecated.h:36:53: note: expanded from macro 'RBIMPL_ATTR_DEPRECATED'
   36 | # define RBIMPL_ATTR_DEPRECATED(msg) __attribute__((__deprecated__ msg))
      |                                                     ^
xml_reader.c:384:3: warning: 'rb_data_object_get_warning' is deprecated: by TypedData [-Wdeprecated-declarations]
  384 |   Data_Get_Struct(self, xmlTextReader, reader);
      |   ^
/opt/homebrew/Cellar/ruby/4.0.3/include/ruby-4.0.0/ruby/internal/core/rdata.h:278:34: note: expanded from macro 'Data_Get_Struct'
  278 |     ((sval) = RBIMPL_CAST((type*)rb_data_object_get(obj)))
      |                                  ^
/opt/homebrew/Cellar/ruby/4.0.3/include/ruby-4.0.0/ruby/internal/core/rdata.h:370:31: note: expanded from macro 'rb_data_object_get'
  370 | #define rb_data_object_get    RUBY_MACRO_SELECT(rb_data_object_get_2, RUBY_UNTYPED_DATA_WARNING)
      |                               ^
/opt/homebrew/Cellar/ruby/4.0.3/include/ruby-4.0.0/ruby/internal/core/rdata.h:50:35: note: expanded from macro 'RUBY_MACRO_SELECT'
   50 | #define RUBY_MACRO_SELECT(x, y)   RBIMPL_MACRO_SELECT(x, y)
      |                                   ^
/opt/homebrew/Cellar/ruby/4.0.3/include/ruby-4.0.0/ruby/internal/core/rdata.h:49:35: note: expanded from macro 'RBIMPL_MACRO_SELECT'
   49 | #define RBIMPL_MACRO_SELECT(x, y) x ## y
      |                                   ^
<scratch space>:190:1: note: expanded from here
  190 | rb_data_object_get_1
      | ^
/opt/homebrew/Cellar/ruby/4.0.3/include/ruby-4.0.0/ruby/internal/core/rdata.h:368:31: note: expanded from macro 'rb_data_object_get_1'
  368 | #define rb_data_object_get_1  rb_data_object_get_warning
      |                               ^
/opt/homebrew/Cellar/ruby/4.0.3/include/ruby-4.0.0/ruby/internal/core/rdata.h:317:1: note: 'rb_data_object_get_warning' has been explicitly marked deprecated here
  317 | RBIMPL_ATTRSET_UNTYPED_DATA_FUNC()
      | ^
/opt/homebrew/Cellar/ruby/4.0.3/include/ruby-4.0.0/ruby/internal/core/rdata.h:47:5: note: expanded from macro 'RBIMPL_ATTRSET_UNTYPED_DATA_FUNC'
   47 |     RBIMPL_ATTR_DEPRECATED(("by TypedData"))
      |     ^
/opt/homebrew/Cellar/ruby/4.0.3/include/ruby-4.0.0/ruby/internal/attr/deprecated.h:36:53: note: expanded from macro 'RBIMPL_ATTR_DEPRECATED'
   36 | # define RBIMPL_ATTR_DEPRECATED(msg) __attribute__((__deprecated__ msg))
      |                                                     ^
xml_reader.c:403:3: warning: 'rb_data_object_get_warning' is deprecated: by TypedData [-Wdeprecated-declarations]
  403 |   Data_Get_Struct(self, xmlTextReader, reader);
      |   ^
/opt/homebrew/Cellar/ruby/4.0.3/include/ruby-4.0.0/ruby/internal/core/rdata.h:278:34: note: expanded from macro 'Data_Get_Struct'
  278 |     ((sval) = RBIMPL_CAST((type*)rb_data_object_get(obj)))
      |                                  ^
/opt/homebrew/Cellar/ruby/4.0.3/include/ruby-4.0.0/ruby/internal/core/rdata.h:370:31: note: expanded from macro 'rb_data_object_get'
  370 | #define rb_data_object_get    RUBY_MACRO_SELECT(rb_data_object_get_2, RUBY_UNTYPED_DATA_WARNING)
      |                               ^
/opt/homebrew/Cellar/ruby/4.0.3/include/ruby-4.0.0/ruby/internal/core/rdata.h:50:35: note: expanded from macro 'RUBY_MACRO_SELECT'
   50 | #define RUBY_MACRO_SELECT(x, y)   RBIMPL_MACRO_SELECT(x, y)
      |                                   ^
/opt/homebrew/Cellar/ruby/4.0.3/include/ruby-4.0.0/ruby/internal/core/rdata.h:49:35: note: expanded from macro 'RBIMPL_MACRO_SELECT'
   49 | #define RBIMPL_MACRO_SELECT(x, y) x ## y
      |                                   ^
<scratch space>:191:1: note: expanded from here
  191 | rb_data_object_get_1
      | ^
/opt/homebrew/Cellar/ruby/4.0.3/include/ruby-4.0.0/ruby/internal/core/rdata.h:368:31: note: expanded from macro 'rb_data_object_get_1'
  368 | #define rb_data_object_get_1  rb_data_object_get_warning
      |                               ^
/opt/homebrew/Cellar/ruby/4.0.3/include/ruby-4.0.0/ruby/internal/core/rdata.h:317:1: note: 'rb_data_object_get_warning' has been explicitly marked deprecated here
  317 | RBIMPL_ATTRSET_UNTYPED_DATA_FUNC()
      | ^
/opt/homebrew/Cellar/ruby/4.0.3/include/ruby-4.0.0/ruby/internal/core/rdata.h:47:5: note: expanded from macro 'RBIMPL_ATTRSET_UNTYPED_DATA_FUNC'
   47 |     RBIMPL_ATTR_DEPRECATED(("by TypedData"))
      |     ^
/opt/homebrew/Cellar/ruby/4.0.3/include/ruby-4.0.0/ruby/internal/attr/deprecated.h:36:53: note: expanded from macro 'RBIMPL_ATTR_DEPRECATED'
   36 | # define RBIMPL_ATTR_DEPRECATED(msg) __attribute__((__deprecated__ msg))
      |                                                     ^
xml_reader.c:423:3: warning: 'rb_data_object_get_warning' is deprecated: by TypedData [-Wdeprecated-declarations]
  423 |   Data_Get_Struct(rb_reader, xmlTextReader, c_reader);
      |   ^
/opt/homebrew/Cellar/ruby/4.0.3/include/ruby-4.0.0/ruby/internal/core/rdata.h:278:34: note: expanded from macro 'Data_Get_Struct'
  278 |     ((sval) = RBIMPL_CAST((type*)rb_data_object_get(obj)))
      |                                  ^
/opt/homebrew/Cellar/ruby/4.0.3/include/ruby-4.0.0/ruby/internal/core/rdata.h:370:31: note: expanded from macro 'rb_data_object_get'
  370 | #define rb_data_object_get    RUBY_MACRO_SELECT(rb_data_object_get_2, RUBY_UNTYPED_DATA_WARNING)
      |                               ^
/opt/homebrew/Cellar/ruby/4.0.3/include/ruby-4.0.0/ruby/internal/core/rdata.h:50:35: note: expanded from macro 'RUBY_MACRO_SELECT'
   50 | #define RUBY_MACRO_SELECT(x, y)   RBIMPL_MACRO_SELECT(x, y)
      |                                   ^
/opt/homebrew/Cellar/ruby/4.0.3/include/ruby-4.0.0/ruby/internal/core/rdata.h:49:35: note: expanded from macro 'RBIMPL_MACRO_SELECT'
   49 | #define RBIMPL_MACRO_SELECT(x, y) x ## y
      |                                   ^
<scratch space>:192:1: note: expanded from here
  192 | rb_data_object_get_1
      | ^
/opt/homebrew/Cellar/ruby/4.0.3/include/ruby-4.0.0/ruby/internal/core/rdata.h:368:31: note: expanded from macro 'rb_data_object_get_1'
  368 | #define rb_data_object_get_1  rb_data_object_get_warning
      |                               ^
/opt/homebrew/Cellar/ruby/4.0.3/include/ruby-4.0.0/ruby/internal/core/rdata.h:317:1: note: 'rb_data_object_get_warning' has been explicitly marked deprecated here
  317 | RBIMPL_ATTRSET_UNTYPED_DATA_FUNC()
      | ^
/opt/homebrew/Cellar/ruby/4.0.3/include/ruby-4.0.0/ruby/internal/core/rdata.h:47:5: note: expanded from macro 'RBIMPL_ATTRSET_UNTYPED_DATA_FUNC'
   47 |     RBIMPL_ATTR_DEPRECATED(("by TypedData"))
      |     ^
/opt/homebrew/Cellar/ruby/4.0.3/include/ruby-4.0.0/ruby/internal/attr/deprecated.h:36:53: note: expanded from macro 'RBIMPL_ATTR_DEPRECATED'
   36 | # define RBIMPL_ATTR_DEPRECATED(msg) __attribute__((__deprecated__ msg))
      |                                                     ^
xml_reader.c:446:3: warning: 'rb_data_object_get_warning' is deprecated: by TypedData [-Wdeprecated-declarations]
  446 |   Data_Get_Struct(self, xmlTextReader, reader);
      |   ^
/opt/homebrew/Cellar/ruby/4.0.3/include/ruby-4.0.0/ruby/internal/core/rdata.h:278:34: note: expanded from macro 'Data_Get_Struct'
  278 |     ((sval) = RBIMPL_CAST((type*)rb_data_object_get(obj)))
      |                                  ^
/opt/homebrew/Cellar/ruby/4.0.3/include/ruby-4.0.0/ruby/internal/core/rdata.h:370:31: note: expanded from macro 'rb_data_object_get'
  370 | #define rb_data_object_get    RUBY_MACRO_SELECT(rb_data_object_get_2, RUBY_UNTYPED_DATA_WARNING)
      |                               ^
/opt/homebrew/Cellar/ruby/4.0.3/include/ruby-4.0.0/ruby/internal/core/rdata.h:50:35: note: expanded from macro 'RUBY_MACRO_SELECT'
   50 | #define RUBY_MACRO_SELECT(x, y)   RBIMPL_MACRO_SELECT(x, y)
      |                                   ^
/opt/homebrew/Cellar/ruby/4.0.3/include/ruby-4.0.0/ruby/internal/core/rdata.h:49:35: note: expanded from macro 'RBIMPL_MACRO_SELECT'
   49 | #define RBIMPL_MACRO_SELECT(x, y) x ## y
      |                                   ^
<scratch space>:193:1: note: expanded from here
  193 | rb_data_object_get_1
      | ^
/opt/homebrew/Cellar/ruby/4.0.3/include/ruby-4.0.0/ruby/internal/core/rdata.h:368:31: note: expanded from macro 'rb_data_object_get_1'
  368 | #define rb_data_object_get_1  rb_data_object_get_warning
      |                               ^
/opt/homebrew/Cellar/ruby/4.0.3/include/ruby-4.0.0/ruby/internal/core/rdata.h:317:1: note: 'rb_data_object_get_warning' has been explicitly marked deprecated here
  317 | RBIMPL_ATTRSET_UNTYPED_DATA_FUNC()
      | ^
/opt/homebrew/Cellar/ruby/4.0.3/include/ruby-4.0.0/ruby/internal/core/rdata.h:47:5: note: expanded from macro 'RBIMPL_ATTRSET_UNTYPED_DATA_FUNC'
   47 |     RBIMPL_ATTR_DEPRECATED(("by TypedData"))
      |     ^
/opt/homebrew/Cellar/ruby/4.0.3/include/ruby-4.0.0/ruby/internal/attr/deprecated.h:36:53: note: expanded from macro 'RBIMPL_ATTR_DEPRECATED'
   36 | # define RBIMPL_ATTR_DEPRECATED(msg) __attribute__((__deprecated__ msg))
      |                                                     ^
xml_reader.c:447:18: warning: implicit conversion loses integer precision: 'long' to 'int' [-Wshorten-64-to-32]
  447 |   return INT2NUM((long)xmlTextReaderReadState(reader));
      |          ~~~~~~~ ^~~~~~~~~~~~~~~~~~~~~~~~~~~~~~~~~~~~
xml_processing_instruction.c:25:3: warning: 'rb_data_object_get_warning' is deprecated: by TypedData [-Wdeprecated-declarations]
   25 |   Data_Get_Struct(document, xmlDoc, xml_doc);
      |   ^
/opt/homebrew/Cellar/ruby/4.0.3/include/ruby-4.0.0/ruby/internal/core/rdata.h:278:34: note: expanded from macro 'Data_Get_Struct'
  278 |     ((sval) = RBIMPL_CAST((type*)rb_data_object_get(obj)))
      |                                  ^xml_reader.c:460:3: warning: 'rb_data_object_get_warning' is deprecated: by TypedData [-Wdeprecated-declarations]
xml_relax_ng.c:27:3
  460 |  /opt/homebrew/Cellar/ruby/4.0.3/include/ruby-4.0.0/ruby/internal/core/rdata.h:370::31:  warning: note: 'rb_data_object_get_warning' is deprecated: by TypedData [-Wdeprecated-declarations]expanded from macro 'rb_data_object_get'

   27 |    370  | D#adteaf_iGneet _rSbt_rduactta(_soebljfe,c tx_mgleRte l a x NRGU,B Ys_cMhAeCmRaO)_;S
E      L| E  ^C
T(rb_data_objec/opt/homebrew/Cellar/ruby/4.0.3/include/ruby-4.0.0/ruby/internal/core/rdata.ht:_278g:e34t:_ 2note: ,expanded from macro 'Data_Get_Struct' 
RUBY_  278 |     ((sval) = RBIMPL_CAST((type*)rb_data_object_get(obj)))
      |                                  ^
/opt/homebrew/Cellar/ruby/4.0.3/include/ruby-4.0.0/ruby/internal/core/rdata.h:370:31: note: expanded from macro 'rb_data_object_get'
  370 | # deDfaitnae_ Grebt__dSattrau_cotb(jseecltf_,g extm l T e xRtURBeYa_dMeArC,R Or_eSaEdLeErC)T;(
r      b| _  ^d
ata_object_get_2, R/opt/homebrew/Cellar/ruby/4.0.3/include/ruby-4.0.0/ruby/internal/core/rdata.hU:B278Y:_34U:N Tnote: Yexpanded from macro 'Data_Get_Struct'P
ED_DATA_W  278 |   U NTYPED_DATA_AWARNING )
(      (| s                              ^v
al) = /opt/homebrew/Cellar/ruby/4.0.3/include/ruby-4.0.0/ruby/internal/core/rdata.hR:B50I:M35P:L _note: Cexpanded from macro 'RUBY_MACRO_SELECT'A
ST((ty   50 | #define RNING)pe*)RUBY_MACRO_SELECT(x, y)   RBIMPL_MACRO_SELECT(x, y)
      |                                   ^
/opt/homebrew/Cellar/ruby/4.0.3/include/ruby-4.0.0/ruby/internal/core/rdata.h
:      49| :                              ^35
: note: expanded from macro 'RBIMPL_MACRO_SELECT'
/opt/homebrew/Cellar/ruby/4.0.3/include/ruby-4.0.0/ruby/internal/core/rdata.h:50:   3549: |  #note: dexpanded from macro 'RUBY_MACRO_SELECT'e
fine    R50B | I#MdPeLf_iMnAeC RROU_BSYE_LMEACCTR(Ox_,S EyL)E CxT (#x#,  yy
)       |                                    ^ 
RBIMPL_<scratch space>M:A176C:R1O:_ Snote: Eexpanded from hereL
ECT(x, y)
      |                                   ^
  /opt/homebrew/Cellar/ruby/4.0.3/include/ruby-4.0.0/ruby/internal/core/rdata.h176: | 49r:b35_:d anote: texpanded from macro 'RBIMPL_MACRO_SELECT'a
_ob   49 | #derfbi_ndea tRaB_IoMbPjLe_cMtA_CgReOt_(SoEbLjE)C)T)(
x      ,|                                   ^y
) x /opt/homebrew/Cellar/ruby/4.0.3/include/ruby-4.0.0/ruby/internal/core/rdata.h#:#370 :y31
:       | note:                                   ^expanded from macro 'rb_data_object_get'

<scratch space>  :370176 | :#1d:e fnote: iexpanded from heren
e rb_data_objec  t176_ | grebt_ d a t aR_UoBbYj_eMcAtC_RgOe_tS_E1L
E      C| T^(
rb_/opt/homebrew/Cellar/ruby/4.0.3/include/ruby-4.0.0/ruby/internal/core/rdata.hd:a368t:a31_:o bnote: jexpanded from macro 'rb_data_object_get_1'e
ct_ge  t368_ | 2#,d eRfUiBnYe_ UrNbT_YdPaEtDa__DoAbTjAe_cWtA_RgNeItN_G1) 
       r| b                              ^_
dat/opt/homebrew/Cellar/ruby/4.0.3/include/ruby-4.0.0/ruby/internal/core/rdata.ha:_50o:b35j:e cnote: texpanded from macro 'RUBY_MACRO_SELECT'_
get_w   a50r | n#idnegf
i      n| e                              ^ 
RUBY_MACRO_SELE/opt/homebrew/Cellar/ruby/4.0.3/include/ruby-4.0.0/ruby/internal/core/rdata.hC:T317(:x1,:  ynote: )'rb_data_object_get_warning' has been explicitly marked deprecated here 
  R  B317I | MRPBLI_MMPALC_RAOT_TSRESLEETC_TU(NxT,Y PyE)D
_      D| A                                  ^T
A_/opt/homebrew/Cellar/ruby/4.0.3/include/ruby-4.0.0/ruby/internal/core/rdata.hF:U49N:C35(:) 
note:       expanded from macro 'RBIMPL_MACRO_SELECT'| 
^
/opt/homebrew/Cellar/ruby/4.0.3/include/ruby-4.0.0/ruby/internal/core/rdata.h   :4947 | :#5d:e fnote: iexpanded from macro 'RBIMPL_ATTRSET_UNTYPED_DATA_FUNC'n
e RBIMPL_MACRO_SELECT(x, y) x ## y
      |                                   ^
<scratch space>:194:1: note: expanded from here
  194 | rb_data_object_get_1
      | ^
/opt/homebrew/Cellar/ruby/4.0.3/include/ruby-4.0.0/ruby/internal/core/rdata.h:368:31: note: expanded from macro 'rb_data_object_get_1'
  368 | #define rb_data_object_get_1  rb_data_object_get_warning
      |                               ^
/opt/homebrew/Cellar/ruby/4.0.3/include/ruby-4.0.0/ruby/internal/core/rdata.h:317:1: note: 'rb_data_object_get_warning' has been explicitly marked deprecated here
  317 | RBIMPL_ATTRSET_UNTYPED_DATA_FUNC()
      | ^
/opt/homebrew/Cellar/ruby/4.0.3/include/ruby-4.0.0/ruby/internal/core/rdata.h:47:5: note: expanded from macro 'RBIMPL_ATTRSET_UNTYPED_DATA_FUNC'
   47 |     RBIMPL_ATTR_DEPRECATED(("by TypedData"))
      |     ^
/opt/homebrew/Cellar/ruby/4.0.3/include/ruby-4.0.0/ruby/internal/attr/deprecated.h:36:53: note: expanded from macro 'RBIMPL_ATTR_DEPRECATED'
   36 | # define RBIMPL_ATTR_DEPRECATED(msg) __attribute__((__deprecated__ msg))
      |                                                     ^
xml_reader.c:461:18: warning: implicit conversion loses integer precision: 'long' to 'int' [-Wshorten-64-to-32]
  461 |   return INT2NUM((long)xmlTextReaderNodeType(reader));
      |          ~~~~~~~ ^~~~~~~~~~~~~~~~~~~~~~~~~~~~~~~~~~~
xml_reader.c:478:3: warning: 'rb_data_object_get_warning' is deprecated: by TypedData [-Wdeprecated-declarations]
  478 |   Data_Get_Struct(self, xmlTextReader, reader);
      |   ^
/opt/homebrew/Cellar/ruby/4.0.3/include/ruby-4.0.0/ruby/internal/core/rdata.h:278:34: note: expanded from macro 'Data_Get_Struct'
  278 |     ((sval) = RBj   47 |     eRBctIMPL_CAST((type*)rb_data_object_get(obj)))
      |                                  ^
/opt/homebrew/Cellar/ruby/4.0.3/include/ruby-4.0.0/ruby/internal/core/rdata.h:370:31: note: expanded from macro 'rb_data_object_get'
  370 | #define rb_dIMPL_ATT_getata_object_gR__1
      | ^
/opt/homebrew/Cellar/ruby/4.0.3/include/ruby-4.0.0/ruby/internal/core/rdata.h:368:31: note: expanded from macro 'rb_data_object_get_1'
  368 | #define rb_data_object_get_1  rb_data_object_get_warning
      |                               ^
/opt/homebrew/Cellar/ruby/4.0.3/include/ruby-4.0.0/ruby/internal/core/rdata.h:317:1: note: 'rb_data_object_get_warning' has been explicitly marked deprecated here
  317 | RBIMPL_ATTRSET_UNTYPED_DATA_FUNC()
      | ^
/opt/homebrew/Cellar/ruby/4.0.3/include/ruby-4.0.0/ruby/internal/core/rdata.h:47:5: note: expanded from macro 'RBIMPL_ATTRSET_UNTYPED_DATA_FUNC'
   47 |     RBIMPL_ATTR_DEPRECATED(("by TypedData"))
      |     ^
/opt/homebrew/Cellar/ruby/4.0.3/include/ruby-4.0.0/ruby/internal/attr/deprecated.h:36:53: note: expanded from macro 'RBIMPL_ATTR_DEPRECATED'
   36 | # define RBIMPL_ATTR_DEPRECATED(msg) __attribute__((__deprecated__ msg))
      |                                                     ^
xml_relax_ng.c:28:3: warning: 'rb_data_object_get_warning' is deprecated: by TypedData [-Wdeprecated-declarations]
   28 |   Data_Get_Struct(document, xmlDoc, doc);
      |   ^
/opt/homebrew/Cellar/ruby/4.0.3/include/ruby-4.0.0/ruby/internal/core/rdata.h:278:34: note: expanded from macro 'Data_Get_Struct'
  278 |     ((sval) = RBIMPL_CAST((type*)rb_data_object_get(obj)))
      |                                  ^
/opt/homebrew/Cellar/ruby/4.0.3/include/ruby-4.0.0/ruby/internal/core/rdata.h:370:31: note: expanded from macro 'rb_data_object_get'
  370 | #define rb_data_object_get    RUBY_MACRO_SELECT(rb_data_object_get_2, RUBY_UNTYPED_DATA_WARNING)
      |                               ^
/opt/homebrew/Cellar/ruby/4.0.3/include/ruby-4.0.0/ruby/internal/core/rdata.h:50:35: note: expanded from macro 'RUBY_MACRO_SELECT'
   50 | #define RUBY_MACRO_SELECT(x, y)   RBIMPL_MACRO_SELECT(x, y)
      |                                   ^
/opt/homebrew/Cellar/ruby/4.0.3/include/ruby-4.0.0/ruby/internal/core/rdata.h:49:35: note: expanded from macro 'RBIMPL_MACRO_SELECT'
   49 | #define RBIMPL_MACRO_SELECT(x, y) x ## y
      |                                   ^
<scratch space>:177:1: note: expanded from here
  177 | rb_data_object_get_1
      | ^
/opt/homebrew/Cellar/ruby/4.0.3/include/ruby-4.0.0/ruby/internal/core/rdata.h:368:31: note: expanded from macro 'rb_data_object_get_1'
  368 | #define rb_data_object_get_1  rb_data_object_get_warning
      |                               ^
/opt/homebrew/Cellar/ruby/4.0.3/include/ruby-4.0.0/ruby/internal/core/rdata.h:317:1: note: 'rb_data_object_get_warning' has been explicitly marked deprecated here
  317 | RBIMPL_ATTRSET_UNTYPED_DATA_FUNC()
      | ^
/opt/homebrew/Cellar/ruby/4.0.3/include/ruby-4.0.0/ruby/internal/core/rdata.h:47:5: note: expanded from macro 'RBIMPL_ATTRSET_UNTYPED_DATA_FUNC'
   47 |     RBIMPL_ATTR_DEPRECATED(("by TypedData"))
      |     ^
/opt/homebrew/Cellar/ruby/4.0.3/include/ruby-4.0.0/ruby/internal/attr/deprecated.h:36:53: note: expanded from macro 'RBIMPL_ATTR_DEPRECATED'
   36 | # define RBIMPL_ATTR_DEPRECATED(msg) __attribute__((__deprecated__ msg))
      |                                                     ^
xml_relax_ng.c:105:15: warning: 'rb_data_object_wrap_warning' is deprecated: by TypedData [-Wdeprecated-declarations]
  105 |   rb_schema = Data_Wrap_Struct(klass, 0, dealloc, schema);
      |               ^
/opt/homebrew/Cellar/ruby/4.0.3/include/ruby-4.0.0/ruby/internal/core/rdata.h:202:5: note: expanded from macro 'Data_Wrap_Struct'
  202 |     rb_data_object_wrap(                          \
      |     ^
/opt/homebrew/Cellar/ruby/4.0.3/include/ruby-4.0.0/ruby/internal/core/rdata.h:366:31: note: expanded from macro 'rb_data_object_wrap'
  366 | #define rb_data_object_wrap   RUBY_MACRO_SELECT(rb_data_object_wrap_2, RUBY_UNTYPED_DATA_WARNING)
      |                               ^
/opt/homebrew/Cellar/ruby/4.0.3/include/ruby-4.0.0/ruby/internal/core/rdata.h:50:35: note: expanded from macro 'RUBY_MACRO_SELECT'
   50 | #define RUBY_MACRO_SELECT(x, y)   RBIMPL_MACRO_SELECT(x, y)
      |                                   ^
/opt/homebrew/Cellar/ruby/4.0.3/include/ruby-4.0.0/ruby/internal/core/rdata.h:49:35: note: expanded from macro 'RBIMPL_MACRO_SELECT'
   49 | #define RBIMPL_MACRO_SELECT(x, y) x ## y
      |                                   ^
<scratch space>:178:1: note: expanded from here
  178 | rb_data_object_wrap_1
      | ^
/opt/homebrew/Cellar/ruby/4.0.3/include/ruby-4.0.0/ruby/internal/core/rdata.h:364:31: note: expanded from macro 'rb_data_object_wrap_1'
  364 | #define rb_data_object_wrap_1 rb_data_object_wrap_warning
      |                               ^
/opt/homebrew/Cellar/ruby/4.0.3/include/ruby-4.0.0/ruby/internal/core/rdata.h:280:1: note: 'rb_data_object_wrap_warning' has been explicitly marked deprecated here
  280 | RBIMPL_ATTRSET_UNTYPED_DATA_FUNC()
      | ^
/opt/homebrew/Cellar/ruby/4.0.3/include/ruby-4.0.0/ruby/internal/core/rdata.h:47:5: note: expanded from macro 'RBIMPL_ATTRSET_UNTYPED_DATA_FUNC'
   47 |     RBIMPL_ATTR_DEPRECATED(("by TypedData"))
      |     ^
/opt/homebrew/Cellar/ruby/4.0.3/include/ruby-4.0.0/ruby/internal/attr/deprecated.h:36:53: note: expanded from macro 'RBIMPL_ATTR_DEPRECATED'
   36 | # define RBIMPL_ATTR_DEPRECATED(msg) __attribute__((__deprecated__ msg))
      |                                                     ^
xml_relax_ng.c:132:3: warning: 'rb_data_object_get_warning' is deprecated: by TypedData [-Wdeprecated-declarations]
  132 |   Data_Get_Struct(document, xmlDoc, doc);
      |   ^
/opt/homebrew/Cellar/ruby/4.0.3/include/ruby-4.0.0/ruby/internal/core/rdata.h:278:34: note: expanded from macro 'Data_Get_Struct'
  278 |     ((sval) = RBIMPL_CAST((type*)rb_data_object_get(obj)))
      |                                  ^
/opt/homebrew/Cellar/ruby/4.0.3/include/ruby-4.0.0/ruby/internal/core/rdata.h:370:31: note: expanded from macro 'rb_data_object_get'
  370 | #define rb_data_object_get    RUBY_MACRO_SELECT(rb_data_object_get_2, RUBY_UNTYPED_DATA_WARNING)
      |                               ^
/opt/homebrew/Cellar/ruby/4.0.3/include/ruby-4.0.0/ruby/internal/core/rdata.h:50:35: note: expanded from macro 'RUBY_MACRO_SELECT'
   50 | #define RUBY_MACRO_SELECT(x, y)   RBIMPL_MACRO_SELECT(x, y)
      |                                   ^
/opt/homebrew/Cellar/ruby/4.0.3/include/ruby-4.0.0/ruby/internal/core/rdata.h:49:35: note: expanded from macro 'RBIMPL_MACRO_SELECT'
   49 | #define RBIMPL_MACRO_SELECT(x, y) x ## y
      |                                   ^
<scratch space>:179:1: note: expanded from here
  179 | rb_data_object_get_1
      | ^
/opt/homebrew/Cellar/ruby/4.0.3/include/ruby-4.0.0/ruby/internal/core/rdata.h:368:31: note: expanded from macro 'rb_data_object_get_1'
  368 | #define rb_data_object_get_1  rb_data_object_get_warning
      |                               ^
/opt/homebrew/Cellar/ruby/4.0.3/include/ruby-4.0.0/ruby/internal/core/rdata.h:317:1: note: 'rb_data_object_get_warning' has been explicitly marked deprecated here
  317 | RBIMPL_ATTRSET_UNTYPED_DATA_FUNC()
      | ^
/opt/homebrew/Cellar/ruby/4.0.3/include/ruby-4.0.0/ruby/internal/core/rdata.h:47:5: note: expanded from macro 'RBIMPL_ATTRSET_UNTYPED_DATA_FUNC'
   47 |     RBIMPL_ATTR_DEPRECATED(("by TypedData"))
      |     ^
/opt/homebrew/Cellar/ruby/4.0.3/include/ruby-4.0.0/ruby/internal/attr/deprecated.h:36:53: note: expanded from macro 'RBIMPL_ATTR_DEPRECATED'
   36 | # define RBIMPL_ATTR_DEPRECATED(msg) __attribute__((__deprecated__ msg))
      |                                                     ^
xml_relax_ng.c:168:15: warning: 'rb_data_object_wrap_warning' is deprecated: by TypedData [-Wdeprecated-declarations]
  168 |   rb_schema = Data_Wrap_Struct(klass, 0, dealloc, schema);
      |               ^
/opt/homebrew/Cellar/ruby/4.0.3/include/ruby-4.0.0/ruby/internal/core/rdata.h:202:5: note: expanded from macro 'Data_Wrap_Struct'
  202 |     rb_data_object_wrap(                          \
      |     ^
/opt/homebrew/Cellar/ruby/4.0.3/include/ruby-4.0.0/ruby/internal/core/rdata.h:366:31: note: expanded from macro 'rb_data_object_wrap'
  366 | #define rb_data_object_wrap   RUBY_MACRO_SELECT(rb_data_object_wrap_2, RUBY_UNTYPED_DATA_WARNING)
      |                               ^
/opt/homebrew/Cellar/ruby/4.0.3/include/ruby-4.0.0/ruby/internal/core/rdata.h:50:35: note: expanded from macro 'RUBY_MACRO_SELECT'
   50 | #define RUBY_MACRO_SELECT(x, y)   RBIMPL_MACRO_SELECT(x, y)
      |                                   ^
/opt/homebrew/Cellar/ruby/4.0.3/include/ruby-4.0.0/ruby/internal/core/rdata.h:49:35: note: expanded from macro 'RBIMPL_MACRO_SELECT'
   49 | #define RBIMPL_MACRO_SELECT(x, y) x ## y
      |                                   ^
<scratch space>:180:1: note: expanded from here
  180 | rb_data_object_wrap_1
      | ^
/opt/homebrew/Cellar/ruby/4.0.3/include/ruby-4.0.0/ruby/internal/core/rdata.h:364:31: note: expanded from macro 'rb_data_object_wrap_1'
  364 | #define rb_data_object_wrap_1 rb_data_object_wrap_warning
      |                               ^
/opt/homebrew/Cellar/ruby/4.0.3/include/ruby-4.0.0/ruby/internal/core/rdata.h:280:1: note: 'rb_data_object_wrap_warning' has been explicitly marked deprecated here
  280 | RBIMPL_ATTRSET_UNTYPED_DATA_FUNC()
      | ^
/opt/homebrew/Cellar/ruby/4.0.3/include/ruby-4.0.0/ruby/internal/core/rdata.h:47:5: note: expanded from macro 'RBIMPL_ATTRSET_UNTYPED_DATA_FUNC'
   47 |     RBIMPL_ATTR_DEPRECATED(("by TypedData"))
      |     ^
/opt/homebrew/Cellar/ruby/4.0.3/include/ruby-4.0.0/ruby/internal/attr/deprecated.h:36:53: note: expanded from macro 'RBIMPL_ATTR_DEPRECATED'
   36 | # define RBIMPL_ATTR_DEPRECATED(msg) __attribute__((__deprecated__ msg))
      |                                                     ^
et    RUBY_MACRO_SELEDCT(rEbP_RdEaCtAaT_EoDb(j(e"cbty_ gTeytp_e2d,D aRtUaB"Y)_)U
N      T| Y    ^P
ED_DATA_WARNING)
      |                               ^
/opt/homebrew/Cellar/ruby/4.0.3/include/ruby-4.0.0/ruby/internal/attr/deprecated.h:/opt/homebrew/Cellar/ruby/4.0.3/include/ruby-4.0.0/ruby/internal/core/rdata.h36::5053::35 :note:  expanded from macro 'RBIMPL_ATTR_DEPRECATED'note: 
expanded from macro 'RUBY_MACRO_SELECT'
      5036 |  | ##d edfeifnien eR URBBYI_MMPALC_RAOT_TSRE_LDEECPTR(ExC,A TyE)D ( m sRgB)I M_P_La_tMtArCiRbOu_tSeE_L_E(C(T_(_xd,e pyr)e
c      a| t                                  ^e
d__ msg))
      |                                                     ^
/opt/homebrew/Cellar/ruby/4.0.3/include/ruby-4.0.0/ruby/internal/core/rdata.h:49:35: note: expanded from macro 'RBIMPL_MACRO_SELECT'
   49 | #define RBIMPL_MACRO_SELECT(x, y) x ## y
      |                                   ^
<scratch space>:195:1: note: expanded from here
  195 | rb_data_object_get_1
      | ^
/opt/homebrew/Cellar/ruby/4.0.3/include/ruby-4.0.0/ruby/internal/core/rdata.h:368:31: note: expanded from macro 'rb_data_object_get_1'
  368 | #define rb_data_object_get_1  rb_data_object_get_warning
      |                               ^
/opt/homebrew/Cellar/ruby/4.0.3/include/ruby-4.0.0/ruby/internal/core/rdata.h:317:1: note: 'rb_data_object_get_warning' has been explicitly marked deprecated here
  317 | RBIMPL_ATTRSET_UNTYPED_DATA_FUNC()
      | ^
/opt/homebrew/Cellar/ruby/4.0.3/include/ruby-4.0.0/ruby/internal/core/rdata.h:47:5: note: expanded from macro 'RBIMPL_ATTRSET_UNTYPED_DATA_FUNC'
   47 |     RBIMPL_ATTR_DEPRECATED(("by TypedData"))
      |     ^
/opt/homebrew/Cellar/ruby/4.0.3/include/ruby-4.0.0/ruby/internal/attr/deprecated.h:36:53: note: expanded from macro 'RBIMPL_ATTR_DEPRECATED'
   36 | # define RBIMPL_ATTR_DEPRECATED(msg) __attribute__((__deprecated__ msg))
      |                                                     ^
xml_reader.c:513:3: warning: 'rb_data_object_get_warning' is deprecated: by TypedData [-Wdeprecated-declarations]
  513 |   Data_Get_Struct(self, xmlTextReader, reader);
      |   ^
/opt/homebrew/Cellar/ruby/4.0.3/include/ruby-4.0.0/ruby/internal/core/rdata.h:278:34: note: expanded from macro 'Data_Get_Struct'
  278 |     ((sval) = RBIMPL_CAST((type*)rb_data_object_get(obj)))
      |                                  ^
/opt/homebrew/Cellar/ruby/4.0.3/include/ruby-4.0.0/ruby/internal/core/rdata.h:370:31: note: expanded from macro 'rb_data_object_get'
  370 | #define rb_data_object_get    RUBY_MACRO_SELECT(rb_data_object_get_2, RUBY_UNTYPED_DATA_WARNING)
      |                               ^
/opt/homebrew/Cellar/ruby/4.0.3/include/ruby-4.0.0/ruby/internal/core/rdata.h:50:35: note: expanded from macro 'RUBY_MACRO_SELECT'
   50 | #define RUBY_MACRO_SELECT(x, y)   RBIMPL_MACRO_SELECT(x, y)
      |                                   ^
/opt/homebrew/Cellar/ruby/4.0.3/include/ruby-4.0.0/ruby/internal/core/rdata.h:49:35: note: expanded from macro 'RBIMPL_MACRO_SELECT'
   49 | #define RBIMPL_MACRO_SELECT(x, y) x ## y
      |                                   ^
<scratch space>:196:1: note: expanded from here
  196 | rb_data_object_get_1
      | ^
/opt/homebrew/Cellar/ruby/4.0.3/include/ruby-4.0.0/ruby/internal/core/rdata.h:368:31: note: expanded from macro 'rb_data_object_get_1'
  368 | #define rb_data_object_get_1  rb_data_object_get_warning
      |                               ^
/opt/homebrew/Cellar/ruby/4.0.3/include/ruby-4.0.0/ruby/internal/core/rdata.h:317:1: note: 'rb_data_object_get_warning' has been explicitly marked deprecated here
  317 | RBIMPL_ATTRSET_UNTYPED_DATA_FUNC()
      | ^
/opt/homebrew/Cellar/ruby/4.0.3/include/ruby-4.0.0/ruby/internal/core/rdata.h:47:5: note: expanded from macro 'RBIMPL_ATTRSET_UNTYPED_DATA_FUNC'
   47 |     RBIMPL_ATTR_DEPRECATED(("by TypedData"))
      |     ^
/opt/homebrew/Cellar/ruby/4.0.3/include/ruby-4.0.0/ruby/internal/attr/deprecated.h:36:53: note: expanded from macro 'RBIMPL_ATTR_DEPRECATED'
   36 | # define RBIMPL_ATTR_DEPRECATED(msg) __attribute__((__deprecated__ msg))
      |                                                     ^
xml_reader.c:540:3: warning: 'rb_data_object_get_warning' is deprecated: by TypedData [-Wdeprecated-declarations]
  540 |   Data_Get_Struct(self, xmlTextReader, reader);
      |   ^
/opt/homebrew/Cellar/ruby/4.0.3/include/ruby-4.0.0/ruby/internal/core/rdata.h:278:34: note: expanded from macro 'Data_Get_Struct'
  278 |     ((sval) = RBIMPL_CAST((type*)rb_data_object_get(obj)))
      |                                  ^
/opt/homebrew/Cellar/ruby/4.0.3/include/ruby-4.0.0/ruby/internal/core/rdata.h:370:31: note: expanded from macro 'rb_data_object_get'
  370 | #define rb_data_object_get    RUBY_MACRO_SELECT(rb_data_object_get_2, RUBY_UNTYPED_DATA_WARNING)
      |                               ^
/opt/homebrew/Cellar/ruby/4.0.3/include/ruby-4.0.0/ruby/internal/core/rdata.h:50:35: note: expanded from macro 'RUBY_MACRO_SELECT'
   50 | #define RUBY_MACRO_SELECT(x, y)   RBIMPL_MACRO_SELECT(x, y)
      |                                   ^
/opt/homebrew/Cellar/ruby/4.0.3/include/ruby-4.0.0/ruby/internal/core/rdata.h:49:35: note: expanded from macro 'RBIMPL_MACRO_SELECT'
   49 | #define RBIMPL_MACRO_SELECT(x, y) x ## y
      |                                   ^
<scratch space>:197:1: note: expanded from here
  197 | rb_data_object_get_1
      | ^
/opt/homebrew/Cellar/ruby/4.0.3/include/ruby-4.0.0/ruby/internal/core/rdata.h:368:31: note: expanded from macro 'rb_data_object_get_1'
  368 | #define rb_data_object_get_1  rb_data_object_get_warning
      |                               ^
/opt/homebrew/Cellar/ruby/4.0.3/include/ruby-4.0.0/ruby/internal/core/rdata.h:317:1: note: 'rb_data_object_get_warning' has been explicitly marked deprecated here
  317 | RBIMPL_ATTRSET_UNTYPED_DATA_FUNC()
      | ^
/opt/homebrew/Cellar/ruby/4.0.3/include/ruby-4.0.0/ruby/internal/core/rdata.h:47:5: note: expanded from macro 'RBIMPL_ATTRSET_UNTYPED_DATA_FUNC'
   47 |     RBIMPL_ATTR_DEPRECATED(("by TypedData"))
      |     ^
/opt/homebrew/Cellar/ruby/4.0.3/include/ruby-4.0.0/ruby/internal/attr/deprecated.h:36:53: note: expanded from macro 'RBIMPL_ATTR_DEPRECATED'
   36 | # define RBIMPL_ATTR_DEPRECATED(msg) __attribute__((__deprecated__ msg))
      |                                                     ^
xml_reader.c:587:15: warning: 'rb_data_object_wrap_warning' is deprecated: by TypedData [-Wdeprecated-declarations]
  587 |   rb_reader = Data_Wrap_Struct(klass, NULL, dealloc, reader);
      |               ^
/opt/homebrew/Cellar/ruby/4.0.3/include/ruby-4.0.0/ruby/internal/core/rdata.h:202:5: note: expanded from macro 'Data_Wrap_Struct'
  202 |     rb_data_object_wrap(                          \
      |     ^
/opt/homebrew/Cellar/ruby/4.0.3/include/ruby-4.0.0/ruby/internal/core/rdata.h:366:31: note: expanded from macro 'rb_data_object_wrap'
  366 | #define rb_data_object_wrap   RUBY_MACRO_SELECT(rb_data_object_wrap_2, RUBY_UNTYPED_DATA_WARNING)
      |                               ^
/opt/homebrew/Cellar/ruby/4.0.3/include/ruby-4.0.0/ruby/internal/core/rdata.h:50:35: note: expanded from macro 'RUBY_MACRO_SELECT'
   50 | #define RUBY_MACRO_SELECT(x, y)   RBIMPL_MACRO_SELECT(x, y)
      |                                   ^
/opt/homebrew/Cellar/ruby/4.0.3/include/ruby-4.0.0/ruby/internal/core/rdata.h:49:35: note: expanded from macro 'RBIMPL_MACRO_SELECT'
   49 | #define RBIMPL_MACRO_SELECT(x, y) x ## y
      |                                   ^
<scratch space>:198:1: note: expanded from here
  198 | rb_data_object_wrap_1
      | ^
/opt/homebrew/Cellar/ruby/4.0.3/include/ruby-4.0.0/ruby/internal/core/rdata.h:364:31: note: expanded from macro 'rb_data_object_wrap_1'
  364 | #define rb_data_object_wrap_1 rb_data_object_wrap_warning
      |                               ^
/opt/homebrew/Cellar/ruby/4.0.3/include/ruby-4.0.0/ruby/internal/core/rdata.h:280:1: note: 'rb_data_object_wrap_warning' has been explicitly marked deprecated here
  280 | RBIMPL_ATTRSET_UNTYPED_DATA_FUNC()
      | ^
/opt/homebrew/Cellar/ruby/4.0.3/include/ruby-4.0.0/ruby/internal/core/rdata.h:47:5: note: expanded from macro 'RBIMPL_ATTRSET_UNTYPED_DATA_FUNC'
   47 |     RBIMPL_ATTR_DEPRECATED(("by TypedData"))
      |     ^
/opt/homebrew/Cellar/ruby/4.0.3/include/ruby-4.0.0/ruby/internal/attr/deprecated.h:36:53: note: expanded from macro 'RBIMPL_ATTR_DEPRECATED'
   36 | # define RBIMPL_ATTR_DEPRECATED(msg) __attribute__((__deprecated__ msg))
      |                                                     ^
xml_reader.c:633:15: warning: 'rb_data_object_wrap_warning' is deprecated: by TypedData [-Wdeprecated-declarations]
  633 |   rb_reader = Data_Wrap_Struct(klass, NULL, dealloc, reader);
      |               ^
/opt/homebrew/Cellar/ruby/4.0.3/include/ruby-4.0.0/ruby/internal/core/rdata.h:202:5: note: expanded from macro 'Data_Wrap_Struct'
  202 |     rb_data_object_wrap(                          \
      |     ^
/opt/homebrew/Cellar/ruby/4.0.3/include/ruby-4.0.0/ruby/internal/core/rdata.h:366:31: note: expanded from macro 'rb_data_object_wrap'
  366 | #define rb_data_object_wrap   RUBY_MACRO_SELECT(rb_data_object_wrap_2, RUBY_UNTYPED_DATA_WARNING)
      |                               ^
/opt/homebrew/Cellar/ruby/4.0.3/include/ruby-4.0.0/ruby/internal/core/rdata.h:50:35: note: expanded from macro 'RUBY_MACRO_SELECT'
   50 | #define RUBY_MACRO_SELECT(x, y)   RBIMPL_MACRO_SELECT(x, y)
      |                                   ^
/opt/homebrew/Cellar/ruby/4.0.3/include/ruby-4.0.0/ruby/internal/core/rdata.h:49:35: note: expanded from macro 'RBIMPL_MACRO_SELECT'
   49 | #define RBIMPL_MACRO_SELECT(x, y) x ## y
      |                                   ^
<scratch space>:199:1: note: expanded from here
  199 | rb_data_object_wrap_1
      | ^
/opt/homebrew/Cellar/ruby/4.0.3/include/ruby-4.0.0/ruby/internal/core/rdata.h:364:31: note: expanded from macro 'rb_data_object_wrap_1'
  364 | #define rb_data_object_wrap_1 rb_data_object_wrap_warning
      |                               ^
/opt/homebrew/Cellar/ruby/4.0.3/include/ruby-4.0.0/ruby/internal/core/rdata.h:280:1: note: 'rb_data_object_wrap_warning' has been explicitly marked deprecated here
  280 | RBIMPL_ATTRSET_UNTYPED_DATA_FUNC()
      | ^
/opt/homebrew/Cellar/ruby/4.0.3/include/ruby-4.0.0/ruby/internal/core/rdata.h:47:5: note: expanded from macro 'RBIMPL_ATTRSET_UNTYPED_DATA_FUNC'
   47 |     RBIMPL_ATTR_DEPRECATED(("by TypedData"))
      |     ^
/opt/homebrew/Cellar/ruby/4.0.3/include/ruby-4.0.0/ruby/internal/attr/deprecated.h:36:53: note: expanded from macro 'RBIMPL_ATTR_DEPRECATED'
   36 | # define RBIMPL_ATTR_DEPRECATED(msg) __attribute__((__deprecated__ msg))
      |                                                     ^
xml_reader.c:653:3: warning: 'rb_data_object_get_warning' is deprecated: by TypedData [-Wdeprecated-declarations]
  653 |   Data_Get_Struct(self, xmlTextReader, reader);
      |   ^
/opt/homebrew/Cellar/ruby/4.0.3/include/ruby-4.0.0/ruby/internal/core/rdata.h:278:34: note: expanded from macro 'Data_Get_Struct'
  278 |     ((sval) = RBIMPL_CAST((type*)rb_data_object_get(obj)))
      |                                  ^
/opt/homebrew/Cellar/ruby/4.0.3/include/ruby-4.0.0/ruby/internal/core/rdata.h:370:31: note: expanded from macro 'rb_data_object_get'
  370 | #define rb_data_object_get    RUBY_MACRO_SELECT(rb_data_object_get_2, RUBY_UNTYPED_DATA_WARNING)
      |                               ^
/opt/homebrew/Cellar/ruby/4.0.3/include/ruby-4.0.0/ruby/internal/core/rdata.h:50:35: note: expanded from macro 'RUBY_MACRO_SELECT'
   50 | #define RUBY_MACRO_SELECT(x, y)   RBIMPL_MACRO_SELECT(x, y)
      |                                   ^
/opt/homebrew/Cellar/ruby/4.0.3/include/ruby-4.0.0/ruby/internal/core/rdata.h:49:35: note: expanded from macro 'RBIMPL_MACRO_SELECT'
   49 | #define RBIMPL_MACRO_SELECT(x, y) x ## y
      |                                   ^
<scratch space>:200:1: note: expanded from here
  200 | rb_data_object_get_1
      | ^
/opt/homebrew/Cellar/ruby/4.0.3/include/ruby-4.0.0/ruby/internal/core/rdata.h:368:31: note: expanded from macro 'rb_data_object_get_1'
  368 | #define rb_data_object_get_1  rb_data_object_get_warning
      |                               ^
/opt/homebrew/Cellar/ruby/4.0.3/include/ruby-4.0.0/ruby/internal/core/rdata.h:317:1: note: 'rb_data_object_get_warning' has been explicitly marked deprecated here
  317 | RBIMPL_ATTRSET_UNTYPED_DATA_FUNC()
      | ^
/opt/homebrew/Cellar/ruby/4.0.3/include/ruby-4.0.0/ruby/internal/core/rdata.h:47:5: note: expanded from macro 'RBIMPL_ATTRSET_UNTYPED_DATA_FUNC'
   47 |     RBIMPL_ATTR_DEPRECATED(("by TypedData"))
      |     ^
/opt/homebrew/Cellar/ruby/4.0.3/include/ruby-4.0.0/ruby/internal/attr/deprecated.h:36:53: note: expanded from macro 'RBIMPL_ATTR_DEPRECATED'
   36 | # define RBIMPL_ATTR_DEPRECATED(msg) __attribute__((__deprecated__ msg))
      |                                                     ^
xml_reader.c:674:3: warning: 'rb_data_object_get_warning' is deprecated: by TypedData [-Wdeprecated-declarations]
  674 |   Data_Get_Struct(rb_reader, xmlTextReader, c_reader);
      |   ^
/opt/homebrew/Cellar/ruby/4.0.3/include/ruby-4.0.0/ruby/internal/core/rdata.h:278:34: note: expanded from macro 'Data_Get_Struct'
  278 |     ((sval) = RBIMPL_CAST((type*)rb_data_object_get(obj)))
      |                                  ^
/opt/homebrew/Cellar/ruby/4.0.3/include/ruby-4.0.0/ruby/internal/core/rdata.h:370:31: note: expanded from macro 'rb_data_object_get'
  370 | #define rb_data_object_get    RUBY_MACRO_SELECT(rb_data_object_get_2, RUBY_UNTYPED_DATA_WARNING)
      |                               ^
/opt/homebrew/Cellar/ruby/4.0.3/include/ruby-4.0.0/ruby/internal/core/rdata.h:50:35: note: expanded from macro 'RUBY_MACRO_SELECT'
   50 | #define RUBY_MACRO_SELECT(x, y)   RBIMPL_MACRO_SELECT(x, y)
      |                                   ^
/opt/homebrew/Cellar/ruby/4.0.3/include/ruby-4.0.0/ruby/internal/core/rdata.h:49:35: note: expanded from macro 'RBIMPL_MACRO_SELECT'
   49 | #define RBIMPL_MACRO_SELECT(x, y) x ## y
      |                                   ^
<scratch space>:201:1: note: expanded from here
  201 | rb_data_object_get_1
      | ^
/opt/homebrew/Cellar/ruby/4.0.3/include/ruby-4.0.0/ruby/internal/core/rdata.h:368:31: note: expanded from macro 'rb_data_object_get_1'
  368 | #define rb_data_object_get_1  rb_data_object_get_warning
      |                               ^
/opt/homebrew/Cellar/ruby/4.0.3/include/ruby-4.0.0/ruby/internal/core/rdata.h:317:1: note: 'rb_data_object_get_warning' has been explicitly marked deprecated here
  317 | RBIMPL_ATTRSET_UNTYPED_DATA_FUNC()
      | ^
/opt/homebrew/Cellar/ruby/4.0.3/include/ruby-4.0.0/ruby/internal/core/rdata.h:47:5: note: expanded from macro 'RBIMPL_ATTRSET_UNTYPED_DATA_FUNC'
   47 |     RBIMPL_ATTR_DEPRECATED(("by TypedData"))
      |     ^
/opt/homebrew/Cellar/ruby/4.0.3/include/ruby-4.0.0/ruby/internal/attr/deprecated.h:36:53: note: expanded from macro 'RBIMPL_ATTR_DEPRECATED'
   36 | # define RBIMPL_ATTR_DEPRECATED(msg) __attribute__((__deprecated__ msg))
      |                                                     ^
1 warning generated.
5 warnings generated.
compiling xml_syntax_error.c
xml_sax_parser.c:287:10: warning: 'rb_data_object_wrap_warning' is deprecated: by TypedData [-Wdeprecated-declarations]
  287 |   return Data_Wrap_Struct(klass, NULL, deallocate, handler);
      |          ^
/opt/homebrew/Cellar/ruby/4.0.3/include/ruby-4.0.0/ruby/internal/core/rdata.h:202:5: note: expanded from macro 'Data_Wrap_Struct'
  202 |     rb_data_object_wrap(                          \
      |     ^
/opt/homebrew/Cellar/ruby/4.0.3/include/ruby-4.0.0/ruby/internal/core/rdata.h:366:31: note: expanded from macro 'rb_data_object_wrap'
  366 | #define rb_data_object_wrap   RUBY_MACRO_SELECT(rb_data_object_wrap_2, RUBY_UNTYPED_DATA_WARNING)
      |                               ^
/opt/homebrew/Cellar/ruby/4.0.3/include/ruby-4.0.0/ruby/internal/core/rdata.h:50:35: note: expanded from macro 'RUBY_MACRO_SELECT'
   50 | #define RUBY_MACRO_SELECT(x, y)   RBIMPL_MACRO_SELECT(x, y)
      |                                   ^
/opt/homebrew/Cellar/ruby/4.0.3/include/ruby-4.0.0/ruby/internal/core/rdata.h:49:35: note: expanded from macro 'RBIMPL_MACRO_SELECT'
   49 | #define RBIMPL_MACRO_SELECT(x, y) x ## y
      |                                   ^
<scratch space>:176:1: note: expanded from here
  176 | rb_data_object_wrap_1
      | ^
/opt/homebrew/Cellar/ruby/4.0.3/include/ruby-4.0.0/ruby/internal/core/rdata.h:364:31: note: expanded from macro 'rb_data_object_wrap_1'
  364 | #define rb_data_object_wrap_1 rb_data_object_wrap_warning
      |                               ^
/opt/homebrew/Cellar/ruby/4.0.3/include/ruby-4.0.0/ruby/internal/core/rdata.h:280:1: note: 'rb_data_object_wrap_warning' has been explicitly marked deprecated here
  280 | RBIMPL_ATTRSET_UNTYPED_DATA_FUNC()
      | ^
/opt/homebrew/Cellar/ruby/4.0.3/include/ruby-4.0.0/ruby/internal/core/rdata.h:47:5: note: expanded from macro 'RBIMPL_ATTRSET_UNTYPED_DATA_FUNC'
   47 |     RBIMPL_ATTR_DEPRECATED(("by TypedData"))
      |     ^
/opt/homebrew/Cellar/ruby/4.0.3/include/ruby-4.0.0/ruby/internal/attr/deprecated.h:36:53: note: expanded from macro 'RBIMPL_ATTR_DEPRECATED'
   36 | # define RBIMPL_ATTR_DEPRECATED(msg) __attribute__((__deprecated__ msg))
      |                                                     ^
compiling xml_text.c
xml_schema.c:27:3: warning: 'rb_data_object_get_warning' is deprecated: by TypedData [-Wdeprecated-declarations]
   27 |   Data_Get_Struct(self, xmlSchema, schema);
      |   ^
/opt/homebrew/Cellar/ruby/4.0.3/include/ruby-4.0.0/ruby/internal/core/rdata.h:278:34: note: expanded from macro 'Data_Get_Struct'
  278 |     ((sval) = RBIMPL_CAST((type*)rb_data_object_get(obj)))
      |                                  ^
/opt/homebrew/Cellar/ruby/4.0.3/include/ruby-4.0.0/ruby/internal/core/rdata.h:370:31: note: expanded from macro 'rb_data_object_get'
  370 | #define rb_data_object_get    RUBY_MACRO_SELECT(rb_data_object_get_2, RUBY_UNTYPED_DATA_WARNING)
      |                               ^
/opt/homebrew/Cellar/ruby/4.0.3/include/ruby-4.0.0/ruby/internal/core/rdata.h:50:35: note: expanded from macro 'RUBY_MACRO_SELECT'
   50 | #define RUBY_MACRO_SELECT(x, y)   RBIMPL_MACRO_SELECT(x, y)
      |                                   ^
/opt/homebrew/Cellar/ruby/4.0.3/include/ruby-4.0.0/ruby/internal/core/rdata.h:49:35: note: expanded from macro 'RBIMPL_MACRO_SELECT'
   49 | #define RBIMPL_MACRO_SELECT(x, y) x ## y
      |                                   ^
<scratch space>:176:1: note: expanded from here
  176 | rb_data_object_get_1
      | ^
/opt/homebrew/Cellar/ruby/4.0.3/include/ruby-4.0.0/ruby/internal/core/rdata.h:368:31: note: expanded from macro 'rb_data_object_get_1'
  368 | #define rb_data_object_get_1  rb_data_object_get_warning
      |                               ^
/opt/homebrew/Cellar/ruby/4.0.3/include/ruby-4.0.0/ruby/internal/core/rdata.h:317:1: note: 'rb_data_object_get_warning' has been explicitly marked deprecated here
  317 | RBIMPL_ATTRSET_UNTYPED_DATA_FUNC()
      | ^
/opt/homebrew/Cellar/ruby/4.0.3/include/ruby-4.0.0/ruby/internal/core/rdata.h:47:5: note: expanded from macro 'RBIMPL_ATTRSET_UNTYPED_DATA_FUNC'
   47 |     RBIMPL_ATTR_DEPRECATED(("by TypedData"))
      |     ^
/opt/homebrew/Cellar/ruby/4.0.3/include/ruby-4.0.0/ruby/internal/attr/deprecated.h:36:53: note: expanded from macro 'RBIMPL_ATTR_DEPRECATED'
   36 | # define RBIMPL_ATTR_DEPRECATED(msg) __attribute__((__deprecated__ msg))
      |                                                     ^
xml_schema.c:28:3: warning: 'rb_data_object_get_warning' is deprecated: by TypedData [-Wdeprecated-declarations]
   28 |   Data_Get_Struct(document, xmlDoc, doc);
      |   ^
/opt/homebrew/Cellar/ruby/4.0.3/include/ruby-4.0.0/ruby/internal/core/rdata.h:278:34: note: expanded from macro 'Data_Get_Struct'
  278 |     ((sval) = RBIMPL_CAST((type*)rb_data_object_get(obj)))
      |                                  ^
/opt/homebrew/Cellar/ruby/4.0.3/include/ruby-4.0.0/ruby/internal/core/rdata.h:370:31: note: expanded from macro 'rb_data_object_get'
  370 | #define rb_data_object_get    RUBY_MACRO_SELECT(rb_data_object_get_2, RUBY_UNTYPED_DATA_WARNING)
      |                               ^
/opt/homebrew/Cellar/ruby/4.0.3/include/ruby-4.0.0/ruby/internal/core/rdata.h:50:35: note: expanded from macro 'RUBY_MACRO_SELECT'
   50 | #define RUBY_MACRO_SELECT(x, y)   RBIMPL_MACRO_SELECT(x, y)
      |                                   ^
/opt/homebrew/Cellar/ruby/4.0.3/include/ruby-4.0.0/ruby/internal/core/rdata.h:49:35: note: expanded from macro 'RBIMPL_MACRO_SELECT'
   49 | #define RBIMPL_MACRO_SELECT(x, y) x ## y
      |                                   ^
<scratch space>:177:1: note: expanded from here
  177 | rb_data_object_get_1
      | ^
/opt/homebrew/Cellar/ruby/4.0.3/include/ruby-4.0.0/ruby/internal/core/rdata.h:368:31: note: expanded from macro 'rb_data_object_get_1'
  368 | #define rb_data_object_get_1  rb_data_object_get_warning
      |                               ^
/opt/homebrew/Cellar/ruby/4.0.3/include/ruby-4.0.0/ruby/internal/core/rdata.h:317:1: note: 'rb_data_object_get_warning' has been explicitly marked deprecated here
  317 | RBIMPL_ATTRSET_UNTYPED_DATA_FUNC()
      | ^
/opt/homebrew/Cellar/ruby/4.0.3/include/ruby-4.0.0/ruby/internal/core/rdata.h:47:5: note: expanded from macro 'RBIMPL_ATTRSET_UNTYPED_DATA_FUNC'
   47 |     RBIMPL_ATTR_DEPRECATED(("by TypedData"))
      |     ^
/opt/homebrew/Cellar/ruby/4.0.3/include/ruby-4.0.0/ruby/internal/attr/deprecated.h:36:53: note: expanded from macro 'RBIMPL_ATTR_DEPRECATED'
   36 | # define RBIMPL_ATTR_DEPRECATED(msg) __attribute__((__deprecated__ msg))
      |                                                     ^
xml_schema.c:68:3: warning: 'rb_data_object_get_warning' is deprecated: by TypedData [-Wdeprecated-declarations]
   68 |   Data_Get_Struct(self, xmlSchema, schema);
      |   ^
/opt/homebrew/Cellar/ruby/4.0.3/include/ruby-4.0.0/ruby/internal/core/rdata.h:278:34: note: expanded from macro 'Data_Get_Struct'
  278 |     ((sval) = RBIMPL_CAST((type*)rb_data_object_get(obj)))
      |                                  ^
/opt/homebrew/Cellar/ruby/4.0.3/include/ruby-4.0.0/ruby/internal/core/rdata.h:370:31: note: expanded from macro 'rb_data_object_get'
  370 | #define rb_data_object_get    RUBY_MACRO_SELECT(rb_data_object_get_2, RUBY_UNTYPED_DATA_WARNING)
      |                               ^
/opt/homebrew/Cellar/ruby/4.0.3/include/ruby-4.0.0/ruby/internal/core/rdata.h:50:35: note: expanded from macro 'RUBY_MACRO_SELECT'
   50 | #define RUBY_MACRO_SELECT(x, y)   RBIMPL_MACRO_SELECT(x, y)
      |                                   ^
/opt/homebrew/Cellar/ruby/4.0.3/include/ruby-4.0.0/ruby/internal/core/rdata.h:49:35: note: expanded from macro 'RBIMPL_MACRO_SELECT'
   49 | #define RBIMPL_MACRO_SELECT(x, y) x ## y
      |                                   ^
<scratch space>:178:1: note: expanded from here
  178 | rb_data_object_get_1
      | ^
/opt/homebrew/Cellar/ruby/4.0.3/include/ruby-4.0.0/ruby/internal/core/rdata.h:368:31: note: expanded from macro 'rb_data_object_get_1'
  368 | #define rb_data_object_get_1  rb_data_object_get_warning
      |                               ^
/opt/homebrew/Cellar/ruby/4.0.3/include/ruby-4.0.0/ruby/internal/core/rdata.h:317:1: note: 'rb_data_object_get_warning' has been explicitly marked deprecated here
  317 | RBIMPL_ATTRSET_UNTYPED_DATA_FUNC()
      | ^
/opt/homebrew/Cellar/ruby/4.0.3/include/ruby-4.0.0/ruby/internal/core/rdata.h:47:5: note: expanded from macro 'RBIMPL_ATTRSET_UNTYPED_DATA_FUNC'
   47 |     RBIMPL_ATTR_DEPRECATED(("by TypedData"))
      |     ^
/opt/homebrew/Cellar/ruby/4.0.3/include/ruby-4.0.0/ruby/internal/attr/deprecated.h:36:53: note: expanded from macro 'RBIMPL_ATTR_DEPRECATED'
   36 | # define RBIMPL_ATTR_DEPRECATED(msg) __attribute__((__deprecated__ msg))
      |                                                     ^
xml_schema.c:158:15: warning: 'rb_data_object_wrap_warning' is deprecated: by TypedData [-Wdeprecated-declarations]
  158 |   rb_schema = Data_Wrap_Struct(klass, 0, dealloc, schema);
      |               ^
/opt/homebrew/Cellar/ruby/4.0.3/include/ruby-4.0.0/ruby/internal/core/rdata.h:202:5: note: expanded from macro 'Data_Wrap_Struct'
  202 |     rb_data_object_wrap(                          \
      |     ^
/opt/homebrew/Cellar/ruby/4.0.3/include/ruby-4.0.0/ruby/internal/core/rdata.h:366:31: note: expanded from macro 'rb_data_object_wrap'
  366 | #define rb_data_object_wrap   RUBY_MACRO_SELECT(rb_data_object_wrap_2, RUBY_UNTYPED_DATA_WARNING)
      |                               ^
/opt/homebrew/Cellar/ruby/4.0.3/include/ruby-4.0.0/ruby/internal/core/rdata.h:50:35: note: expanded from macro 'RUBY_MACRO_SELECT'
   50 | #define RUBY_MACRO_SELECT(x, y)   RBIMPL_MACRO_SELECT(x, y)
      |                                   ^
/opt/homebrew/Cellar/ruby/4.0.3/include/ruby-4.0.0/ruby/internal/core/rdata.h:49:35: note: expanded from macro 'RBIMPL_MACRO_SELECT'
   49 | #define RBIMPL_MACRO_SELECT(x, y) x ## y
      |                                   ^
<scratch space>:179:1: note: expanded from here
  179 | rb_data_object_wrap_1
      | ^
/opt/homebrew/Cellar/ruby/4.0.3/include/ruby-4.0.0/ruby/internal/core/rdata.h:364:31: note: expanded from macro 'rb_data_object_wrap_1'
  364 | #define rb_data_object_wrap_1 rb_data_object_wrap_warning
      |                               ^
/opt/homebrew/Cellar/ruby/4.0.3/include/ruby-4.0.0/ruby/internal/core/rdata.h:280:1: note: 'rb_data_object_wrap_warning' has been explicitly marked deprecated here
  280 | RBIMPL_ATTRSET_UNTYPED_DATA_FUNC()
      | ^
/opt/homebrew/Cellar/ruby/4.0.3/include/ruby-4.0.0/ruby/internal/core/rdata.h:47:5: note: expanded from macro 'RBIMPL_ATTRSET_UNTYPED_DATA_FUNC'
   47 |     RBIMPL_ATTR_DEPRECATED(("by TypedData"))
      |     ^
/opt/homebrew/Cellar/ruby/4.0.3/include/ruby-4.0.0/ruby/internal/attr/deprecated.h:36:53: note: expanded from macro 'RBIMPL_ATTR_DEPRECATED'
   36 | # define RBIMPL_ATTR_DEPRECATED(msg) __attribute__((__deprecated__ msg))
      |                                                     ^
xml_schema.c:182:5: warning: 'rb_data_object_get_warning' is deprecated: by TypedData [-Wdeprecated-declarations]
  182 |     Data_Get_Struct(element, xmlNode, node);
      |     ^
/opt/homebrew/Cellar/ruby/4.0.3/include/ruby-4.0.0/ruby/internal/core/rdata.h:278:34: note: expanded from macro 'Data_Get_Struct'
  278 |     ((sval) = RBIMPL_CAST((type*)rb_data_object_get(obj)))
      |                                  ^
/opt/homebrew/Cellar/ruby/4.0.3/include/ruby-4.0.0/ruby/internal/core/rdata.h:370:31: note: expanded from macro 'rb_data_object_get'
  370 | #define rb_data_object_get    RUBY_MACRO_SELECT(rb_data_object_get_2, RUBY_UNTYPED_DATA_WARNING)
      |                               ^
/opt/homebrew/Cellar/ruby/4.0.3/include/ruby-4.0.0/ruby/internal/core/rdata.h:50:35: note: expanded from macro 'RUBY_MACRO_SELECT'
   50 | #define RUBY_MACRO_SELECT(x, y)   RBIMPL_MACRO_SELECT(x, y)
      |                                   ^
/opt/homebrew/Cellar/ruby/4.0.3/include/ruby-4.0.0/ruby/internal/core/rdata.h:49:35: note: expanded from macro 'RBIMPL_MACRO_SELECT'
   49 | #define RBIMPL_MACRO_SELECT(x, y) x ## y
      |                                   ^
<scratch space>:180:1: note: expanded from here
  180 | rb_data_object_get_1
      | ^
/opt/homebrew/Cellar/ruby/4.0.3/include/ruby-4.0.0/ruby/internal/core/rdata.h:368:31: note: expanded from macro 'rb_data_object_get_1'
  368 | #define rb_data_object_get_1  rb_data_object_get_warning
      |                               ^
/opt/homebrew/Cellar/ruby/4.0.3/include/ruby-4.0.0/ruby/internal/core/rdata.h:317:1: note: 'rb_data_object_get_warning' has been explicitly marked deprecated here
  317 | RBIMPL_ATTRSET_UNTYPED_DATA_FUNC()
      | ^
/opt/homebrew/Cellar/ruby/4.0.3/include/ruby-4.0.0/ruby/internal/core/rdata.h:47:5: note: expanded from macro 'RBIMPL_ATTRSET_UNTYPED_DATA_FUNC'
   47 |     RBIMPL_ATTR_DEPRECATED(("by TypedData"))
      |     ^
/opt/homebrew/Cellar/ruby/4.0.3/include/ruby-4.0.0/ruby/internal/attr/deprecated.h:36:53: note: expanded from macro 'RBIMPL_ATTR_DEPRECATED'
   36 | # define RBIMPL_ATTR_DEPRECATED(msg) __attribute__((__deprecated__ msg))
      |                                                     ^
xml_schema.c:213:3: warning: 'rb_data_object_get_warning' is deprecated: by TypedData [-Wdeprecated-declarations]
  213 |   Data_Get_Struct(document, xmlDoc, doc);
      |   ^
/opt/homebrew/Cellar/ruby/4.0.3/include/ruby-4.0.0/ruby/internal/core/rdata.h:278:34: note: expanded from macro 'Data_Get_Struct'
  278 |     ((sval) = RBIMPL_CAST((type*)rb_data_object_get(obj)))
      |                                  ^
/opt/homebrew/Cellar/ruby/4.0.3/include/ruby-4.0.0/ruby/internal/core/rdata.h:370:31: note: expanded from macro 'rb_data_object_get'
  370 | #define rb_data_object_get    RUBY_MACRO_SELECT(rb_data_object_get_2, RUBY_UNTYPED_DATA_WARNING)
      |                               ^
/opt/homebrew/Cellar/ruby/4.0.3/include/ruby-4.0.0/ruby/internal/core/rdata.h:50:35: note: expanded from macro 'RUBY_MACRO_SELECT'
   50 | #define RUBY_MACRO_SELECT(x, y)   RBIMPL_MACRO_SELECT(x, y)
      |                                   ^
/opt/homebrew/Cellar/ruby/4.0.3/include/ruby-4.0.0/ruby/internal/core/rdata.h:49:35: note: expanded from macro 'RBIMPL_MACRO_SELECT'
   49 | #define RBIMPL_MACRO_SELECT(x, y) x ## y
      |                                   ^
<scratch space>:181:1: note: expanded from here
  181 | rb_data_object_get_1
      | ^
/opt/homebrew/Cellar/ruby/4.0.3/include/ruby-4.0.0/ruby/internal/core/rdata.h:368:31: note: expanded from macro 'rb_data_object_get_1'
  368 | #define rb_data_object_get_1  rb_data_object_get_warning
      |                               ^
/opt/homebrew/Cellar/ruby/4.0.3/include/ruby-4.0.0/ruby/internal/core/rdata.h:317:1: note: 'rb_data_object_get_warning' has been explicitly marked deprecated here
  317 | RBIMPL_ATTRSET_UNTYPED_DATA_FUNC()
      | ^
/opt/homebrew/Cellar/ruby/4.0.3/include/ruby-4.0.0/ruby/internal/core/rdata.h:47:5: note: expanded from macro 'RBIMPL_ATTRSET_UNTYPED_DATA_FUNC'
   47 |     RBIMPL_ATTR_DEPRECATED(("by TypedData"))
      |     ^
/opt/homebrew/Cellar/ruby/4.0.3/include/ruby-4.0.0/ruby/internal/attr/deprecated.h:36:53: note: expanded from macro 'RBIMPL_ATTR_DEPRECATED'
   36 | # define RBIMPL_ATTR_DEPRECATED(msg) __attribute__((__deprecated__ msg))
      |                                                     ^
xml_schema.c:263:15: warning: 'rb_data_object_wrap_warning' is deprecated: by TypedData [-Wdeprecated-declarations]
  263 |   rb_schema = Data_Wrap_Struct(klass, 0, dealloc, schema);
      |               ^
/opt/homebrew/Cellar/ruby/4.0.3/include/ruby-4.0.0/ruby/internal/core/rdata.h:202:5: note: expanded from macro 'Data_Wrap_Struct'
  202 |     rb_data_object_wrap(                          \
      |     ^
/opt/homebrew/Cellar/ruby/4.0.3/include/ruby-4.0.0/ruby/internal/core/rdata.h:366:31: note: expanded from macro 'rb_data_object_wrap'
  366 | #define rb_data_object_wrap   RUBY_MACRO_SELECT(rb_data_object_wrap_2, RUBY_UNTYPED_DATA_WARNING)
      |                               ^
/opt/homebrew/Cellar/ruby/4.0.3/include/ruby-4.0.0/ruby/internal/core/rdata.h:50:35: note: expanded from macro 'RUBY_MACRO_SELECT'
   50 | #define RUBY_MACRO_SELECT(x, y)   RBIMPL_MACRO_SELECT(x, y)
      |                                   ^
/opt/homebrew/Cellar/ruby/4.0.3/include/ruby-4.0.0/ruby/internal/core/rdata.h:49:35: note: expanded from macro 'RBIMPL_MACRO_SELECT'
   49 | #define RBIMPL_MACRO_SELECT(x, y) x ## y
      |                                   ^
<scratch space>:182:1: note: expanded from here
  182 | rb_data_object_wrap_1
      | ^
/opt/homebrew/Cellar/ruby/4.0.3/include/ruby-4.0.0/ruby/internal/core/rdata.h:364:31: note: expanded from macro 'rb_data_object_wrap_1'
  364 | #define rb_data_object_wrap_1 rb_data_object_wrap_warning
      |                               ^
/opt/homebrew/Cellar/ruby/4.0.3/include/ruby-4.0.0/ruby/internal/core/rdata.h:280:1: note: 'rb_data_object_wrap_warning' has been explicitly marked deprecated here
  280 | RBIMPL_ATTRSET_UNTYPED_DATA_FUNC()
      | ^
/opt/homebrew/Cellar/ruby/4.0.3/include/ruby-4.0.0/ruby/internal/core/rdata.h:47:5: note: expanded from macro 'RBIMPL_ATTRSET_UNTYPED_DATA_FUNC'
   47 |     RBIMPL_ATTR_DEPRECATED(("by TypedData"))
      |     ^
/opt/homebrew/Cellar/ruby/4.0.3/include/ruby-4.0.0/ruby/internal/attr/deprecated.h:36:53: note: expanded from macro 'RBIMPL_ATTR_DEPRECATED'
   36 | # define RBIMPL_ATTR_DEPRECATED(msg) __attribute__((__deprecated__ msg))
      |                                                     ^
xml_sax_push_parser.c:19:10: warning: 'rb_data_object_wrap_warning' is deprecated: by TypedData [-Wdeprecated-declarations]
   19 |   return Data_Wrap_Struct(klass, NULL, deallocate, NULL);
      |          ^
/opt/homebrew/Cellar/ruby/4.0.3/include/ruby-4.0.0/ruby/internal/core/rdata.h:202:5: note: expanded from macro 'Data_Wrap_Struct'
  202 |     rb_data_object_wrap(                          \
      |     ^
/opt/homebrew/Cellar/ruby/4.0.3/include/ruby-4.0.0/ruby/internal/core/rdata.h:366:31: note: expanded from macro 'rb_data_object_wrap'
  366 | #define rb_data_object_wrap   RUBY_MACRO_SELECT(rb_data_object_wrap_2, RUBY_UNTYPED_DATA_WARNING)
      |                               ^
/opt/homebrew/Cellar/ruby/4.0.3/include/ruby-4.0.0/ruby/internal/core/rdata.h:50:35: note: expanded from macro 'RUBY_MACRO_SELECT'
   50 | #define RUBY_MACRO_SELECT(x, y)   RBIMPL_MACRO_SELECT(x, y)
      |                                   ^
/opt/homebrew/Cellar/ruby/4.0.3/include/ruby-4.0.0/ruby/internal/core/rdata.h:49:35: note: expanded from macro 'RBIMPL_MACRO_SELECT'
   49 | #define RBIMPL_MACRO_SELECT(x, y) x ## y
      |                                   ^
<scratch space>:176:1: note: expanded from here
  176 | rb_data_object_wrap_1
      | ^
/opt/homebrew/Cellar/ruby/4.0.3/include/ruby-4.0.0/ruby/internal/core/rdata.h:364:31: note: expanded from macro 'rb_data_object_wrap_1'
  364 | #define rb_data_object_wrap_1 rb_data_object_wrap_warning
      |                               ^
/opt/homebrew/Cellar/ruby/4.0.3/include/ruby-4.0.0/ruby/internal/core/rdata.h:280:1: note: 'rb_data_object_wrap_warning' has been explicitly marked deprecated here
  280 | RBIMPL_ATTRSET_UNTYPED_DATA_FUNC()
      | ^
/opt/homebrew/Cellar/ruby/4.0.3/include/ruby-4.0.0/ruby/internal/core/rdata.h:47:5: note: expanded from macro 'RBIMPL_ATTRSET_UNTYPED_DATA_FUNC'
   47 |     RBIMPL_ATTR_DEPRECATED(("by TypedData"))
      |     ^
/opt/homebrew/Cellar/ruby/4.0.3/include/ruby-4.0.0/ruby/internal/attr/deprecated.h:36:53: note: expanded from macro 'RBIMPL_ATTR_DEPRECATED'
   36 | # define RBIMPL_ATTR_DEPRECATED(msg) __attribute__((__deprecated__ msg))
      |                                                     ^
xml_sax_push_parser.c:36:3: warning: 'rb_data_object_get_warning' is deprecated: by TypedData [-Wdeprecated-declarations]
   36 |   Data_Get_Struct(self, xmlParserCtxt, ctx);
      |   ^
/opt/homebrew/Cellar/ruby/4.0.3/include/ruby-4.0.0/ruby/internal/core/rdata.h:278:34: note: expanded from macro 'Data_Get_Struct'
  278 |     ((sval) = RBIMPL_CAST((type*)rb_data_object_get(obj)))
      |                                  ^
/opt/homebrew/Cellar/ruby/4.0.3/include/ruby-4.0.0/ruby/internal/core/rdata.h:370:31: note: expanded from macro 'rb_data_object_get'
  370 | #define rb_data_object_get    RUBY_MACRO_SELECT(rb_data_object_get_2, RUBY_UNTYPED_DATA_WARNING)
      |                               ^
/opt/homebrew/Cellar/ruby/4.0.3/include/ruby-4.0.0/ruby/internal/core/rdata.h:50:35: note: expanded from macro 'RUBY_MACRO_SELECT'
   50 | #define RUBY_MACRO_SELECT(x, y)   RBIMPL_MACRO_SELECT(x, y)
      |                                   ^
/opt/homebrew/Cellar/ruby/4.0.3/include/ruby-4.0.0/ruby/internal/core/rdata.h:49:35: note: expanded from macro 'RBIMPL_MACRO_SELECT'
   49 | #define RBIMPL_MACRO_SELECT(x, y) x ## y
      |                                   ^
<scratch space>:177:1: note: expanded from here
  177 | rb_data_object_get_1
      | ^
/opt/homebrew/Cellar/ruby/4.0.3/include/ruby-4.0.0/ruby/internal/core/rdata.h:368:31: note: expanded from macro 'rb_data_object_get_1'
  368 | #define rb_data_object_get_1  rb_data_object_get_warning
      |                               ^
/opt/homebrew/Cellar/ruby/4.0.3/include/ruby-4.0.0/ruby/internal/core/rdata.h:317:1: note: 'rb_data_object_get_warning' has been explicitly marked deprecated here
  317 | RBIMPL_ATTRSET_UNTYPED_DATA_FUNC()
      | ^
/opt/homebrew/Cellar/ruby/4.0.3/include/ruby-4.0.0/ruby/internal/core/rdata.h:47:5: note: expanded from macro 'RBIMPL_ATTRSET_UNTYPED_DATA_FUNC'
   47 |     RBIMPL_ATTR_DEPRECATED(("by TypedData"))
      |     ^
/opt/homebrew/Cellar/ruby/4.0.3/include/ruby-4.0.0/ruby/internal/attr/deprecated.h:36:53: note: expanded from macro 'RBIMPL_ATTR_DEPRECATED'
   36 | # define RBIMPL_ATTR_DEPRECATED(msg) __attribute__((__deprecated__ msg))
      |                                                     ^
xml_sax_push_parser.c:68:3: warning: 'rb_data_object_get_warning' is deprecated: by TypedData [-Wdeprecated-declarations]
   68 |   Data_Get_Struct(_xml_sax, xmlSAXHandler, sax);
      |   ^
/opt/homebrew/Cellar/ruby/4.0.3/include/ruby-4.0.0/ruby/internal/core/rdata.h:278:34: note: expanded from macro 'Data_Get_Struct'
  278 |     ((sval) = RBIMPL_CAST((type*)rb_data_object_get(obj)))
      |                                  ^
/opt/homebrew/Cellar/ruby/4.0.3/include/ruby-4.0.0/ruby/internal/core/rdata.h:370:31: note: expanded from macro 'rb_data_object_get'
  370 | #define rb_data_object_get    RUBY_MACRO_SELECT(rb_data_object_get_2, RUBY_UNTYPED_DATA_WARNING)
      |                               ^
/opt/homebrew/Cellar/ruby/4.0.3/include/ruby-4.0.0/ruby/internal/core/rdata.h:50:35: note: expanded from macro 'RUBY_MACRO_SELECT'
   50 | #define RUBY_MACRO_SELECT(x, y)   RBIMPL_MACRO_SELECT(x, y)
      |                                   ^
/opt/homebrew/Cellar/ruby/4.0.3/include/ruby-4.0.0/ruby/internal/core/rdata.h:49:35: note: expanded from macro 'RBIMPL_MACRO_SELECT'
   49 | #define RBIMPL_MACRO_SELECT(x, y) x ## y
      |                                   ^
<scratch space>:178:1: note: expanded from here
  178 | rb_data_object_get_1
      | ^
/opt/homebrew/Cellar/ruby/4.0.3/include/ruby-4.0.0/ruby/internal/core/rdata.h:368:31: note: expanded from macro 'rb_data_object_get_1'
  368 | #define rb_data_object_get_1  rb_data_object_get_warning
      |                               ^
/opt/homebrew/Cellar/ruby/4.0.3/include/ruby-4.0.0/ruby/internal/core/rdata.h:317:1: note: 'rb_data_object_get_warning' has been explicitly marked deprecated here
  317 | RBIMPL_ATTRSET_UNTYPED_DATA_FUNC()
      | ^
/opt/homebrew/Cellar/ruby/4.0.3/include/ruby-4.0.0/ruby/internal/core/rdata.h:47:5: note: expanded from macro 'RBIMPL_ATTRSET_UNTYPED_DATA_FUNC'
   47 |     RBIMPL_ATTR_DEPRECATED(("by TypedData"))
      |     ^
/opt/homebrew/Cellar/ruby/4.0.3/include/ruby-4.0.0/ruby/internal/attr/deprecated.h:36:53: note: expanded from macro 'RBIMPL_ATTR_DEPRECATED'
   36 | # define RBIMPL_ATTR_DEPRECATED(msg) __attribute__((__deprecated__ msg))
      |                                                     ^
xml_sax_push_parser.c:94:3: warning: 'rb_data_object_get_warning' is deprecated: by TypedData [-Wdeprecated-declarations]
   94 |   Data_Get_Struct(self, xmlParserCtxt, ctx);
      |   ^
/opt/homebrew/Cellar/ruby/4.0.3/include/ruby-4.0.0/ruby/internal/core/rdata.h:278:34: note: expanded from macro 'Data_Get_Struct'
  278 |     ((sval) = RBIMPL_CAST((type*)rb_data_object_get(obj)))
      |                                  ^
/opt/homebrew/Cellar/ruby/4.0.3/include/ruby-4.0.0/ruby/internal/core/rdata.h:370:31: note: expanded from macro 'rb_data_object_get'
  370 | #define rb_data_object_get    RUBY_MACRO_SELECT(rb_data_object_get_2, RUBY_UNTYPED_DATA_WARNING)
      |                               ^
/opt/homebrew/Cellar/ruby/4.0.3/include/ruby-4.0.0/ruby/internal/core/rdata.h:50:35: note: expanded from macro 'RUBY_MACRO_SELECT'
   50 | #define RUBY_MACRO_SELECT(x, y)   RBIMPL_MACRO_SELECT(x, y)
      |                                   ^
/opt/homebrew/Cellar/ruby/4.0.3/include/ruby-4.0.0/ruby/internal/core/rdata.h:49:35: note: expanded from macro 'RBIMPL_MACRO_SELECT'
   49 | #define RBIMPL_MACRO_SELECT(x, y) x ## y
      |                                   ^
<scratch space>:179:1: note: expanded from here
  179 | rb_data_object_get_1
      | ^
/opt/homebrew/Cellar/ruby/4.0.3/include/ruby-4.0.0/ruby/internal/core/rdata.h:368:31: note: expanded from macro 'rb_data_object_get_1'
  368 | #define rb_data_object_get_1  rb_data_object_get_warning
      |                               ^
/opt/homebrew/Cellar/ruby/4.0.3/include/ruby-4.0.0/ruby/internal/core/rdata.h:317:1: note: 'rb_data_object_get_warning' has been explicitly marked deprecated here
  317 | RBIMPL_ATTRSET_UNTYPED_DATA_FUNC()
      | ^
/opt/homebrew/Cellar/ruby/4.0.3/include/ruby-4.0.0/ruby/internal/core/rdata.h:47:5: note: expanded from macro 'RBIMPL_ATTRSET_UNTYPED_DATA_FUNC'
   47 |     RBIMPL_ATTR_DEPRECATED(("by TypedData"))
      |     ^
/opt/homebrew/Cellar/ruby/4.0.3/include/ruby-4.0.0/ruby/internal/attr/deprecated.h:36:53: note: expanded from macro 'RBIMPL_ATTR_DEPRECATED'
   36 | # define RBIMPL_ATTR_DEPRECATED(msg) __attribute__((__deprecated__ msg))
      |                                                     ^
xml_sax_push_parser.c:103:3: warning: 'rb_data_object_get_warning' is deprecated: by TypedData [-Wdeprecated-declarations]
  103 |   Data_Get_Struct(self, xmlParserCtxt, ctx);
      |   ^
/opt/homebrew/Cellar/ruby/4.0.3/include/ruby-4.0.0/ruby/internal/core/rdata.h:278:34: note: expanded from macro 'Data_Get_Struct'
  278 |     ((sval) = RBIMPL_CAST((type*)rb_data_object_get(obj)))
      |                                  ^
/opt/homebrew/Cellar/ruby/4.0.3/include/ruby-4.0.0/ruby/internal/core/rdata.h:370:31: note: expanded from macro 'rb_data_object_get'
  370 | #define rb_data_object_get    RUBY_MACRO_SELECT(rb_data_object_get_2, RUBY_UNTYPED_DATA_WARNING)
      |                               ^
/opt/homebrew/Cellar/ruby/4.0.3/include/ruby-4.0.0/ruby/internal/core/rdata.h:50:35: note: expanded from macro 'RUBY_MACRO_SELECT'
   50 | #define RUBY_MACRO_SELECT(x, y)   RBIMPL_MACRO_SELECT(x, y)
      |                                   ^
/opt/homebrew/Cellar/ruby/4.0.3/include/ruby-4.0.0/ruby/internal/core/rdata.h:49:35: note: expanded from macro 'RBIMPL_MACRO_SELECT'
   49 | #define RBIMPL_MACRO_SELECT(x, y) x ## y
      |                                   ^
<scratch space>:180:1: note: expanded from here
  180 | rb_data_object_get_1
      | ^
/opt/homebrew/Cellar/ruby/4.0.3/include/ruby-4.0.0/ruby/internal/core/rdata.h:368:31: note: expanded from macro 'rb_data_object_get_1'
  368 | #define rb_data_object_get_1  rb_data_object_get_warning
      |                               ^
/opt/homebrew/Cellar/ruby/4.0.3/include/ruby-4.0.0/ruby/internal/core/rdata.h:317:1: note: 'rb_data_object_get_warning' has been explicitly marked deprecated here
  317 | RBIMPL_ATTRSET_UNTYPED_DATA_FUNC()
      | ^
/opt/homebrew/Cellar/ruby/4.0.3/include/ruby-4.0.0/ruby/internal/core/rdata.h:47:5: note: expanded from macro 'RBIMPL_ATTRSET_UNTYPED_DATA_FUNC'
   47 |     RBIMPL_ATTR_DEPRECATED(("by TypedData"))
      |     ^
/opt/homebrew/Cellar/ruby/4.0.3/include/ruby-4.0.0/ruby/internal/attr/deprecated.h:36:53: note: expanded from macro 'RBIMPL_ATTR_DEPRECATED'
   36 | # define RBIMPL_ATTR_DEPRECATED(msg) __attribute__((__deprecated__ msg))
      |                                                     ^
xml_sax_push_parser.c:123:3: warning: 'rb_data_object_get_warning' is deprecated: by TypedData [-Wdeprecated-declarations]
  123 |   Data_Get_Struct(self, xmlParserCtxt, ctx);
      |   ^
/opt/homebrew/Cellar/ruby/4.0.3/include/ruby-4.0.0/ruby/internal/core/rdata.h:278:34: note: expanded from macro 'Data_Get_Struct'
  278 |     ((sval) = RBIMPL_CAST((type*)rb_data_object_get(obj)))
      |                                  ^
/opt/homebrew/Cellar/ruby/4.0.3/include/ruby-4.0.0/ruby/internal/core/rdata.h:370:31: note: expanded from macro 'rb_data_object_get'
  370 | #define rb_data_object_get    RUBY_MACRO_SELECT(rb_data_object_get_2, RUBY_UNTYPED_DATA_WARNING)
      |                               ^
/opt/homebrew/Cellar/ruby/4.0.3/include/ruby-4.0.0/ruby/internal/core/rdata.h:50:35: note: expanded from macro 'RUBY_MACRO_SELECT'
   50 | #define RUBY_MACRO_SELECT(x, y)   RBIMPL_MACRO_SELECT(x, y)
      |                                   ^
/opt/homebrew/Cellar/ruby/4.0.3/include/ruby-4.0.0/ruby/internal/core/rdata.h:49:35: note: expanded from macro 'RBIMPL_MACRO_SELECT'
   49 | #define RBIMPL_MACRO_SELECT(x, y) x ## y
      |                                   ^
<scratch space>:181:1: note: expanded from here
  181 | rb_data_object_get_1
      | ^
/opt/homebrew/Cellar/ruby/4.0.3/include/ruby-4.0.0/ruby/internal/core/rdata.h:368:31: note: expanded from macro 'rb_data_object_get_1'
  368 | #define rb_data_object_get_1  rb_data_object_get_warning
      |                               ^
/opt/homebrew/Cellar/ruby/4.0.3/include/ruby-4.0.0/ruby/internal/core/rdata.h:317:1: note: 'rb_data_object_get_warning' has been explicitly marked deprecated here
  317 | RBIMPL_ATTRSET_UNTYPED_DATA_FUNC()
      | ^
/opt/homebrew/Cellar/ruby/4.0.3/include/ruby-4.0.0/ruby/internal/core/rdata.h:47:5: note: expanded from macro 'RBIMPL_ATTRSET_UNTYPED_DATA_FUNC'
   47 |     RBIMPL_ATTR_DEPRECATED(("by TypedData"))
      |     ^
/opt/homebrew/Cellar/ruby/4.0.3/include/ruby-4.0.0/ruby/internal/attr/deprecated.h:36:53: note: expanded from macro 'RBIMPL_ATTR_DEPRECATED'
   36 | # define RBIMPL_ATTR_DEPRECATED(msg) __attribute__((__deprecated__ msg))
      |                                                     ^
xml_sax_push_parser.c:143:3: warning: 'rb_data_object_get_warning' is deprecated: by TypedData [-Wdeprecated-declarations]
  143 |   Data_Get_Struct(self, xmlParserCtxt, ctx);
      |   ^
/opt/homebrew/Cellar/ruby/4.0.3/include/ruby-4.0.0/ruby/internal/core/rdata.h:278:34: note: expanded from macro 'Data_Get_Struct'
  278 |     ((sval) = RBIMPL_CAST((type*)rb_data_object_get(obj)))
      |                                  ^
/opt/homebrew/Cellar/ruby/4.0.3/include/ruby-4.0.0/ruby/internal/core/rdata.h:370:31: note: expanded from macro 'rb_data_object_get'
  370 | #define rb_data_object_get    RUBY_MACRO_SELECT(rb_data_object_get_2, RUBY_UNTYPED_DATA_WARNING)
      |                               ^
/opt/homebrew/Cellar/ruby/4.0.3/include/ruby-4.0.0/ruby/internal/core/rdata.h:50:35: note: expanded from macro 'RUBY_MACRO_SELECT'
   50 | #define RUBY_MACRO_SELECT(x, y)   RBIMPL_MACRO_SELECT(x, y)
      |                                   ^
/opt/homebrew/Cellar/ruby/4.0.3/include/ruby-4.0.0/ruby/internal/core/rdata.h:49:35: note: expanded from macro 'RBIMPL_MACRO_SELECT'
   49 | #define RBIMPL_MACRO_SELECT(x, y) x ## y
      |                                   ^
<scratch space>:182:1: note: expanded from here
  182 | rb_data_object_get_1
      | ^
/opt/homebrew/Cellar/ruby/4.0.3/include/ruby-4.0.0/ruby/internal/core/rdata.h:368:31: note: expanded from macro 'rb_data_object_get_1'
  368 | #define rb_data_object_get_1  rb_data_object_get_warning
      |                               ^
/opt/homebrew/Cellar/ruby/4.0.3/include/ruby-4.0.0/ruby/internal/core/rdata.h:317:1: note: 'rb_data_object_get_warning' has been explicitly marked deprecated here
  317 | RBIMPL_ATTRSET_UNTYPED_DATA_FUNC()
      | ^
/opt/homebrew/Cellar/ruby/4.0.3/include/ruby-4.0.0/ruby/internal/core/rdata.h:47:5: note: expanded from macro 'RBIMPL_ATTRSET_UNTYPED_DATA_FUNC'
   47 |     RBIMPL_ATTR_DEPRECATED(("by TypedData"))
      |     ^
/opt/homebrew/Cellar/ruby/4.0.3/include/ruby-4.0.0/ruby/internal/attr/deprecated.h:36:53: note: expanded from macro 'RBIMPL_ATTR_DEPRECATED'
   36 | # define RBIMPL_ATTR_DEPRECATED(msg) __attribute__((__deprecated__ msg))
      |                                                     ^
21 warnings generated.
xml_sax_parser_context.c:38:10: warning: 'rb_data_object_wrap_warning' is deprecated: by TypedData [-Wdeprecated-declarations]
   38 |   return Data_Wrap_Struct(klass, NULL, deallocate, ctxt);
      |          ^
/opt/homebrew/Cellar/ruby/4.0.3/include/ruby-4.0.0/ruby/internal/core/rdata.h:202:5: note: expanded from macro 'Data_Wrap_Struct'
  202 |     rb_data_object_wrap(                          \
      |     ^
/opt/homebrew/Cellar/ruby/4.0.3/include/ruby-4.0.0/ruby/internal/core/rdata.h:366:31: note: expanded from macro 'rb_data_object_wrap'
  366 | #define rb_data_object_wrap   RUBY_MACRO_SELECT(rb_data_object_wrap_2, RUBY_UNTYPED_DATA_WARNING)
      |                               ^
/opt/homebrew/Cellar/ruby/4.0.3/include/ruby-4.0.0/ruby/internal/core/rdata.h:50:35: note: expanded from macro 'RUBY_MACRO_SELECT'
   50 | #define RUBY_MACRO_SELECT(x, y)   RBIMPL_MACRO_SELECT(x, y)
      |                                   ^
/opt/homebrew/Cellar/ruby/4.0.3/include/ruby-4.0.0/ruby/internal/core/rdata.h:49:35: note: expanded from macro 'RBIMPL_MACRO_SELECT'
   49 | #define RBIMPL_MACRO_SELECT(x, y) x ## y
      |                                   ^
<scratch space>:176:1: note: expanded from here
  176 | rb_data_object_wrap_1
      | ^
/opt/homebrew/Cellar/ruby/4.0.3/include/ruby-4.0.0/ruby/internal/core/rdata.h:364:31: note: expanded from macro 'rb_data_object_wrap_1'
  364 | #define rb_data_object_wrap_1 rb_data_object_wrap_warning
      |                               ^
/opt/homebrew/Cellar/ruby/4.0.3/include/ruby-4.0.0/ruby/internal/core/rdata.h:280:1: note: 'rb_data_object_wrap_warning' has been explicitly marked deprecated here
  280 | RBIMPL_ATTRSET_UNTYPED_DATA_FUNC()
      | ^
/opt/homebrew/Cellar/ruby/4.0.3/include/ruby-4.0.0/ruby/internal/core/rdata.h:47:5: note: expanded from macro 'RBIMPL_ATTRSET_UNTYPED_DATA_FUNC'
   47 |     RBIMPL_ATTR_DEPRECATED(("by TypedData"))
      |     ^
/opt/homebrew/Cellar/ruby/4.0.3/include/ruby-4.0.0/ruby/internal/attr/deprecated.h:36:53: note: expanded from macro 'RBIMPL_ATTR_DEPRECATED'
   36 | # define RBIMPL_ATTR_DEPRECATED(msg) __attribute__((__deprecated__ msg))
      |                                                     ^
xml_sax_parser_context.c:51:10: warning: 'rb_data_object_wrap_warning' is deprecated: by TypedData [-Wdeprecated-declarations]
   51 |   return Data_Wrap_Struct(klass, NULL, deallocate, ctxt);
      |          ^
/opt/homebrew/Cellar/ruby/4.0.3/include/ruby-4.0.0/ruby/internal/core/rdata.h:202:5: note: expanded from macro 'Data_Wrap_Struct'
  202 |     rb_data_object_wrap(                          \
      |     ^
/opt/homebrew/Cellar/ruby/4.0.3/include/ruby-4.0.0/ruby/internal/core/rdata.h:366:31: note: expanded from macro 'rb_data_object_wrap'
  366 | #define rb_data_object_wrap   RUBY_MACRO_SELECT(rb_data_object_wrap_2, RUBY_UNTYPED_DATA_WARNING)
      |                               ^
/opt/homebrew/Cellar/ruby/4.0.3/include/ruby-4.0.0/ruby/internal/core/rdata.h:50:35: note: expanded from macro 'RUBY_MACRO_SELECT'
   50 | #define RUBY_MACRO_SELECT(x, y)   RBIMPL_MACRO_SELECT(x, y)
      |                                   ^
/opt/homebrew/Cellar/ruby/4.0.3/include/ruby-4.0.0/ruby/internal/core/rdata.h:49:35: note: expanded from macro 'RBIMPL_MACRO_SELECT'
   49 | #define RBIMPL_MACRO_SELECT(x, y) x ## y
      |                                   ^
<scratch space>:177:1: note: expanded from here
  177 | rb_data_object_wrap_1
      | ^
/opt/homebrew/Cellar/ruby/4.0.3/include/ruby-4.0.0/ruby/internal/core/rdata.h:364:31: note: expanded from macro 'rb_data_object_wrap_1'
  364 | #define rb_data_object_wrap_1 rb_data_object_wrap_warning
      |                               ^
/opt/homebrew/Cellar/ruby/4.0.3/include/ruby-4.0.0/ruby/internal/core/rdata.h:280:1: note: 'rb_data_object_wrap_warning' has been explicitly marked deprecated here
  280 | RBIMPL_ATTRSET_UNTYPED_DATA_FUNC()
      | ^
/opt/homebrew/Cellar/ruby/4.0.3/include/ruby-4.0.0/ruby/internal/core/rdata.h:47:5: note: expanded from macro 'RBIMPL_ATTRSET_UNTYPED_DATA_FUNC'
   47 |     RBIMPL_ATTR_DEPRECATED(("by TypedData"))
      |     ^
/opt/homebrew/Cellar/ruby/4.0.3/include/ruby-4.0.0/ruby/internal/attr/deprecated.h:36:53: note: expanded from macro 'RBIMPL_ATTR_DEPRECATED'
   36 | # define RBIMPL_ATTR_DEPRECATED(msg) __attribute__((__deprecated__ msg))
      |                                                     ^
xml_sax_parser_context.c:79:10: warning: 'rb_data_object_wrap_warning' is deprecated: by TypedData [-Wdeprecated-declarations]
   79 |   return Data_Wrap_Struct(klass, NULL, deallocate, ctxt);
      |          ^
/opt/homebrew/Cellar/ruby/4.0.3/include/ruby-4.0.0/ruby/internal/core/rdata.h:202:5: note: expanded from macro 'Data_Wrap_Struct'
  202 |     rb_data_object_wrap(                          \
      |     ^
/opt/homebrew/Cellar/ruby/4.0.3/include/ruby-4.0.0/ruby/internal/core/rdata.h:366:31: note: expanded from macro 'rb_data_object_wrap'
  366 | #define rb_data_object_wrap   RUBY_MACRO_SELECT(rb_data_object_wrap_2, RUBY_UNTYPED_DATA_WARNING)
      |                               ^
/opt/homebrew/Cellar/ruby/4.0.3/include/ruby-4.0.0/ruby/internal/core/rdata.h:50:35: note: expanded from macro 'RUBY_MACRO_SELECT'
   50 | #define RUBY_MACRO_SELECT(x, y)   RBIMPL_MACRO_SELECT(x, y)
      |                                   ^
/opt/homebrew/Cellar/ruby/4.0.3/include/ruby-4.0.0/ruby/internal/core/rdata.h:49:35: note: expanded from macro 'RBIMPL_MACRO_SELECT'
   49 | #define RBIMPL_MACRO_SELECT(x, y) x ## y
      |                                   ^
<scratch space>:178:1: note: expanded from here
  178 | rb_data_object_wrap_1
      | ^
/opt/homebrew/Cellar/ruby/4.0.3/include/ruby-4.0.0/ruby/internal/core/rdata.h:364:31: note: expanded from macro 'rb_data_object_wrap_1'
  364 | #define rb_data_object_wrap_1 rb_data_object_wrap_warning
      |                               ^
/opt/homebrew/Cellar/ruby/4.0.3/include/ruby-4.0.0/ruby/internal/core/rdata.h:280:1: note: 'rb_data_object_wrap_warning' has been explicitly marked deprecated here
  280 | RBIMPL_ATTRSET_UNTYPED_DATA_FUNC()
      | ^
/opt/homebrew/Cellar/ruby/4.0.3/include/ruby-4.0.0/ruby/internal/core/rdata.h:47:5: note: expanded from macro 'RBIMPL_ATTRSET_UNTYPED_DATA_FUNC'
   47 |     RBIMPL_ATTR_DEPRECATED(("by TypedData"))
      |     ^
/opt/homebrew/Cellar/ruby/4.0.3/include/ruby-4.0.0/ruby/internal/attr/deprecated.h:36:53: note: expanded from macro 'RBIMPL_ATTR_DEPRECATED'
   36 | # define RBIMPL_ATTR_DEPRECATED(msg) __attribute__((__deprecated__ msg))
      |                                                     ^
xml_sax_parser_context.c:119:3: warning: 'rb_data_object_get_warning' is deprecated: by TypedData [-Wdeprecated-declarations]
  119 |   Data_Get_Struct(self, xmlParserCtxt, ctxt);
      |   ^
/opt/homebrew/Cellar/ruby/4.0.3/include/ruby-4.0.0/ruby/internal/core/rdata.h:278:34: note: expanded from macro 'Data_Get_Struct'
  278 |     ((sval) = RBIMPL_CAST((type*)rb_data_object_get(obj)))
      |                                  ^
/opt/homebrew/Cellar/ruby/4.0.3/include/ruby-4.0.0/ruby/internal/core/rdata.h:370:31: note: expanded from macro 'rb_data_object_get'
  370 | #define rb_data_object_get    RUBY_MACRO_SELECT(rb_data_object_get_2, RUBY_UNTYPED_DATA_WARNING)
      |                               ^
/opt/homebrew/Cellar/ruby/4.0.3/include/ruby-4.0.0/ruby/internal/core/rdata.h:50:35: note: expanded from macro 'RUBY_MACRO_SELECT'
   50 | #define RUBY_MACRO_SELECT(x, y)   RBIMPL_MACRO_SELECT(x, y)
      |                                   ^
/opt/homebrew/Cellar/ruby/4.0.3/include/ruby-4.0.0/ruby/internal/core/rdata.h:49:35: note: expanded from macro 'RBIMPL_MACRO_SELECT'
   49 | #define RBIMPL_MACRO_SELECT(x, y) x ## y
      |                                   ^
<scratch space>:179:1: note: expanded from here
  179 | rb_data_object_get_1
      | ^
/opt/homebrew/Cellar/ruby/4.0.3/include/ruby-4.0.0/ruby/internal/core/rdata.h:368:31: note: expanded from macro 'rb_data_object_get_1'
  368 | #define rb_data_object_get_1  rb_data_object_get_warning
      |                               ^
/opt/homebrew/Cellar/ruby/4.0.3/include/ruby-4.0.0/ruby/internal/core/rdata.h:317:1: note: 'rb_data_object_get_warning' has been explicitly marked deprecated here
  317 | RBIMPL_ATTRSET_UNTYPED_DATA_FUNC()
      | ^
/opt/homebrew/Cellar/ruby/4.0.3/include/ruby-4.0.0/ruby/internal/core/rdata.h:47:5: note: expanded from macro 'RBIMPL_ATTRSET_UNTYPED_DATA_FUNC'
   47 |     RBIMPL_ATTR_DEPRECATED(("by TypedData"))
      |     ^
/opt/homebrew/Cellar/ruby/4.0.3/include/ruby-4.0.0/ruby/internal/attr/deprecated.h:36:53: note: expanded from macro 'RBIMPL_ATTR_DEPRECATED'
   36 | # define RBIMPL_ATTR_DEPRECATED(msg) __attribute__((__deprecated__ msg))
      |                                                     ^
xml_sax_parser_context.c:120:3: warning: 'rb_data_object_get_warning' is deprecated: by TypedData [-Wdeprecated-declarations]
  120 |   Data_Get_Struct(sax_handler, xmlSAXHandler, sax);
      |   ^
/opt/homebrew/Cellar/ruby/4.0.3/include/ruby-4.0.0/ruby/internal/core/rdata.h:278:34: note: expanded from macro 'Data_Get_Struct'
  278 |     ((sval) = RBIMPL_CAST((type*)rb_data_object_get(obj)))
      |                                  ^
/opt/homebrew/Cellar/ruby/4.0.3/include/ruby-4.0.0/ruby/internal/core/rdata.h:370:31: note: expanded from macro 'rb_data_object_get'
  370 | #define rb_data_object_get    RUBY_MACRO_SELECT(rb_data_object_get_2, RUBY_UNTYPED_DATA_WARNING)
      |                               ^
/opt/homebrew/Cellar/ruby/4.0.3/include/ruby-4.0.0/ruby/internal/core/rdata.h:50:35: note: expanded from macro 'RUBY_MACRO_SELECT'
   50 | #define RUBY_MACRO_SELECT(x, y)   RBIMPL_MACRO_SELECT(x, y)
      |                                   ^
/opt/homebrew/Cellar/ruby/4.0.3/include/ruby-4.0.0/ruby/internal/core/rdata.h:49:35: note: expanded from macro 'RBIMPL_MACRO_SELECT'
   49 | #define RBIMPL_MACRO_SELECT(x, y) x ## y
      |                                   ^
<scratch space>:180:1: note: expanded from here
  180 | rb_data_object_get_1
      | ^
/opt/homebrew/Cellar/ruby/4.0.3/include/ruby-4.0.0/ruby/internal/core/rdata.h:368:31: note: expanded from macro 'rb_data_object_get_1'
  368 | #define rb_data_object_get_1  rb_data_object_get_warning
      |                               ^
/opt/homebrew/Cellar/ruby/4.0.3/include/ruby-4.0.0/ruby/internal/core/rdata.h:317:1: note: 'rb_data_object_get_warning' has been explicitly marked deprecated here
  317 | RBIMPL_ATTRSET_UNTYPED_DATA_FUNC()
      | ^
/opt/homebrew/Cellar/ruby/4.0.3/include/ruby-4.0.0/ruby/internal/core/rdata.h:47:5: note: expanded from macro 'RBIMPL_ATTRSET_UNTYPED_DATA_FUNC'
   47 |     RBIMPL_ATTR_DEPRECATED(("by TypedData"))
      |     ^
/opt/homebrew/Cellar/ruby/4.0.3/include/ruby-4.0.0/ruby/internal/attr/deprecated.h:36:53: note: expanded from macro 'RBIMPL_ATTR_DEPRECATED'
   36 | # define RBIMPL_ATTR_DEPRECATED(msg) __attribute__((__deprecated__ msg))
      |                                                     ^
xml_sax_parser_context.c:148:3: warning: 'rb_data_object_get_warning' is deprecated: by TypedData [-Wdeprecated-declarations]
  148 |   Data_Get_Struct(self, xmlParserCtxt, ctxt);
      |   ^
/opt/homebrew/Cellar/ruby/4.0.3/include/ruby-4.0.0/ruby/internal/core/rdata.h:278:34: note: expanded from macro 'Data_Get_Struct'
  278 |     ((sval) = RBIMPL_CAST((type*)rb_data_object_get(obj)))
      |                                  ^
/opt/homebrew/Cellar/ruby/4.0.3/include/ruby-4.0.0/ruby/internal/core/rdata.h:370:31: note: expanded from macro 'rb_data_object_get'
  370 | #define rb_data_object_get    RUBY_MACRO_SELECT(rb_data_object_get_2, RUBY_UNTYPED_DATA_WARNING)
      |                               ^
/opt/homebrew/Cellar/ruby/4.0.3/include/ruby-4.0.0/ruby/internal/core/rdata.h:50:35: note: expanded from macro 'RUBY_MACRO_SELECT'
   50 | #define RUBY_MACRO_SELECT(x, y)   RBIMPL_MACRO_SELECT(x, y)
      |                                   ^
/opt/homebrew/Cellar/ruby/4.0.3/include/ruby-4.0.0/ruby/internal/core/rdata.h:49:35: note: expanded from macro 'RBIMPL_MACRO_SELECT'
   49 | #define RBIMPL_MACRO_SELECT(x, y) x ## y
      |                                   ^
<scratch space>:181:1: note: expanded from here
  181 | rb_data_object_get_1
      | ^
/opt/homebrew/Cellar/ruby/4.0.3/include/ruby-4.0.0/ruby/internal/core/rdata.h:368:31: note: expanded from macro 'rb_data_object_get_1'
  368 | #define rb_data_object_get_1  rb_data_object_get_warning
      |                               ^
/opt/homebrew/Cellar/ruby/4.0.3/include/ruby-4.0.0/ruby/internal/core/rdata.h:317:1: note: 'rb_data_object_get_warning' has been explicitly marked deprecated here
  317 | RBIMPL_ATTRSET_UNTYPED_DATA_FUNC()
      | ^
/opt/homebrew/Cellar/ruby/4.0.3/include/ruby-4.0.0/ruby/internal/core/rdata.h:47:5: note: expanded from macro 'RBIMPL_ATTRSET_UNTYPED_DATA_FUNC'
   47 |     RBIMPL_ATTR_DEPRECATED(("by TypedData"))
      |     ^
/opt/homebrew/Cellar/ruby/4.0.3/include/ruby-4.0.0/ruby/internal/attr/deprecated.h:36:53: note: expanded from macro 'RBIMPL_ATTR_DEPRECATED'
   36 | # define RBIMPL_ATTR_DEPRECATED(msg) __attribute__((__deprecated__ msg))
      |                                                     ^
xml_sax_parser_context.c:170:3: warning: 'rb_data_object_get_warning' is deprecated: by TypedData [-Wdeprecated-declarations]
  170 |   Data_Get_Struct(self, xmlParserCtxt, ctxt);
      |   ^
/opt/homebrew/Cellar/ruby/4.0.3/include/ruby-4.0.0/ruby/internal/core/rdata.h:278:34: note: expanded from macro 'Data_Get_Struct'
  278 |     ((sval) = RBIMPL_CAST((type*)rb_data_object_get(obj)))
      |                                  ^
/opt/homebrew/Cellar/ruby/4.0.3/include/ruby-4.0.0/ruby/internal/core/rdata.h:370:31: note: expanded from macro 'rb_data_object_get'
  370 | #define rb_data_object_get    RUBY_MACRO_SELECT(rb_data_object_get_2, RUBY_UNTYPED_DATA_WARNING)
      |                               ^
/opt/homebrew/Cellar/ruby/4.0.3/include/ruby-4.0.0/ruby/internal/core/rdata.h:50:35: note: expanded from macro 'RUBY_MACRO_SELECT'
   50 | #define RUBY_MACRO_SELECT(x, y)   RBIMPL_MACRO_SELECT(x, y)
      |                                   ^
/opt/homebrew/Cellar/ruby/4.0.3/include/ruby-4.0.0/ruby/internal/core/rdata.h:49:35: note: expanded from macro 'RBIMPL_MACRO_SELECT'
   49 | #define RBIMPL_MACRO_SELECT(x, y) x ## y
      |                                   ^
<scratch space>:182:1: note: expanded from here
  182 | rb_data_object_get_1
      | ^
/opt/homebrew/Cellar/ruby/4.0.3/include/ruby-4.0.0/ruby/internal/core/rdata.h:368:31: note: expanded from macro 'rb_data_object_get_1'
  368 | #define rb_data_object_get_1  rb_data_object_get_warning
      |                               ^
/opt/homebrew/Cellar/ruby/4.0.3/include/ruby-4.0.0/ruby/internal/core/rdata.h:317:1: note: 'rb_data_object_get_warning' has been explicitly marked deprecated here
  317 | RBIMPL_ATTRSET_UNTYPED_DATA_FUNC()
      | ^
/opt/homebrew/Cellar/ruby/4.0.3/include/ruby-4.0.0/ruby/internal/core/rdata.h:47:5: note: expanded from macro 'RBIMPL_ATTRSET_UNTYPED_DATA_FUNC'
   47 |     RBIMPL_ATTR_DEPRECATED(("by TypedData"))
      |     ^
/opt/homebrew/Cellar/ruby/4.0.3/include/ruby-4.0.0/ruby/internal/attr/deprecated.h:36:53: note: expanded from macro 'RBIMPL_ATTR_DEPRECATED'
   36 | # define RBIMPL_ATTR_DEPRECATED(msg) __attribute__((__deprecated__ msg))
      |                                                     ^
xml_sax_parser_context.c:190:3: warning: 'rb_data_object_get_warning' is deprecated: by TypedData [-Wdeprecated-declarations]
  190 |   Data_Get_Struct(self, xmlParserCtxt, ctxt);
      |   ^
/opt/homebrew/Cellar/ruby/4.0.3/include/ruby-4.0.0/ruby/internal/core/rdata.h:278:34: note: expanded from macro 'Data_Get_Struct'
  278 |     ((sval) = RBIMPL_CAST((type*)rb_data_object_get(obj)))
      |                                  ^
/opt/homebrew/Cellar/ruby/4.0.3/include/ruby-4.0.0/ruby/internal/core/rdata.h:370:31: note: expanded from macro 'rb_data_object_get'
  370 | #define rb_data_object_get    RUBY_MACRO_SELECT(rb_data_object_get_2, RUBY_UNTYPED_DATA_WARNING)
      |                               ^
/opt/homebrew/Cellar/ruby/4.0.3/include/ruby-4.0.0/ruby/internal/core/rdata.h:50:35: note: expanded from macro 'RUBY_MACRO_SELECT'
   50 | #define RUBY_MACRO_SELECT(x, y)   RBIMPL_MACRO_SELECT(x, y)
      |                                   ^
/opt/homebrew/Cellar/ruby/4.0.3/include/ruby-4.0.0/ruby/internal/core/rdata.h:49:35: note: expanded from macro 'RBIMPL_MACRO_SELECT'
   49 | #define RBIMPL_MACRO_SELECT(x, y) x ## y
      |                                   ^
<scratch space>:183:1: note: expanded from here
  183 | rb_data_object_get_1
      | ^
/opt/homebrew/Cellar/ruby/4.0.3/include/ruby-4.0.0/ruby/internal/core/rdata.h:368:31: note: expanded from macro 'rb_data_object_get_1'
  368 | #define rb_data_object_get_1  rb_data_object_get_warning
      |                               ^
/opt/homebrew/Cellar/ruby/4.0.3/include/ruby-4.0.0/ruby/internal/core/rdata.h:317:1: note: 'rb_data_object_get_warning' has been explicitly marked deprecated here
  317 | RBIMPL_ATTRSET_UNTYPED_DATA_FUNC()
      | ^
/opt/homebrew/Cellar/ruby/4.0.3/include/ruby-4.0.0/ruby/internal/core/rdata.h:47:5: note: expanded from macro 'RBIMPL_ATTRSET_UNTYPED_DATA_FUNC'
   47 |     RBIMPL_ATTR_DEPRECATED(("by TypedData"))
      |     ^
/opt/homebrew/Cellar/ruby/4.0.3/include/ruby-4.0.0/ruby/internal/attr/deprecated.h:36:53: note: expanded from macro 'RBIMPL_ATTR_DEPRECATED'
   36 | # define RBIMPL_ATTR_DEPRECATED(msg) __attribute__((__deprecated__ msg))
      |                                                     ^
xml_sax_parser_context.c:211:3: warning: 'rb_data_object_get_warning' is deprecated: by TypedData [-Wdeprecated-declarations]
  211 |   Data_Get_Struct(self, xmlParserCtxt, ctxt);
      |   ^
/opt/homebrew/Cellar/ruby/4.0.3/include/ruby-4.0.0/ruby/internal/core/rdata.h:278:34: note: expanded from macro 'Data_Get_Struct'
  278 |     ((sval) = RBIMPL_CAST((type*)rb_data_object_get(obj)))
      |                                  ^
/opt/homebrew/Cellar/ruby/4.0.3/include/ruby-4.0.0/ruby/internal/core/rdata.h:370:31: note: expanded from macro 'rb_data_object_get'
  370 | #define rb_data_object_get    RUBY_MACRO_SELECT(rb_data_object_get_2, RUBY_UNTYPED_DATA_WARNING)
      |                               ^
/opt/homebrew/Cellar/ruby/4.0.3/include/ruby-4.0.0/ruby/internal/core/rdata.h:50:35: note: expanded from macro 'RUBY_MACRO_SELECT'
   50 | #define RUBY_MACRO_SELECT(x, y)   RBIMPL_MACRO_SELECT(x, y)
      |                                   ^
/opt/homebrew/Cellar/ruby/4.0.3/include/ruby-4.0.0/ruby/internal/core/rdata.h:49:35: note: expanded from macro 'RBIMPL_MACRO_SELECT'
   49 | #define RBIMPL_MACRO_SELECT(x, y) x ## y
      |                                   ^
<scratch space>:184:1: note: expanded from here
  184 | rb_data_object_get_1
      | ^
/opt/homebrew/Cellar/ruby/4.0.3/include/ruby-4.0.0/ruby/internal/core/rdata.h:368:31: note: expanded from macro 'rb_data_object_get_1'
  368 | #define rb_data_object_get_1  rb_data_object_get_warning
      |                               ^
/opt/homebrew/Cellar/ruby/4.0.3/include/ruby-4.0.0/ruby/internal/core/rdata.h:317:1: note: 'rb_data_object_get_warning' has been explicitly marked deprecated here
  317 | RBIMPL_ATTRSET_UNTYPED_DATA_FUNC()
      | ^
/opt/homebrew/Cellar/ruby/4.0.3/include/ruby-4.0.0/ruby/internal/core/rdata.h:47:5: note: expanded from macro 'RBIMPL_ATTRSET_UNTYPED_DATA_FUNC'
   47 |     RBIMPL_ATTR_DEPRECATED(("by TypedData"))
      |     ^
/opt/homebrew/Cellar/ruby/4.0.3/include/ruby-4.0.0/ruby/internal/attr/deprecated.h:36:53: note: expanded from macro 'RBIMPL_ATTR_DEPRECATED'
   36 | # define RBIMPL_ATTR_DEPRECATED(msg) __attribute__((__deprecated__ msg))
      |                                                     ^
xml_sax_parser_context.c:232:3: warning: 'rb_data_object_get_warning' is deprecated: by TypedData [-Wdeprecated-declarations]
  232 |   Data_Get_Struct(self, xmlParserCtxt, ctxt);
      |   ^
/opt/homebrew/Cellar/ruby/4.0.3/include/ruby-4.0.0/ruby/internal/core/rdata.h:278:34: note: expanded from macro 'Data_Get_Struct'
  278 |     ((sval) = RBIMPL_CAST((type*)rb_data_object_get(obj)))
      |                                  ^
/opt/homebrew/Cellar/ruby/4.0.3/include/ruby-4.0.0/ruby/internal/core/rdata.h:370:31: note: expanded from macro 'rb_data_object_get'
  370 | #define rb_data_object_get    RUBY_MACRO_SELECT(rb_data_object_get_2, RUBY_UNTYPED_DATA_WARNING)
      |                               ^
/opt/homebrew/Cellar/ruby/4.0.3/include/ruby-4.0.0/ruby/internal/core/rdata.h:50:35: note: expanded from macro 'RUBY_MACRO_SELECT'
   50 | #define RUBY_MACRO_SELECT(x, y)   RBIMPL_MACRO_SELECT(x, y)
      |                                   ^
/opt/homebrew/Cellar/ruby/4.0.3/include/ruby-4.0.0/ruby/internal/core/rdata.h:49:35: note: expanded from macro 'RBIMPL_MACRO_SELECT'
   49 | #define RBIMPL_MACRO_SELECT(x, y) x ## y
      |                                   ^
<scratch space>:185:1: note: expanded from here
  185 | rb_data_object_get_1
      | ^
/opt/homebrew/Cellar/ruby/4.0.3/include/ruby-4.0.0/ruby/internal/core/rdata.h:368:31: note: expanded from macro 'rb_data_object_get_1'
  368 | #define rb_data_object_get_1  rb_data_object_get_warning
      |                               ^
/opt/homebrew/Cellar/ruby/4.0.3/include/ruby-4.0.0/ruby/internal/core/rdata.h:317:1: note: 'rb_data_object_get_warning' has been explicitly marked deprecated here
  317 | RBIMPL_ATTRSET_UNTYPED_DATA_FUNC()
      | ^
/opt/homebrew/Cellar/ruby/4.0.3/include/ruby-4.0.0/ruby/internal/core/rdata.h:47:5: note: expanded from macro 'RBIMPL_ATTRSET_UNTYPED_DATA_FUNC'
   47 |     RBIMPL_ATTR_DEPRECATED(("by TypedData"))
      |     ^
/opt/homebrew/Cellar/ruby/4.0.3/include/ruby-4.0.0/ruby/internal/attr/deprecated.h:36:53: note: expanded from macro 'RBIMPL_ATTR_DEPRECATED'
   36 | # define RBIMPL_ATTR_DEPRECATED(msg) __attribute__((__deprecated__ msg))
      |                                                     ^
xml_sax_parser_context.c:254:3: warning: 'rb_data_object_get_warning' is deprecated: by TypedData [-Wdeprecated-declarations]
  254 |   Data_Get_Struct(self, xmlParserCtxt, ctxt);
      |   ^
/opt/homebrew/Cellar/ruby/4.0.3/include/ruby-4.0.0/ruby/internal/core/rdata.h:278:34: note: expanded from macro 'Data_Get_Struct'
  278 |     ((sval) = RBIMPL_CAST((type*)rb_data_object_get(obj)))
      |                                  ^
/opt/homebrew/Cellar/ruby/4.0.3/include/ruby-4.0.0/ruby/internal/core/rdata.h:370:31: note: expanded from macro 'rb_data_object_get'
  370 | #define rb_data_object_get    RUBY_MACRO_SELECT(rb_data_object_get_2, RUBY_UNTYPED_DATA_WARNING)
      |                               ^30
 warnings generated/opt/homebrew/Cellar/ruby/4.0.3/include/ruby-4.0.0/ruby/internal/core/rdata.h.
:50:35: note: expanded from macro 'RUBY_MACRO_SELECT'
   50 | #define RUBY_MACRO_SELECT(x, y)   RBIMPL_MACRO_SELECT(x, y)
      |                                   ^
/opt/homebrew/Cellar/ruby/4.0.3/include/ruby-4.0.0/ruby/internal/core/rdata.h:49:35: note: expanded from macro 'RBIMPL_MACRO_SELECT'
   49 | #define RBIMPL_MACRO_SELECT(x, y) x ## y
      |                                   ^
<scratch space>:186:1: note: expanded from here
  186 | rb_data_object_get_1
      | ^
/opt/homebrew/Cellar/ruby/4.0.3/include/ruby-4.0.0/ruby/internal/core/rdata.h:368:31: note: expanded from macro 'rb_data_object_get_1'
  368 | #define rb_data_object_get_1  rb_data_object_get_warning
      |                               ^
/opt/homebrew/Cellar/ruby/4.0.3/include/ruby-4.0.0/ruby/internal/core/rdata.h:317:1: note: 'rb_data_object_get_warning' has been explicitly marked deprecated here
  317 | RBIMPL_ATTRSET_UNTYPED_DATA_FUNC()
      | ^
/opt/homebrew/Cellar/ruby/4.0.3/include/ruby-4.0.0/ruby/internal/core/rdata.h:47:5: note: expanded from macro 'RBIMPL_ATTRSET_UNTYPED_DATA_FUNC'
   47 |     RBIMPL_ATTR_DEPRECATED(("by TypedData"))
      |     ^
/opt/homebrew/Cellar/ruby/4.0.3/include/ruby-4.0.0/ruby/internal/attr/deprecated.h:36:53: note: expanded from macro 'RBIMPL_ATTR_DEPRECATED'
   36 | # define RBIMPL_ATTR_DEPRECATED(msg) __attribute__((__deprecated__ msg))
      |                                                     ^
compiling xml_xpath_context.c
7 warnings generated.
1 warning generated.
compiling xslt_stylesheet.c
7 warnings generated.
59 warnings generated.
11 warnings generated.
xml_text.c:23:3: warning: 'rb_data_object_get_warning' is deprecated: by TypedData [-Wdeprecated-declarations]
   23 |   Data_Get_Struct(document, xmlDoc, doc);
      |   ^
/opt/homebrew/Cellar/ruby/4.0.3/include/ruby-4.0.0/ruby/internal/core/rdata.h:278:34: note: expanded from macro 'Data_Get_Struct'
  278 |     ((sval) = RBIMPL_CAST((type*)rb_data_object_get(obj)))
      |                                  ^
/opt/homebrew/Cellar/ruby/4.0.3/include/ruby-4.0.0/ruby/internal/core/rdata.h:370:31: note: expanded from macro 'rb_data_object_get'
  370 | #define rb_data_object_get    RUBY_MACRO_SELECT(rb_data_object_get_2, RUBY_UNTYPED_DATA_WARNING)
      |                               ^
/opt/homebrew/Cellar/ruby/4.0.3/include/ruby-4.0.0/ruby/internal/core/rdata.h:50:35: note: expanded from macro 'RUBY_MACRO_SELECT'
   50 | #define RUBY_MACRO_SELECT(x, y)   RBIMPL_MACRO_SELECT(x, y)
      |                                   ^
/opt/homebrew/Cellar/ruby/4.0.3/include/ruby-4.0.0/ruby/internal/core/rdata.h:49:35: note: expanded from macro 'RBIMPL_MACRO_SELECT'
   49 | #define RBIMPL_MACRO_SELECT(x, y) x ## y
      |                                   ^
<scratch space>:176:1: note: expanded from here
  176 | rb_data_object_get_1
      | ^
/opt/homebrew/Cellar/ruby/4.0.3/include/ruby-4.0.0/ruby/internal/core/rdata.h:368:31: note: expanded from macro 'rb_data_object_get_1'
  368 | #define rb_data_object_get_1  rb_data_object_get_warning
      |                               ^
/opt/homebrew/Cellar/ruby/4.0.3/include/ruby-4.0.0/ruby/internal/core/rdata.h:317:1: note: 'rb_data_object_get_warning' has been explicitly marked deprecated here
  317 | RBIMPL_ATTRSET_UNTYPED_DATA_FUNC()
      | ^
/opt/homebrew/Cellar/ruby/4.0.3/include/ruby-4.0.0/ruby/internal/core/rdata.h:47:5: note: expanded from macro 'RBIMPL_ATTRSET_UNTYPED_DATA_FUNC'
   47 |     RBIMPL_ATTR_DEPRECATED(("by TypedData"))
      |     ^
/opt/homebrew/Cellar/ruby/4.0.3/include/ruby-4.0.0/ruby/internal/attr/deprecated.h:36:53: note: expanded from macro 'RBIMPL_ATTR_DEPRECATED'
   36 | # define RBIMPL_ATTR_DEPRECATED(msg) __attribute__((__deprecated__ msg))
      |                                                     ^
1 warning generated.
xml_xpath_context.c:119:3: warning: 'rb_data_object_get_warning' is deprecated: by TypedData [-Wdeprecated-declarations]
  119 |   Data_Get_Struct(self, xmlXPathContext, ctx);
      |   ^
/opt/homebrew/Cellar/ruby/4.0.3/include/ruby-4.0.0/ruby/internal/core/rdata.h:278:34: note: expanded from macro 'Data_Get_Struct'
  278 |     ((sval) = RBIMPL_CAST((type*)rb_data_object_get(obj)))
      |                                  ^
/opt/homebrew/Cellar/ruby/4.0.3/include/ruby-4.0.0/ruby/internal/core/rdata.h:370:31: note: expanded from macro 'rb_data_object_get'
  370 | #define rb_data_object_get    RUBY_MACRO_SELECT(rb_data_object_get_2, RUBY_UNTYPED_DATA_WARNING)
      |                               ^
/opt/homebrew/Cellar/ruby/4.0.3/include/ruby-4.0.0/ruby/internal/core/rdata.h:50:35: note: expanded from macro 'RUBY_MACRO_SELECT'
   50 | #define RUBY_MACRO_SELECT(x, y)   RBIMPL_MACRO_SELECT(x, y)
      |                                   ^
/opt/homebrew/Cellar/ruby/4.0.3/include/ruby-4.0.0/ruby/internal/core/rdata.h:49:35: note: expanded from macro 'RBIMPL_MACRO_SELECT'
   49 | #define RBIMPL_MACRO_SELECT(x, y) x ## y
      |                                   ^
<scratch space>:176:1: note: expanded from here
  176 | rb_data_object_get_1
      | ^
/opt/homebrew/Cellar/ruby/4.0.3/include/ruby-4.0.0/ruby/internal/core/rdata.h:368:31: note: expanded from macro 'rb_data_object_get_1'
  368 | #define rb_data_object_get_1  rb_data_object_get_warning
      |                               ^
/opt/homebrew/Cellar/ruby/4.0.3/include/ruby-4.0.0/ruby/internal/core/rdata.h:317:1: note: 'rb_data_object_get_warning' has been explicitly marked deprecated here
  317 | RBIMPL_ATTRSET_UNTYPED_DATA_FUNC()
      | ^
/opt/homebrew/Cellar/ruby/4.0.3/include/ruby-4.0.0/ruby/internal/core/rdata.h:47:5: note: expanded from macro 'RBIMPL_ATTRSET_UNTYPED_DATA_FUNC'
   47 |     RBIMPL_ATTR_DEPRECATED(("by TypedData"))
      |     ^
/opt/homebrew/Cellar/ruby/4.0.3/include/ruby-4.0.0/ruby/internal/attr/deprecated.h:36:53: note: expanded from macro 'RBIMPL_ATTR_DEPRECATED'
   36 | # define RBIMPL_ATTR_DEPRECATED(msg) __attribute__((__deprecated__ msg))
      |                                                     ^
xml_xpath_context.c:139:3: warning: 'rb_data_object_get_warning' is deprecated: by TypedData [-Wdeprecated-declarations]
  139 |   Data_Get_Struct(self, xmlXPathContext, ctx);
      |   ^
/opt/homebrew/Cellar/ruby/4.0.3/include/ruby-4.0.0/ruby/internal/core/rdata.h:278:34: note: expanded from macro 'Data_Get_Struct'
  278 |     ((sval) = RBIMPL_CAST((type*)rb_data_object_get(obj)))
      |                                  ^
/opt/homebrew/Cellar/ruby/4.0.3/include/ruby-4.0.0/ruby/internal/core/rdata.h:370:31: note: expanded from macro 'rb_data_object_get'
  370 | #define rb_data_object_get    RUBY_MACRO_SELECT(rb_data_object_get_2, RUBY_UNTYPED_DATA_WARNING)
      |                               ^
/opt/homebrew/Cellar/ruby/4.0.3/include/ruby-4.0.0/ruby/internal/core/rdata.h:50:35: note: expanded from macro 'RUBY_MACRO_SELECT'
   50 | #define RUBY_MACRO_SELECT(x, y)   RBIMPL_MACRO_SELECT(x, y)
      |                                   ^
/opt/homebrew/Cellar/ruby/4.0.3/include/ruby-4.0.0/ruby/internal/core/rdata.h:49:35: note: expanded from macro 'RBIMPL_MACRO_SELECT'
   49 | #define RBIMPL_MACRO_SELECT(x, y) x ## y
      |                                   ^
<scratch space>:177:1: note: expanded from here
  177 | rb_data_object_get_1
      | ^
/opt/homebrew/Cellar/ruby/4.0.3/include/ruby-4.0.0/ruby/internal/core/rdata.h:368:31: note: expanded from macro 'rb_data_object_get_1'
  368 | #define rb_data_object_get_1  rb_data_object_get_warning
      |                               ^
/opt/homebrew/Cellar/ruby/4.0.3/include/ruby-4.0.0/ruby/internal/core/rdata.h:317:1: note: 'rb_data_object_get_warning' has been explicitly marked deprecated here
  317 | RBIMPL_ATTRSET_UNTYPED_DATA_FUNC()
      | ^
/opt/homebrew/Cellar/ruby/4.0.3/include/ruby-4.0.0/ruby/internal/core/rdata.h:47:5: note: expanded from macro 'RBIMPL_ATTRSET_UNTYPED_DATA_FUNC'
   47 |     RBIMPL_ATTR_DEPRECATED(("by TypedData"))
      |     ^
/opt/homebrew/Cellar/ruby/4.0.3/include/ruby-4.0.0/ruby/internal/attr/deprecated.h:36:53: note: expanded from macro 'RBIMPL_ATTR_DEPRECATED'
   36 | # define RBIMPL_ATTR_DEPRECATED(msg) __attribute__((__deprecated__ msg))
      |                                                     ^
xml_xpath_context.c:246:7: warning: 'rb_data_object_get_warning' is deprecated: by TypedData [-Wdeprecated-declarations]
  246 |       Data_Get_Struct(node_set, xmlNodeSet, xml_node_set);
      |       ^
/opt/homebrew/Cellar/ruby/4.0.3/include/ruby-4.0.0/ruby/internal/core/rdata.h:278:34: note: expanded from macro 'Data_Get_Struct'
  278 |     ((sval) = RBIMPL_CAST((type*)rb_data_object_get(obj)))
      |                                  ^
/opt/homebrew/Cellar/ruby/4.0.3/include/ruby-4.0.0/ruby/internal/core/rdata.h:370:31: note: expanded from macro 'rb_data_object_get'
  370 | #define rb_data_object_get    RUBY_MACRO_SELECT(rb_data_object_get_2, RUBY_UNTYPED_DATA_WARNING)
      |                               ^
/opt/homebrew/Cellar/ruby/4.0.3/include/ruby-4.0.0/ruby/internal/core/rdata.h:50:35: note: expanded from macro 'RUBY_MACRO_SELECT'
   50 | #define RUBY_MACRO_SELECT(x, y)   RBIMPL_MACRO_SELECT(x, y)
      |                                   ^
/opt/homebrew/Cellar/ruby/4.0.3/include/ruby-4.0.0/ruby/internal/core/rdata.h:49:35: note: expanded from macro 'RBIMPL_MACRO_SELECT'
   49 | #define RBIMPL_MACRO_SELECT(x, y) x ## y
      |                                   ^
<scratch space>:178:1: note: expanded from here
  178 | rb_data_object_get_1
      | ^
/opt/homebrew/Cellar/ruby/4.0.3/include/ruby-4.0.0/ruby/internal/core/rdata.h:368:31: note: expanded from macro 'rb_data_object_get_1'
  368 | #define rb_data_object_get_1  rb_data_object_get_warning
      |                               ^
/opt/homebrew/Cellar/ruby/4.0.3/include/ruby-4.0.0/ruby/internal/core/rdata.h:317:1: note: 'rb_data_object_get_warning' has been explicitly marked deprecated here
  317 | RBIMPL_ATTRSET_UNTYPED_DATA_FUNC()
      | ^
/opt/homebrew/Cellar/ruby/4.0.3/include/ruby-4.0.0/ruby/internal/core/rdata.h:47:5: note: expanded from macro 'RBIMPL_ATTRSET_UNTYPED_DATA_FUNC'
   47 |     RBIMPL_ATTR_DEPRECATED(("by TypedData"))
      |     ^
/opt/homebrew/Cellar/ruby/4.0.3/include/ruby-4.0.0/ruby/internal/attr/deprecated.h:36:53: note: expanded from macro 'RBIMPL_ATTR_DEPRECATED'
   36 | # define RBIMPL_ATTR_DEPRECATED(msg) __attribute__((__deprecated__ msg))
      |                                                     ^
xml_xpath_context.c:252:9: warning: 'rb_data_object_get_warning' is deprecated: by TypedData [-Wdeprecated-declarations]
  252 |         Data_Get_Struct(result, xmlNodeSet, xml_node_set);
      |         ^
/opt/homebrew/Cellar/ruby/4.0.3/include/ruby-4.0.0/ruby/internal/core/rdata.h:278:34: note: expanded from macro 'Data_Get_Struct'
  278 |     ((sval) = RBIMPL_CAST((type*)rb_data_object_get(obj)))
      |                                  ^
/opt/homebrew/Cellar/ruby/4.0.3/include/ruby-4.0.0/ruby/internal/core/rdata.h:370:31: note: expanded from macro 'rb_data_object_get'
  370 | #define rb_data_object_get    RUBY_MACRO_SELECT(rb_data_object_get_2, RUBY_UNTYPED_DATA_WARNING)
      |                               ^
/opt/homebrew/Cellar/ruby/4.0.3/include/ruby-4.0.0/ruby/internal/core/rdata.h:50:35: note: expanded from macro 'RUBY_MACRO_SELECT'
   50 | #define RUBY_MACRO_SELECT(x, y)   RBIMPL_MACRO_SELECT(x, y)
      |                                   ^
/opt/homebrew/Cellar/ruby/4.0.3/include/ruby-4.0.0/ruby/internal/core/rdata.h:49:35: note: expanded from macro 'RBIMPL_MACRO_SELECT'
   49 | #define RBIMPL_MACRO_SELECT(x, y) x ## y
      |                                   ^
<scratch space>:179:1: note: expanded from here
  179 | rb_data_object_get_1
      | ^
/opt/homebrew/Cellar/ruby/4.0.3/include/ruby-4.0.0/ruby/internal/core/rdata.h:368:31: note: expanded from macro 'rb_data_object_get_1'
  368 | #define rb_data_object_get_1  rb_data_object_get_warning
      |                               ^
/opt/homebrew/Cellar/ruby/4.0.3/include/ruby-4.0.0/ruby/internal/core/rdata.h:317:1: note: 'rb_data_object_get_warning' has been explicitly marked deprecated here
  317 | RBIMPL_ATTRSET_UNTYPED_DATA_FUNC()
      | ^
/opt/homebrew/Cellar/ruby/4.0.3/include/ruby-4.0.0/ruby/internal/core/rdata.h:47:5: note: expanded from macro 'RBIMPL_ATTRSET_UNTYPED_DATA_FUNC'
   47 |     RBIMPL_ATTR_DEPRECATED(("by TypedData"))
      |     ^
/opt/homebrew/Cellar/ruby/4.0.3/include/ruby-4.0.0/ruby/internal/attr/deprecated.h:36:53: note: expanded from macro 'RBIMPL_ATTR_DEPRECATED'
   36 | # define RBIMPL_ATTR_DEPRECATED(msg) __attribute__((__deprecated__ msg))
      |                                                     ^
xml_xpath_context.c:321:3: warning: 'rb_data_object_get_warning' is deprecated: by TypedData [-Wdeprecated-declarations]
  321 |   Data_Get_Struct(self, xmlXPathContext, ctx);
      |   ^
/opt/homebrew/Cellar/ruby/4.0.3/include/ruby-4.0.0/ruby/internal/core/rdata.h:278:34: note: expanded from macro 'Data_Get_Struct'
  278 |     ((sval) = RBIMPL_CAST((type*)rb_data_object_get(obj)))
      |                                  ^
/opt/homebrew/Cellar/ruby/4.0.3/include/ruby-4.0.0/ruby/internal/core/rdata.h:370:31: note: expanded from macro 'rb_data_object_get'
  370 | #define rb_data_object_get    RUBY_MACRO_SELECT(rb_data_object_get_2, RUBY_UNTYPED_DATA_WARNING)
      |                               ^
/opt/homebrew/Cellar/ruby/4.0.3/include/ruby-4.0.0/ruby/internal/core/rdata.h:50:35: note: expanded from macro 'RUBY_MACRO_SELECT'
   50 | #define RUBY_MACRO_SELECT(x, y)   RBIMPL_MACRO_SELECT(x, y)
      |                                   ^
/opt/homebrew/Cellar/ruby/4.0.3/include/ruby-4.0.0/ruby/internal/core/rdata.h:49:35: note: expanded from macro 'RBIMPL_MACRO_SELECT'
   49 | #define RBIMPL_MACRO_SELECT(x, y) x ## y
      |                                   ^
<scratch space>:180:1: note: expanded from here
  180 | rb_data_object_get_1
      | ^
/opt/homebrew/Cellar/ruby/4.0.3/include/ruby-4.0.0/ruby/internal/core/rdata.h:368:31: note: expanded from macro 'rb_data_object_get_1'
  368 | #define rb_data_object_get_1  rb_data_object_get_warning
      |                               ^
/opt/homebrew/Cellar/ruby/4.0.3/include/ruby-4.0.0/ruby/internal/core/rdata.h:317:1: note: 'rb_data_object_get_warning' has been explicitly marked deprecated here
  317 | RBIMPL_ATTRSET_UNTYPED_DATA_FUNC()
      | ^
/opt/homebrew/Cellar/ruby/4.0.3/include/ruby-4.0.0/ruby/internal/core/rdata.h:47:5: note: expanded from macro 'RBIMPL_ATTRSET_UNTYPED_DATA_FUNC'
   47 |     RBIMPL_ATTR_DEPRECATED(("by TypedData"))
      |     ^
/opt/homebrew/Cellar/ruby/4.0.3/include/ruby-4.0.0/ruby/internal/attr/deprecated.h:36:53: note: expanded from macro 'RBIMPL_ATTR_DEPRECATED'
   36 | # define RBIMPL_ATTR_DEPRECATED(msg) __attribute__((__deprecated__ msg))
      |                                                     ^
xml_xpath_context.c:374:3: warning: 'rb_data_object_get_warning' is deprecated: by TypedData [-Wdeprecated-declarations]
  374 |   Data_Get_Struct(nodeobj, xmlNode, node);
      |   ^
/opt/homebrew/Cellar/ruby/4.0.3/include/ruby-4.0.0/ruby/internal/core/rdata.h:278:34: note: expanded from macro 'Data_Get_Struct'
  278 |     ((sval) = RBIMPL_CAST((type*)rb_data_object_get(obj)))
      |                                  ^
/opt/homebrew/Cellar/ruby/4.0.3/include/ruby-4.0.0/ruby/internal/core/rdata.h:370:31: note: expanded from macro 'rb_data_object_get'
  370 | #define rb_data_object_get    RUBY_MACRO_SELECT(rb_data_object_get_2, RUBY_UNTYPED_DATA_WARNING)
      |                               ^
/opt/homebrew/Cellar/ruby/4.0.3/include/ruby-4.0.0/ruby/internal/core/rdata.h:50:35: note: expanded from macro 'RUBY_MACRO_SELECT'
   50 | #define RUBY_MACRO_SELECT(x, y)   RBIMPL_MACRO_SELECT(x, y)
      |                                   ^
/opt/homebrew/Cellar/ruby/4.0.3/include/ruby-4.0.0/ruby/internal/core/rdata.h:49:35: note: expanded from macro 'RBIMPL_MACRO_SELECT'
   49 | #define RBIMPL_MACRO_SELECT(x, y) x ## y
      |                                   ^
<scratch space>:181:1: note: expanded from here
  181 | rb_data_object_get_1
      | ^
/opt/homebrew/Cellar/ruby/4.0.3/include/ruby-4.0.0/ruby/internal/core/rdata.h:368:31: note: expanded from macro 'rb_data_object_get_1'
  368 | #define rb_data_object_get_1  rb_data_object_get_warning
      |                               ^
/opt/homebrew/Cellar/ruby/4.0.3/include/ruby-4.0.0/ruby/internal/core/rdata.h:317:1: note: 'rb_data_object_get_warning' has been explicitly marked deprecated here
  317 | RBIMPL_ATTRSET_UNTYPED_DATA_FUNC()
      | ^
/opt/homebrew/Cellar/ruby/4.0.3/include/ruby-4.0.0/ruby/internal/core/rdata.h:47:5: note: expanded from macro 'RBIMPL_ATTRSET_UNTYPED_DATA_FUNC'
   47 |     RBIMPL_ATTR_DEPRECATED(("by TypedData"))
      |     ^
/opt/homebrew/Cellar/ruby/4.0.3/include/ruby-4.0.0/ruby/internal/attr/deprecated.h:36:53: note: expanded from macro 'RBIMPL_ATTR_DEPRECATED'
   36 | # define RBIMPL_ATTR_DEPRECATED(msg) __attribute__((__deprecated__ msg))
      |                                                     ^
xml_xpath_context.c:387:10: warning: 'rb_data_object_wrap_warning' is deprecated: by TypedData [-Wdeprecated-declarations]
  387 |   self = Data_Wrap_Struct(klass, 0, deallocate, ctx);
      |          ^
/opt/homebrew/Cellar/ruby/4.0.3/include/ruby-4.0.0/ruby/internal/core/rdata.h:202:5: note: expanded from macro 'Data_Wrap_Struct'
  202 |     rb_data_object_wrap(                          \
      |     ^
/opt/homebrew/Cellar/ruby/4.0.3/include/ruby-4.0.0/ruby/internal/core/rdata.h:366:31: note: expanded from macro 'rb_data_object_wrap'
  366 | #define rb_data_object_wrap   RUBY_MACRO_SELECT(rb_data_object_wrap_2, RUBY_UNTYPED_DATA_WARNING)
      |                               ^
/opt/homebrew/Cellar/ruby/4.0.3/include/ruby-4.0.0/ruby/internal/core/rdata.h:50:35: note: expanded from macro 'RUBY_MACRO_SELECT'
   50 | #define RUBY_MACRO_SELECT(x, y)   RBIMPL_MACRO_SELECT(x, y)
      |                                   ^
/opt/homebrew/Cellar/ruby/4.0.3/include/ruby-4.0.0/ruby/internal/core/rdata.h:49:35: note: expanded from macro 'RBIMPL_MACRO_SELECT'
   49 | #define RBIMPL_MACRO_SELECT(x, y) x ## y
      |                                   ^
<scratch space>:182:1: note: expanded from here
  182 | rb_data_object_wrap_1
      | ^
/opt/homebrew/Cellar/ruby/4.0.3/include/ruby-4.0.0/ruby/internal/core/rdata.h:364:31: note: expanded from macro 'rb_data_object_wrap_1'
  364 | #define rb_data_object_wrap_1 rb_data_object_wrap_warning
      |                               ^
/opt/homebrew/Cellar/ruby/4.0.3/include/ruby-4.0.0/ruby/internal/core/rdata.h:280:1: note: 'rb_data_object_wrap_warning' has been explicitly marked deprecated here
  280 | RBIMPL_ATTRSET_UNTYPED_DATA_FUNC()
      | ^
/opt/homebrew/Cellar/ruby/4.0.3/include/ruby-4.0.0/ruby/internal/core/rdata.h:47:5: note: expanded from macro 'RBIMPL_ATTRSET_UNTYPED_DATA_FUNC'
   47 |     RBIMPL_ATTR_DEPRECATED(("by TypedData"))
      |     ^
/opt/homebrew/Cellar/ruby/4.0.3/include/ruby-4.0.0/ruby/internal/attr/deprecated.h:36:53: note: expanded from macro 'RBIMPL_ATTR_DEPRECATED'
   36 | # define RBIMPL_ATTR_DEPRECATED(msg) __attribute__((__deprecated__ msg))
      |                                                     ^
xslt_stylesheet.c:66:3: warning: 'rb_data_object_get_warning' is deprecated: by TypedData [-Wdeprecated-declarations]
   66 |   Data_Get_Struct(xmldocobj, xmlDoc, xml);
      |   ^
/opt/homebrew/Cellar/ruby/4.0.3/include/ruby-4.0.0/ruby/internal/core/rdata.h:278:34: note: expanded from macro 'Data_Get_Struct'
  278 |     ((sval) = RBIMPL_CAST((type*)rb_data_object_get(obj)))
      |                                  ^
/opt/homebrew/Cellar/ruby/4.0.3/include/ruby-4.0.0/ruby/internal/core/rdata.h:370:31: note: expanded from macro 'rb_data_object_get'
  370 | #define rb_data_object_get    RUBY_MACRO_SELECT(rb_data_object_get_2, RUBY_UNTYPED_DATA_WARNING)
      |                               ^
/opt/homebrew/Cellar/ruby/4.0.3/include/ruby-4.0.0/ruby/internal/core/rdata.h:50:35: note: expanded from macro 'RUBY_MACRO_SELECT'
   50 | #define RUBY_MACRO_SELECT(x, y)   RBIMPL_MACRO_SELECT(x, y)
      |                                   ^
/opt/homebrew/Cellar/ruby/4.0.3/include/ruby-4.0.0/ruby/internal/core/rdata.h:49:35: note: expanded from macro 'RBIMPL_MACRO_SELECT'
   49 | #define RBIMPL_MACRO_SELECT(x, y) x ## y
      |                                   ^
<scratch space>:176:1: note: expanded from here
  176 | rb_data_object_get_1
      | ^
/opt/homebrew/Cellar/ruby/4.0.3/include/ruby-4.0.0/ruby/internal/core/rdata.h:368:31: note: expanded from macro 'rb_data_object_get_1'
  368 | #define rb_data_object_get_1  rb_data_object_get_warning
      |                               ^
/opt/homebrew/Cellar/ruby/4.0.3/include/ruby-4.0.0/ruby/internal/core/rdata.h:317:1: note: 'rb_data_object_get_warning' has been explicitly marked deprecated here
  317 | RBIMPL_ATTRSET_UNTYPED_DATA_FUNC()
      | ^
/opt/homebrew/Cellar/ruby/4.0.3/include/ruby-4.0.0/ruby/internal/core/rdata.h:47:5: note: expanded from macro 'RBIMPL_ATTRSET_UNTYPED_DATA_FUNC'
   47 |     RBIMPL_ATTR_DEPRECATED(("by TypedData"))
      |     ^
/opt/homebrew/Cellar/ruby/4.0.3/include/ruby-4.0.0/ruby/internal/attr/deprecated.h:36:53: note: expanded from macro 'RBIMPL_ATTR_DEPRECATED'
   36 | # define RBIMPL_ATTR_DEPRECATED(msg) __attribute__((__deprecated__ msg))
      |                                                     ^
xslt_stylesheet.c:101:3: warning: 'rb_data_object_get_warning' is deprecated: by TypedData [-Wdeprecated-declarations]
  101 |   Data_Get_Struct(xmlobj, xmlDoc, xml);
      |   ^
/opt/homebrew/Cellar/ruby/4.0.3/include/ruby-4.0.0/ruby/internal/core/rdata.h:278:34: note: expanded from macro 'Data_Get_Struct'
  278 |     ((sval) = RBIMPL_CAST((type*)rb_data_object_get(obj)))
      |                                  ^
/opt/homebrew/Cellar/ruby/4.0.3/include/ruby-4.0.0/ruby/internal/core/rdata.h:370:31: note: expanded from macro 'rb_data_object_get'
  370 | #define rb_data_object_get    RUBY_MACRO_SELECT(rb_data_object_get_2, RUBY_UNTYPED_DATA_WARNING)
      |                               ^
/opt/homebrew/Cellar/ruby/4.0.3/include/ruby-4.0.0/ruby/internal/core/rdata.h:50:35: note: expanded from macro 'RUBY_MACRO_SELECT'
   50 | #define RUBY_MACRO_SELECT(x, y)   RBIMPL_MACRO_SELECT(x, y)
      |                                   ^
/opt/homebrew/Cellar/ruby/4.0.3/include/ruby-4.0.0/ruby/internal/core/rdata.h:49:35: note: expanded from macro 'RBIMPL_MACRO_SELECT'
   49 | #define RBIMPL_MACRO_SELECT(x, y) x ## y
      |                                   ^
<scratch space>:177:1: note: expanded from here
  177 | rb_data_object_get_1
      | ^
/opt/homebrew/Cellar/ruby/4.0.3/include/ruby-4.0.0/ruby/internal/core/rdata.h:368:31: note: expanded from macro 'rb_data_object_get_1'
  368 | #define rb_data_object_get_1  rb_data_object_get_warning
      |                               ^
/opt/homebrew/Cellar/ruby/4.0.3/include/ruby-4.0.0/ruby/internal/core/rdata.h:317:1: note: 'rb_data_object_get_warning' has been explicitly marked deprecated here
  317 | RBIMPL_ATTRSET_UNTYPED_DATA_FUNC()
      | ^
/opt/homebrew/Cellar/ruby/4.0.3/include/ruby-4.0.0/ruby/internal/core/rdata.h:47:5: note: expanded from macro 'RBIMPL_ATTRSET_UNTYPED_DATA_FUNC'
   47 |     RBIMPL_ATTR_DEPRECATED(("by TypedData"))
      |     ^
/opt/homebrew/Cellar/ruby/4.0.3/include/ruby-4.0.0/ruby/internal/attr/deprecated.h:36:53: note: expanded from macro 'RBIMPL_ATTR_DEPRECATED'
   36 | # define RBIMPL_ATTR_DEPRECATED(msg) __attribute__((__deprecated__ msg))
      |                                                     ^
xslt_stylesheet.c:102:3: warning: 'rb_data_object_get_warning' is deprecated: by TypedData [-Wdeprecated-declarations]
  102 |   Data_Get_Struct(self, nokogiriXsltStylesheetTuple, wrapper);
      |   ^
/opt/homebrew/Cellar/ruby/4.0.3/include/ruby-4.0.0/ruby/internal/core/rdata.h:278:34: note: expanded from macro 'Data_Get_Struct'
  278 |     ((sval) = RBIMPL_CAST((type*)rb_data_object_get(obj)))
      |                                  ^
/opt/homebrew/Cellar/ruby/4.0.3/include/ruby-4.0.0/ruby/internal/core/rdata.h:370:31: note: expanded from macro 'rb_data_object_get'
  370 | #define rb_data_object_get    RUBY_MACRO_SELECT(rb_data_object_get_2, RUBY_UNTYPED_DATA_WARNING)
      |                               ^
/opt/homebrew/Cellar/ruby/4.0.3/include/ruby-4.0.0/ruby/internal/core/rdata.h:50:35: note: expanded from macro 'RUBY_MACRO_SELECT'
   50 | #define RUBY_MACRO_SELECT(x, y)   RBIMPL_MACRO_SELECT(x, y)
      |                                   ^
/opt/homebrew/Cellar/ruby/4.0.3/include/ruby-4.0.0/ruby/internal/core/rdata.h:49:35: note: expanded from macro 'RBIMPL_MACRO_SELECT'
   49 | #define RBIMPL_MACRO_SELECT(x, y) x ## y
      |                                   ^
<scratch space>:178:1: note: expanded from here
  178 | rb_data_object_get_1
      | ^
/opt/homebrew/Cellar/ruby/4.0.3/include/ruby-4.0.0/ruby/internal/core/rdata.h:368:31: note: expanded from macro 'rb_data_object_get_1'
  368 | #define rb_data_object_get_1  rb_data_object_get_warning
      |                               ^
/opt/homebrew/Cellar/ruby/4.0.3/include/ruby-4.0.0/ruby/internal/core/rdata.h:317:1: note: 'rb_data_object_get_warning' has been explicitly marked deprecated here
  317 | RBIMPL_ATTRSET_UNTYPED_DATA_FUNC()
      | ^
/opt/homebrew/Cellar/ruby/4.0.3/include/ruby-4.0.0/ruby/internal/core/rdata.h:47:5: note: expanded from macro 'RBIMPL_ATTRSET_UNTYPED_DATA_FUNC'
   47 |     RBIMPL_ATTR_DEPRECATED(("by TypedData"))
      |     ^
/opt/homebrew/Cellar/ruby/4.0.3/include/ruby-4.0.0/ruby/internal/attr/deprecated.h:36:53: note: expanded from macro 'RBIMPL_ATTR_DEPRECATED'
   36 | # define RBIMPL_ATTR_DEPRECATED(msg) __attribute__((__deprecated__ msg))
      |                                                     ^
xslt_stylesheet.c:247:3: warning: 'rb_data_object_get_warning' is deprecated: by TypedData [-Wdeprecated-declarations]
  247 |   Data_Get_Struct(xmldoc, xmlDoc, xml);
      |   ^
/opt/homebrew/Cellar/ruby/4.0.3/include/ruby-4.0.0/ruby/internal/core/rdata.h:278:34: note: expanded from macro 'Data_Get_Struct'
  278 |     ((sval) = RBIMPL_CAST((type*)rb_data_object_get(obj)))
      |                                  ^
/opt/homebrew/Cellar/ruby/4.0.3/include/ruby-4.0.0/ruby/internal/core/rdata.h:370:31: note: expanded from macro 'rb_data_object_get'
  370 | #define rb_data_object_get    RUBY_MACRO_SELECT(rb_data_object_get_2, RUBY_UNTYPED_DATA_WARNING)
      |                               ^
/opt/homebrew/Cellar/ruby/4.0.3/include/ruby-4.0.0/ruby/internal/core/rdata.h:50:35: note: expanded from macro 'RUBY_MACRO_SELECT'
   50 | #define RUBY_MACRO_SELECT(x, y)   RBIMPL_MACRO_SELECT(x, y)
      |                                   ^
/opt/homebrew/Cellar/ruby/4.0.3/include/ruby-4.0.0/ruby/internal/core/rdata.h:49:35: note: expanded from macro 'RBIMPL_MACRO_SELECT'
   49 | #define RBIMPL_MACRO_SELECT(x, y) x ## y
      |                                   ^
<scratch space>:179:1: note: expanded from here
  179 | rb_data_object_get_1
      | ^
/opt/homebrew/Cellar/ruby/4.0.3/include/ruby-4.0.0/ruby/internal/core/rdata.h:368:31: note: expanded from macro 'rb_data_object_get_1'
  368 | #define rb_data_object_get_1  rb_data_object_get_warning
      |                               ^
/opt/homebrew/Cellar/ruby/4.0.3/include/ruby-4.0.0/ruby/internal/core/rdata.h:317:1: note: 'rb_data_object_get_warning' has been explicitly marked deprecated here
  317 | RBIMPL_ATTRSET_UNTYPED_DATA_FUNC()
      | ^
/opt/homebrew/Cellar/ruby/4.0.3/include/ruby-4.0.0/ruby/internal/core/rdata.h:47:5: note: expanded from macro 'RBIMPL_ATTRSET_UNTYPED_DATA_FUNC'
   47 |     RBIMPL_ATTR_DEPRECATED(("by TypedData"))
      |     ^
/opt/homebrew/Cellar/ruby/4.0.3/include/ruby-4.0.0/ruby/internal/attr/deprecated.h:36:53: note: expanded from macro 'RBIMPL_ATTR_DEPRECATED'
   36 | # define RBIMPL_ATTR_DEPRECATED(msg) __attribute__((__deprecated__ msg))
      |                                                     ^
xslt_stylesheet.c:248:3: warning: 'rb_data_object_get_warning' is deprecated: by TypedData [-Wdeprecated-declarations]
  248 |   Data_Get_Struct(self, nokogiriXsltStylesheetTuple, wrapper);
      |   ^
/opt/homebrew/Cellar/ruby/4.0.3/include/ruby-4.0.0/ruby/internal/core/rdata.h:278:34: note: expanded from macro 'Data_Get_Struct'
  278 |     ((sval) = RBIMPL_CAST((type*)rb_data_object_get(obj)))
      |                                  ^
/opt/homebrew/Cellar/ruby/4.0.3/include/ruby-4.0.0/ruby/internal/core/rdata.h:370:31: note: expanded from macro 'rb_data_object_get'
  370 | #define rb_data_object_get    RUBY_MACRO_SELECT(rb_data_object_get_2, RUBY_UNTYPED_DATA_WARNING)
      |                               ^
/opt/homebrew/Cellar/ruby/4.0.3/include/ruby-4.0.0/ruby/internal/core/rdata.h:50:35: note: expanded from macro 'RUBY_MACRO_SELECT'
   50 | #define RUBY_MACRO_SELECT(x, y)   RBIMPL_MACRO_SELECT(x, y)
      |                                   ^
/opt/homebrew/Cellar/ruby/4.0.3/include/ruby-4.0.0/ruby/internal/core/rdata.h:49:35: note: expanded from macro 'RBIMPL_MACRO_SELECT'
   49 | #define RBIMPL_MACRO_SELECT(x, y) x ## y
      |                                   ^
<scratch space>:180:1: note: expanded from here
  180 | rb_data_object_get_1
      | ^
/opt/homebrew/Cellar/ruby/4.0.3/include/ruby-4.0.0/ruby/internal/core/rdata.h:368:31: note: expanded from macro 'rb_data_object_get_1'
  368 | #define rb_data_object_get_1  rb_data_object_get_warning
      |                               ^
/opt/homebrew/Cellar/ruby/4.0.3/include/ruby-4.0.0/ruby/internal/core/rdata.h:317:1: note: 'rb_data_object_get_warning' has been explicitly marked deprecated here
  317 | RBIMPL_ATTRSET_UNTYPED_DATA_FUNC()
      | ^
/opt/homebrew/Cellar/ruby/4.0.3/include/ruby-4.0.0/ruby/internal/core/rdata.h:47:5: note: expanded from macro 'RBIMPL_ATTRSET_UNTYPED_DATA_FUNC'
   47 |     RBIMPL_ATTR_DEPRECATED(("by TypedData"))
      |     ^
/opt/homebrew/Cellar/ruby/4.0.3/include/ruby-4.0.0/ruby/internal/attr/deprecated.h:36:53: note: expanded from macro 'RBIMPL_ATTR_DEPRECATED'
   36 | # define RBIMPL_ATTR_DEPRECATED(msg) __attribute__((__deprecated__ msg))
      |                                                     ^
xslt_stylesheet.c:312:3: warning: 'rb_data_object_get_warning' is deprecated: by TypedData [-Wdeprecated-declarations]
  312 |   Data_Get_Struct((VALUE)ctxt->style->_private, nokogiriXsltStylesheetTuple,
      |   ^
/opt/homebrew/Cellar/ruby/4.0.3/include/ruby-4.0.0/ruby/internal/core/rdata.h:278:34: note: expanded from macro 'Data_Get_Struct'
  278 |     ((sval) = RBIMPL_CAST((type*)rb_data_object_get(obj)))
      |                                  ^
/opt/homebrew/Cellar/ruby/4.0.3/include/ruby-4.0.0/ruby/internal/core/rdata.h:370:31: note: expanded from macro 'rb_data_object_get'
  370 | #define rb_data_object_get    RUBY_MACRO_SELECT(rb_data_object_get_2, RUBY_UNTYPED_DATA_WARNING)
      |                               ^
/opt/homebrew/Cellar/ruby/4.0.3/include/ruby-4.0.0/ruby/internal/core/rdata.h:50:35: note: expanded from macro 'RUBY_MACRO_SELECT'
   50 | #define RUBY_MACRO_SELECT(x, y)   RBIMPL_MACRO_SELECT(x, y)
      |                                   ^
/opt/homebrew/Cellar/ruby/4.0.3/include/ruby-4.0.0/ruby/internal/core/rdata.h:49:35: note: expanded from macro 'RBIMPL_MACRO_SELECT'
   49 | #define RBIMPL_MACRO_SELECT(x, y) x ## y
      |                                   ^
<scratch space>:181:1: note: expanded from here
  181 | rb_data_object_get_1
      | ^
/opt/homebrew/Cellar/ruby/4.0.3/include/ruby-4.0.0/ruby/internal/core/rdata.h:368:31: note: expanded from macro 'rb_data_object_get_1'
  368 | #define rb_data_object_get_1  rb_data_object_get_warning
      |                               ^
/opt/homebrew/Cellar/ruby/4.0.3/include/ruby-4.0.0/ruby/internal/core/rdata.h:317:1: note: 'rb_data_object_get_warning' has been explicitly marked deprecated here
  317 | RBIMPL_ATTRSET_UNTYPED_DATA_FUNC()
      | ^
/opt/homebrew/Cellar/ruby/4.0.3/include/ruby-4.0.0/ruby/internal/core/rdata.h:47:5: note: expanded from macro 'RBIMPL_ATTRSET_UNTYPED_DATA_FUNC'
   47 |     RBIMPL_ATTR_DEPRECATED(("by TypedData"))
      |     ^
/opt/homebrew/Cellar/ruby/4.0.3/include/ruby-4.0.0/ruby/internal/attr/deprecated.h:36:53: note: expanded from macro 'RBIMPL_ATTR_DEPRECATED'
   36 | # define RBIMPL_ATTR_DEPRECATED(msg) __attribute__((__deprecated__ msg))
      |                                                     ^
xslt_stylesheet.c:326:3: warning: 'rb_data_object_get_warning' is deprecated: by TypedData [-Wdeprecated-declarations]
  326 |   Data_Get_Struct((VALUE)ctxt->style->_private, nokogiriXsltStylesheetTuple,
      |   ^
/opt/homebrew/Cellar/ruby/4.0.3/include/ruby-4.0.0/ruby/internal/core/rdata.h:278:34: note: expanded from macro 'Data_Get_Struct'
  278 |     ((sval) = RBIMPL_CAST((type*)rb_data_object_get(obj)))
      |                                  ^
/opt/homebrew/Cellar/ruby/4.0.3/include/ruby-4.0.0/ruby/internal/core/rdata.h:370:31: note: expanded from macro 'rb_data_object_get'
  370 | #define rb_data_object_get    RUBY_MACRO_SELECT(rb_data_object_get_2, RUBY_UNTYPED_DATA_WARNING)
      |                               ^
/opt/homebrew/Cellar/ruby/4.0.3/include/ruby-4.0.0/ruby/internal/core/rdata.h:50:35: note: expanded from macro 'RUBY_MACRO_SELECT'
   50 | #define RUBY_MACRO_SELECT(x, y)   RBIMPL_MACRO_SELECT(x, y)
      |                                   ^
/opt/homebrew/Cellar/ruby/4.0.3/include/ruby-4.0.0/ruby/internal/core/rdata.h:49:35: note: expanded from macro 'RBIMPL_MACRO_SELECT'
   49 | #define RBIMPL_MACRO_SELECT(x, y) x ## y
      |                                   ^
<scratch space>:182:1: note: expanded from here
  182 | rb_data_object_get_1
      | ^
/opt/homebrew/Cellar/ruby/4.0.3/include/ruby-4.0.0/ruby/internal/core/rdata.h:368:31: note: expanded from macro 'rb_data_object_get_1'
  368 | #define rb_data_object_get_1  rb_data_object_get_warning
      |                               ^
/opt/homebrew/Cellar/ruby/4.0.3/include/ruby-4.0.0/ruby/internal/core/rdata.h:317:1: note: 'rb_data_object_get_warning' has been explicitly marked deprecated here
  317 | RBIMPL_ATTRSET_UNTYPED_DATA_FUNC()
      | ^
/opt/homebrew/Cellar/ruby/4.0.3/include/ruby-4.0.0/ruby/internal/core/rdata.h:47:5: note: expanded from macro 'RBIMPL_ATTRSET_UNTYPED_DATA_FUNC'
   47 |     RBIMPL_ATTR_DEPRECATED(("by TypedData"))
      |     ^
/opt/homebrew/Cellar/ruby/4.0.3/include/ruby-4.0.0/ruby/internal/attr/deprecated.h:36:53: note: expanded from macro 'RBIMPL_ATTR_DEPRECATED'
   36 | # define RBIMPL_ATTR_DEPRECATED(msg) __attribute__((__deprecated__ msg))
      |                                                     ^
7 warnings generated.
7 warnings generated.
linking shared-object nokogiri/nokogiri.bundle
ld: warning: ignoring duplicate libraries: '-liconv', '-lm', '-lpthread', '-lz', '/Users/collinsmunyendo/rt2lab.github.io/vendor/bundle/ruby/4.0.0/gems/nokogiri-1.13.1/ports/arm64-darwin25/libxml2/2.9.12/lib/libxml2.a'
Cleaning files only used during build.

current directory: /Users/collinsmunyendo/rt2lab.github.io/vendor/bundle/ruby/4.0.0/gems/nokogiri-1.13.1/ext/nokogiri
make -j9 DESTDIR\= sitearchdir\=./.gem.20260508-30760-kegsmj sitelibdir\=./.gem.20260508-30760-kegsmj install
/usr/bin/install -c -m 0755 nokogiri.bundle ./.gem.20260508-30760-kegsmj/nokogiri

current directory: /Users/collinsmunyendo/rt2lab.github.io/vendor/bundle/ruby/4.0.0/gems/nokogiri-1.13.1/ext/nokogiri
make DESTDIR\= sitearchdir\=./.gem.20260508-30760-kegsmj sitelibdir\=./.gem.20260508-30760-kegsmj clean
