append_cflags: checking for whether -std=c99 is accepted as CFLAGS... -------------------- yes

DYLD_LIBRARY_PATH=.:/opt/homebrew/Cellar/ruby/4.0.3/lib LSAN_OPTIONS=detect_leaks=0 "clang -o conftest -I/opt/homebrew/Cellar/ruby/4.0.3/include/ruby-4.0.0/arm64-darwin25 -I/opt/homebrew/Cellar/ruby/4.0.3/include/ruby-4.0.0/ruby/backward -I/opt/homebrew/Cellar/ruby/4.0.3/include/ruby-4.0.0 -I. -I/opt/homebrew/opt/libyaml/include -I/opt/homebrew/opt/openssl@3/include -D_XOPEN_SOURCE -D_DARWIN_C_SOURCE -D_DARWIN_UNLIMITED_SELECT -D_REENTRANT   -fstack-protector-strong -U_FORTIFY_SOURCE -D_FORTIFY_SOURCE=2 -fdeclspec  -O3 -fno-fast-math -ggdb3 -Wall -Wextra -Wextra-tokens -Wdeprecated-declarations -Wdivision-by-zero -Wdiv-by-zero -Wimplicit-function-declaration -Wimplicit-int -Wpointer-arith -Wshorten-64-to-32 -Wwrite-strings -Wold-style-definition -Wmissing-noreturn -Wno-cast-function-type -Wno-constant-logical-operand -Wno-long-long -Wno-missing-field-initializers -Wno-overlength-strings -Wno-parentheses-equality -Wno-self-assign -Wno-tautological-compare -Wno-unused-parameter -Wno-unused-value -Wunused-variable -Wmisleading-indentation -Wundef -fno-common -pipe conftest.c -L. -L/opt/homebrew/Cellar/ruby/4.0.3/lib -L/opt/homebrew/opt/libyaml/lib -L/opt/homebrew/opt/openssl@3/lib -L. -fstack-protector-strong -L/opt/homebrew/Cellar/libyaml/0.2.5/lib -L/opt/homebrew/Cellar/openssl@3/3.6.2/lib  -arch arm64   -lruby.4.0  -lpthread  "
checked program was:
/* begin */
1: #include "ruby.h"
2: 
3: int main(int argc, char **argv)
4: {
5:   return !!argv[argc];
6: }
/* end */

DYLD_LIBRARY_PATH=.:/opt/homebrew/Cellar/ruby/4.0.3/lib LSAN_OPTIONS=detect_leaks=0 "clang -I/opt/homebrew/Cellar/ruby/4.0.3/include/ruby-4.0.0/arm64-darwin25 -I/opt/homebrew/Cellar/ruby/4.0.3/include/ruby-4.0.0/ruby/backward -I/opt/homebrew/Cellar/ruby/4.0.3/include/ruby-4.0.0 -I. -I/opt/homebrew/opt/libyaml/include -I/opt/homebrew/opt/openssl@3/include -D_XOPEN_SOURCE -D_DARWIN_C_SOURCE -D_DARWIN_UNLIMITED_SELECT -D_REENTRANT   -fstack-protector-strong -U_FORTIFY_SOURCE -D_FORTIFY_SOURCE=2 -fdeclspec  -O3 -fno-fast-math -ggdb3 -Wall -Wextra -Wextra-tokens -Wdeprecated-declarations -Wdivision-by-zero -Wdiv-by-zero -Wimplicit-function-declaration -Wimplicit-int -Wpointer-arith -Wshorten-64-to-32 -Wwrite-strings -Wold-style-definition -Wmissing-noreturn -Wno-cast-function-type -Wno-constant-logical-operand -Wno-long-long -Wno-missing-field-initializers -Wno-overlength-strings -Wno-parentheses-equality -Wno-self-assign -Wno-tautological-compare -Wno-unused-parameter -Wno-unused-value -Wunused-variable -Wmisleading-indentation -Wundef -fno-common -pipe -arch arm64 -std=c99 -Werror -c conftest.c"
checked program was:
/* begin */
1: #include "ruby.h"
2: 
3: int main(int argc, char **argv)
4: {
5:   return !!argv[argc];
6: }
/* end */

--------------------

append_cflags: checking for whether -Wno-declaration-after-statement is accepted as CFLAGS... -------------------- yes

DYLD_LIBRARY_PATH=.:/opt/homebrew/Cellar/ruby/4.0.3/lib LSAN_OPTIONS=detect_leaks=0 "clang -I/opt/homebrew/Cellar/ruby/4.0.3/include/ruby-4.0.0/arm64-darwin25 -I/opt/homebrew/Cellar/ruby/4.0.3/include/ruby-4.0.0/ruby/backward -I/opt/homebrew/Cellar/ruby/4.0.3/include/ruby-4.0.0 -I. -I/opt/homebrew/opt/libyaml/include -I/opt/homebrew/opt/openssl@3/include -D_XOPEN_SOURCE -D_DARWIN_C_SOURCE -D_DARWIN_UNLIMITED_SELECT -D_REENTRANT   -fstack-protector-strong -U_FORTIFY_SOURCE -D_FORTIFY_SOURCE=2 -fdeclspec  -O3 -fno-fast-math -ggdb3 -Wall -Wextra -Wextra-tokens -Wdeprecated-declarations -Wdivision-by-zero -Wdiv-by-zero -Wimplicit-function-declaration -Wimplicit-int -Wpointer-arith -Wshorten-64-to-32 -Wwrite-strings -Wold-style-definition -Wmissing-noreturn -Wno-cast-function-type -Wno-constant-logical-operand -Wno-long-long -Wno-missing-field-initializers -Wno-overlength-strings -Wno-parentheses-equality -Wno-self-assign -Wno-tautological-compare -Wno-unused-parameter -Wno-unused-value -Wunused-variable -Wmisleading-indentation -Wundef -fno-common -pipe -std=c99 -arch arm64 -Wno-declaration-after-statement -Werror -c conftest.c"
checked program was:
/* begin */
1: #include "ruby.h"
2: 
3: int main(int argc, char **argv)
4: {
5:   return !!argv[argc];
6: }
/* end */

--------------------

append_cflags: checking for whether -g is accepted as CFLAGS... -------------------- yes

DYLD_LIBRARY_PATH=.:/opt/homebrew/Cellar/ruby/4.0.3/lib LSAN_OPTIONS=detect_leaks=0 "clang -I/opt/homebrew/Cellar/ruby/4.0.3/include/ruby-4.0.0/arm64-darwin25 -I/opt/homebrew/Cellar/ruby/4.0.3/include/ruby-4.0.0/ruby/backward -I/opt/homebrew/Cellar/ruby/4.0.3/include/ruby-4.0.0 -I. -I/opt/homebrew/opt/libyaml/include -I/opt/homebrew/opt/openssl@3/include -D_XOPEN_SOURCE -D_DARWIN_C_SOURCE -D_DARWIN_UNLIMITED_SELECT -D_REENTRANT   -fstack-protector-strong -U_FORTIFY_SOURCE -D_FORTIFY_SOURCE=2 -fdeclspec  -O3 -fno-fast-math -ggdb3 -Wall -Wextra -Wextra-tokens -Wdeprecated-declarations -Wdivision-by-zero -Wdiv-by-zero -Wimplicit-function-declaration -Wimplicit-int -Wpointer-arith -Wshorten-64-to-32 -Wwrite-strings -Wold-style-definition -Wmissing-noreturn -Wno-cast-function-type -Wno-constant-logical-operand -Wno-long-long -Wno-missing-field-initializers -Wno-overlength-strings -Wno-parentheses-equality -Wno-self-assign -Wno-tautological-compare -Wno-unused-parameter -Wno-unused-value -Wunused-variable -Wmisleading-indentation -Wundef -fno-common -pipe -std=c99 -Wno-declaration-after-statement -arch arm64 -g -Werror -c conftest.c"
checked program was:
/* begin */
1: #include "ruby.h"
2: 
3: int main(int argc, char **argv)
4: {
5:   return !!argv[argc];
6: }
/* end */

--------------------

append_cflags: checking for whether -Winline is accepted as CFLAGS... -------------------- yes

DYLD_LIBRARY_PATH=.:/opt/homebrew/Cellar/ruby/4.0.3/lib LSAN_OPTIONS=detect_leaks=0 "clang -I/opt/homebrew/Cellar/ruby/4.0.3/include/ruby-4.0.0/arm64-darwin25 -I/opt/homebrew/Cellar/ruby/4.0.3/include/ruby-4.0.0/ruby/backward -I/opt/homebrew/Cellar/ruby/4.0.3/include/ruby-4.0.0 -I. -I/opt/homebrew/opt/libyaml/include -I/opt/homebrew/opt/openssl@3/include -D_XOPEN_SOURCE -D_DARWIN_C_SOURCE -D_DARWIN_UNLIMITED_SELECT -D_REENTRANT   -fstack-protector-strong -U_FORTIFY_SOURCE -D_FORTIFY_SOURCE=2 -fdeclspec  -O3 -fno-fast-math -ggdb3 -Wall -Wextra -Wextra-tokens -Wdeprecated-declarations -Wdivision-by-zero -Wdiv-by-zero -Wimplicit-function-declaration -Wimplicit-int -Wpointer-arith -Wshorten-64-to-32 -Wwrite-strings -Wold-style-definition -Wmissing-noreturn -Wno-cast-function-type -Wno-constant-logical-operand -Wno-long-long -Wno-missing-field-initializers -Wno-overlength-strings -Wno-parentheses-equality -Wno-self-assign -Wno-tautological-compare -Wno-unused-parameter -Wno-unused-value -Wunused-variable -Wmisleading-indentation -Wundef -fno-common -pipe -std=c99 -Wno-declaration-after-statement -g -arch arm64 -Winline -Werror -c conftest.c"
checked program was:
/* begin */
1: #include "ruby.h"
2: 
3: int main(int argc, char **argv)
4: {
5:   return !!argv[argc];
6: }
/* end */

--------------------

append_cflags: checking for whether -Wmissing-noreturn is accepted as CFLAGS... -------------------- yes

DYLD_LIBRARY_PATH=.:/opt/homebrew/Cellar/ruby/4.0.3/lib LSAN_OPTIONS=detect_leaks=0 "clang -I/opt/homebrew/Cellar/ruby/4.0.3/include/ruby-4.0.0/arm64-darwin25 -I/opt/homebrew/Cellar/ruby/4.0.3/include/ruby-4.0.0/ruby/backward -I/opt/homebrew/Cellar/ruby/4.0.3/include/ruby-4.0.0 -I. -I/opt/homebrew/opt/libyaml/include -I/opt/homebrew/opt/openssl@3/include -D_XOPEN_SOURCE -D_DARWIN_C_SOURCE -D_DARWIN_UNLIMITED_SELECT -D_REENTRANT   -fstack-protector-strong -U_FORTIFY_SOURCE -D_FORTIFY_SOURCE=2 -fdeclspec  -O3 -fno-fast-math -ggdb3 -Wall -Wextra -Wextra-tokens -Wdeprecated-declarations -Wdivision-by-zero -Wdiv-by-zero -Wimplicit-function-declaration -Wimplicit-int -Wpointer-arith -Wshorten-64-to-32 -Wwrite-strings -Wold-style-definition -Wmissing-noreturn -Wno-cast-function-type -Wno-constant-logical-operand -Wno-long-long -Wno-missing-field-initializers -Wno-overlength-strings -Wno-parentheses-equality -Wno-self-assign -Wno-tautological-compare -Wno-unused-parameter -Wno-unused-value -Wunused-variable -Wmisleading-indentation -Wundef -fno-common -pipe -std=c99 -Wno-declaration-after-statement -g -Winline -arch arm64 -Wmissing-noreturn -Werror -c conftest.c"
checked program was:
/* begin */
1: #include "ruby.h"
2: 
3: int main(int argc, char **argv)
4: {
5:   return !!argv[argc];
6: }
/* end */

--------------------

append_cflags: checking for whether -Wno-error=unused-command-line-argument-hard-error-in-future is accepted as CFLAGS... -------------------- no

DYLD_LIBRARY_PATH=.:/opt/homebrew/Cellar/ruby/4.0.3/lib LSAN_OPTIONS=detect_leaks=0 "clang -I/opt/homebrew/Cellar/ruby/4.0.3/include/ruby-4.0.0/arm64-darwin25 -I/opt/homebrew/Cellar/ruby/4.0.3/include/ruby-4.0.0/ruby/backward -I/opt/homebrew/Cellar/ruby/4.0.3/include/ruby-4.0.0 -I. -I/opt/homebrew/opt/libyaml/include -I/opt/homebrew/opt/openssl@3/include -D_XOPEN_SOURCE -D_DARWIN_C_SOURCE -D_DARWIN_UNLIMITED_SELECT -D_REENTRANT   -fstack-protector-strong -U_FORTIFY_SOURCE -D_FORTIFY_SOURCE=2 -fdeclspec  -O3 -fno-fast-math -ggdb3 -Wall -Wextra -Wextra-tokens -Wdeprecated-declarations -Wdivision-by-zero -Wdiv-by-zero -Wimplicit-function-declaration -Wimplicit-int -Wpointer-arith -Wshorten-64-to-32 -Wwrite-strings -Wold-style-definition -Wmissing-noreturn -Wno-cast-function-type -Wno-constant-logical-operand -Wno-long-long -Wno-missing-field-initializers -Wno-overlength-strings -Wno-parentheses-equality -Wno-self-assign -Wno-tautological-compare -Wno-unused-parameter -Wno-unused-value -Wunused-variable -Wmisleading-indentation -Wundef -fno-common -pipe -std=c99 -Wno-declaration-after-statement -g -Winline -Wmissing-noreturn -arch arm64 -Wno-error=unused-command-line-argument-hard-error-in-future -Werror -c conftest.c"
error: unknown warning option '-Werror=unused-command-line-argument-hard-error-in-future'; did you mean '-Werror=unused-command-line-argument'? [-Werror,-Wunknown-warning-option]
1 error generated.
checked program was:
/* begin */
1: #include "ruby.h"
2: 
3: int main(int argc, char **argv)
4: {
5:   return !!argv[argc];
6: }
/* end */

--------------------

have_header: checking for iconv.h... -------------------- yes

DYLD_LIBRARY_PATH=.:/opt/homebrew/Cellar/ruby/4.0.3/lib LSAN_OPTIONS=detect_leaks=0 "clang -I/opt/homebrew/Cellar/ruby/4.0.3/include/ruby-4.0.0/arm64-darwin25 -I/opt/homebrew/Cellar/ruby/4.0.3/include/ruby-4.0.0/ruby/backward -I/opt/homebrew/Cellar/ruby/4.0.3/include/ruby-4.0.0 -I. -I/opt/homebrew/opt/libyaml/include -I/opt/homebrew/opt/openssl@3/include -D_XOPEN_SOURCE -D_DARWIN_C_SOURCE -D_DARWIN_UNLIMITED_SELECT -D_REENTRANT   -fstack-protector-strong -U_FORTIFY_SOURCE -D_FORTIFY_SOURCE=2 -fdeclspec  -O3 -fno-fast-math -ggdb3 -Wall -Wextra -Wextra-tokens -Wdeprecated-declarations -Wdivision-by-zero -Wdiv-by-zero -Wimplicit-function-declaration -Wimplicit-int -Wpointer-arith -Wshorten-64-to-32 -Wwrite-strings -Wold-style-definition -Wmissing-noreturn -Wno-cast-function-type -Wno-constant-logical-operand -Wno-long-long -Wno-missing-field-initializers -Wno-overlength-strings -Wno-parentheses-equality -Wno-self-assign -Wno-tautological-compare -Wno-unused-parameter -Wno-unused-value -Wunused-variable -Wmisleading-indentation -Wundef -fno-common -pipe -std=c99 -Wno-declaration-after-statement -g -Winline -Wmissing-noreturn -arch arm64  -c conftest.c"
checked program was:
/* begin */
1: #include "ruby.h"
2: 
3: #include <iconv.h>
/* end */

--------------------

try_link_iconv: checking for iconv using --with-opt-* flags... -------------------- yes

DYLD_LIBRARY_PATH=.:/opt/homebrew/Cellar/ruby/4.0.3/lib LSAN_OPTIONS=detect_leaks=0 "clang -o conftest -I/opt/homebrew/Cellar/ruby/4.0.3/include/ruby-4.0.0/arm64-darwin25 -I/opt/homebrew/Cellar/ruby/4.0.3/include/ruby-4.0.0/ruby/backward -I/opt/homebrew/Cellar/ruby/4.0.3/include/ruby-4.0.0 -I. -I/opt/homebrew/opt/libyaml/include -I/opt/homebrew/opt/openssl@3/include -D_XOPEN_SOURCE -D_DARWIN_C_SOURCE -D_DARWIN_UNLIMITED_SELECT -D_REENTRANT   -fstack-protector-strong -U_FORTIFY_SOURCE -D_FORTIFY_SOURCE=2 -fdeclspec  -O3 -fno-fast-math -ggdb3 -Wall -Wextra -Wextra-tokens -Wdeprecated-declarations -Wdivision-by-zero -Wdiv-by-zero -Wimplicit-function-declaration -Wimplicit-int -Wpointer-arith -Wshorten-64-to-32 -Wwrite-strings -Wold-style-definition -Wmissing-noreturn -Wno-cast-function-type -Wno-constant-logical-operand -Wno-long-long -Wno-missing-field-initializers -Wno-overlength-strings -Wno-parentheses-equality -Wno-self-assign -Wno-tautological-compare -Wno-unused-parameter -Wno-unused-value -Wunused-variable -Wmisleading-indentation -Wundef -fno-common -pipe -std=c99 -Wno-declaration-after-statement -g -Winline -Wmissing-noreturn conftest.c -L. -L/opt/homebrew/Cellar/ruby/4.0.3/lib -L/opt/homebrew/opt/libyaml/lib -L/opt/homebrew/opt/openssl@3/lib -L. -fstack-protector-strong -L/opt/homebrew/Cellar/libyaml/0.2.5/lib -L/opt/homebrew/Cellar/openssl@3/3.6.2/lib  -arch arm64   -lruby.4.0  -lpthread  "
Undefined symbols for architecture arm64:
  "_iconv", referenced from:
      _main in conftest-d63c57.o
  "_iconv_open", referenced from:
      _main in conftest-d63c57.o
ld: symbol(s) not found for architecture arm64
clang: error: linker command failed with exit code 1 (use -v to see invocation)
checked program was:
/* begin */
 1: #include "ruby.h"
 2: 
 3: #include <stdlib.h>
 4: #include <iconv.h>
 5: int main(void)
 6: {
 7:     iconv_t cd = iconv_open("", "");
 8:     iconv(cd, NULL, NULL, NULL, NULL);
 9:     return EXIT_SUCCESS;
10: }
/* end */

DYLD_LIBRARY_PATH=.:/opt/homebrew/Cellar/ruby/4.0.3/lib LSAN_OPTIONS=detect_leaks=0 "clang -o conftest -I/opt/homebrew/Cellar/ruby/4.0.3/include/ruby-4.0.0/arm64-darwin25 -I/opt/homebrew/Cellar/ruby/4.0.3/include/ruby-4.0.0/ruby/backward -I/opt/homebrew/Cellar/ruby/4.0.3/include/ruby-4.0.0 -I. -I/opt/homebrew/opt/libyaml/include -I/opt/homebrew/opt/openssl@3/include -D_XOPEN_SOURCE -D_DARWIN_C_SOURCE -D_DARWIN_UNLIMITED_SELECT -D_REENTRANT   -fstack-protector-strong -U_FORTIFY_SOURCE -D_FORTIFY_SOURCE=2 -fdeclspec  -O3 -fno-fast-math -ggdb3 -Wall -Wextra -Wextra-tokens -Wdeprecated-declarations -Wdivision-by-zero -Wdiv-by-zero -Wimplicit-function-declaration -Wimplicit-int -Wpointer-arith -Wshorten-64-to-32 -Wwrite-strings -Wold-style-definition -Wmissing-noreturn -Wno-cast-function-type -Wno-constant-logical-operand -Wno-long-long -Wno-missing-field-initializers -Wno-overlength-strings -Wno-parentheses-equality -Wno-self-assign -Wno-tautological-compare -Wno-unused-parameter -Wno-unused-value -Wunused-variable -Wmisleading-indentation -Wundef -fno-common -pipe -std=c99 -Wno-declaration-after-statement -g -Winline -Wmissing-noreturn conftest.c -L. -L/opt/homebrew/Cellar/ruby/4.0.3/lib -L/opt/homebrew/opt/libyaml/lib -L/opt/homebrew/opt/openssl@3/lib -L. -fstack-protector-strong -L/opt/homebrew/Cellar/libyaml/0.2.5/lib -L/opt/homebrew/Cellar/openssl@3/3.6.2/lib  -arch arm64   -lruby.4.0 -liconv -lpthread  "
checked program was:
/* begin */
 1: #include "ruby.h"
 2: 
 3: #include <stdlib.h>
 4: #include <iconv.h>
 5: int main(void)
 6: {
 7:     iconv_t cd = iconv_open("", "");
 8:     iconv(cd, NULL, NULL, NULL, NULL);
 9:     return EXIT_SUCCESS;
10: }
/* end */

--------------------

append_cppflags: checking for whether -DNOKOGIRI_PACKAGED_LIBRARIES is accepted as CPPFLAGS... -------------------- yes

DYLD_LIBRARY_PATH=.:/opt/homebrew/Cellar/ruby/4.0.3/lib LSAN_OPTIONS=detect_leaks=0 "clang -I/opt/homebrew/Cellar/ruby/4.0.3/include/ruby-4.0.0/arm64-darwin25 -I/opt/homebrew/Cellar/ruby/4.0.3/include/ruby-4.0.0/ruby/backward -I/opt/homebrew/Cellar/ruby/4.0.3/include/ruby-4.0.0 -I. -I/opt/homebrew/opt/libyaml/include -I/opt/homebrew/opt/openssl@3/include -D_XOPEN_SOURCE -D_DARWIN_C_SOURCE -D_DARWIN_UNLIMITED_SELECT -D_REENTRANT   -fstack-protector-strong -U_FORTIFY_SOURCE -D_FORTIFY_SOURCE=2 -fdeclspec  -O3 -fno-fast-math -ggdb3 -Wall -Wextra -Wextra-tokens -Wdeprecated-declarations -Wdivision-by-zero -Wdiv-by-zero -Wimplicit-function-declaration -Wimplicit-int -Wpointer-arith -Wshorten-64-to-32 -Wwrite-strings -Wold-style-definition -Wmissing-noreturn -Wno-cast-function-type -Wno-constant-logical-operand -Wno-long-long -Wno-missing-field-initializers -Wno-overlength-strings -Wno-parentheses-equality -Wno-self-assign -Wno-tautological-compare -Wno-unused-parameter -Wno-unused-value -Wunused-variable -Wmisleading-indentation -Wundef -fno-common -pipe -std=c99 -Wno-declaration-after-statement -g -Winline -Wmissing-noreturn -arch arm64 -DNOKOGIRI_PACKAGED_LIBRARIES -Werror -c conftest.c"
checked program was:
/* begin */
1: #include "ruby.h"
2: 
3: int main(int argc, char **argv)
4: {
5:   return !!argv[argc];
6: }
/* end */

--------------------

append_cppflags: checking for whether -DNOKOGIRI_LIBXML2_PATCHES="\"0001-Remove-script-macro-support.patch 0002-Update-entities-to-remove-handling-of-ssi.patch 0003-libxml2.la-is-in-top_builddir.patch 0004-use-glibc-strlen.patch 0005-avoid-isnan-isinf.patch 0006-update-automake-files-for-arm64.patch 0007-Fix-XPath-recursion-limit.patch 0008-htmlParseComment-handle-abruptly-closed-comments.patch 0009-allow-wildcard-namespaces.patch\"" is accepted as CPPFLAGS... -------------------- yes

DYLD_LIBRARY_PATH=.:/opt/homebrew/Cellar/ruby/4.0.3/lib LSAN_OPTIONS=detect_leaks=0 "clang -I/opt/homebrew/Cellar/ruby/4.0.3/include/ruby-4.0.0/arm64-darwin25 -I/opt/homebrew/Cellar/ruby/4.0.3/include/ruby-4.0.0/ruby/backward -I/opt/homebrew/Cellar/ruby/4.0.3/include/ruby-4.0.0 -I. -I/Users/collinsmunyendo/rt2lab.github.io/vendor/bundle/ruby/4.0.0/gems/nokogiri-1.13.1/ports/arm64-darwin25/libxml2/2.9.12/include/libxml2 -I/opt/homebrew/opt/libyaml/include -I/opt/homebrew/opt/openssl@3/include -D_XOPEN_SOURCE -D_DARWIN_C_SOURCE -D_DARWIN_UNLIMITED_SELECT -D_REENTRANT   -DNOKOGIRI_PACKAGED_LIBRARIES -fstack-protector-strong -U_FORTIFY_SOURCE -D_FORTIFY_SOURCE=2 -fdeclspec  -O3 -fno-fast-math -ggdb3 -Wall -Wextra -Wextra-tokens -Wdeprecated-declarations -Wdivision-by-zero -Wdiv-by-zero -Wimplicit-function-declaration -Wimplicit-int -Wpointer-arith -Wshorten-64-to-32 -Wwrite-strings -Wold-style-definition -Wmissing-noreturn -Wno-cast-function-type -Wno-constant-logical-operand -Wno-long-long -Wno-missing-field-initializers -Wno-overlength-strings -Wno-parentheses-equality -Wno-self-assign -Wno-tautological-compare -Wno-unused-parameter -Wno-unused-value -Wunused-variable -Wmisleading-indentation -Wundef -fno-common -pipe -std=c99 -Wno-declaration-after-statement -g -Winline -Wmissing-noreturn -arch arm64 -DNOKOGIRI_LIBXML2_PATCHES="\"0001-Remove-script-macro-support.patch 0002-Update-entities-to-remove-handling-of-ssi.patch 0003-libxml2.la-is-in-top_builddir.patch 0004-use-glibc-strlen.patch 0005-avoid-isnan-isinf.patch 0006-update-automake-files-for-arm64.patch 0007-Fix-XPath-recursion-limit.patch 0008-htmlParseComment-handle-abruptly-closed-comments.patch 0009-allow-wildcard-namespaces.patch\"" -Werror -c conftest.c"
checked program was:
/* begin */
1: #include "ruby.h"
2: 
3: int main(int argc, char **argv)
4: {
5:   return !!argv[argc];
6: }
/* end */

--------------------

have_library: checking for -llzma... -------------------- yes

DYLD_LIBRARY_PATH=.:/opt/homebrew/Cellar/ruby/4.0.3/lib LSAN_OPTIONS=detect_leaks=0 "clang -o conftest -I/opt/homebrew/Cellar/ruby/4.0.3/include/ruby-4.0.0/arm64-darwin25 -I/opt/homebrew/Cellar/ruby/4.0.3/include/ruby-4.0.0/ruby/backward -I/opt/homebrew/Cellar/ruby/4.0.3/include/ruby-4.0.0 -I. -I/Users/collinsmunyendo/rt2lab.github.io/vendor/bundle/ruby/4.0.0/gems/nokogiri-1.13.1/ports/arm64-darwin25/libxml2/2.9.12/include/libxml2 -I/opt/homebrew/opt/libyaml/include -I/opt/homebrew/opt/openssl@3/include -D_XOPEN_SOURCE -D_DARWIN_C_SOURCE -D_DARWIN_UNLIMITED_SELECT -D_REENTRANT   -DNOKOGIRI_PACKAGED_LIBRARIES -DNOKOGIRI_LIBXML2_PATCHES="\"0001-Remove-script-macro-support.patch 0002-Update-entities-to-remove-handling-of-ssi.patch 0003-libxml2.la-is-in-top_builddir.patch 0004-use-glibc-strlen.patch 0005-avoid-isnan-isinf.patch 0006-update-automake-files-for-arm64.patch 0007-Fix-XPath-recursion-limit.patch 0008-htmlParseComment-handle-abruptly-closed-comments.patch 0009-allow-wildcard-namespaces.patch\"" -fstack-protector-strong -U_FORTIFY_SOURCE -D_FORTIFY_SOURCE=2 -fdeclspec  -O3 -fno-fast-math -ggdb3 -Wall -Wextra -Wextra-tokens -Wdeprecated-declarations -Wdivision-by-zero -Wdiv-by-zero -Wimplicit-function-declaration -Wimplicit-int -Wpointer-arith -Wshorten-64-to-32 -Wwrite-strings -Wold-style-definition -Wmissing-noreturn -Wno-cast-function-type -Wno-constant-logical-operand -Wno-long-long -Wno-missing-field-initializers -Wno-overlength-strings -Wno-parentheses-equality -Wno-self-assign -Wno-tautological-compare -Wno-unused-parameter -Wno-unused-value -Wunused-variable -Wmisleading-indentation -Wundef -fno-common -pipe -std=c99 -Wno-declaration-after-statement -g -Winline -Wmissing-noreturn conftest.c -L. -L/opt/homebrew/Cellar/ruby/4.0.3/lib -L/Users/collinsmunyendo/rt2lab.github.io/vendor/bundle/ruby/4.0.0/gems/nokogiri-1.13.1/ports/arm64-darwin25/libxml2/2.9.12/lib -L/opt/homebrew/opt/libyaml/lib -L/opt/homebrew/opt/openssl@3/lib -L. -fstack-protector-strong -L/opt/homebrew/Cellar/libyaml/0.2.5/lib -L/opt/homebrew/Cellar/openssl@3/3.6.2/lib  -arch arm64   -lruby.4.0 -llzma  -lpthread  "
checked program was:
/* begin */
 1: #include "ruby.h"
 2: 
 3: /*top*/
 4: extern int t(void);
 5: int main(int argc, char **argv)
 6: {
 7:   if (argc > 1000000) {
 8:     int (* volatile tp)(void)=(int (*)(void))&t;
 9:     printf("%d", (*tp)());
10:   }
11: 
12:   return !!argv[argc];
13: }
14: 
15: int t(void) { ; return 0; }
/* end */

--------------------

append_cppflags: checking for whether -DNOKOGIRI_LIBXSLT_PATCHES="\"0001-update-automake-files-for-arm64.patch 0002-Fix-xml2-config-check-in-configure-script.patch\"" is accepted as CPPFLAGS... -------------------- yes

DYLD_LIBRARY_PATH=.:/opt/homebrew/Cellar/ruby/4.0.3/lib LSAN_OPTIONS=detect_leaks=0 "clang -I/opt/homebrew/Cellar/ruby/4.0.3/include/ruby-4.0.0/arm64-darwin25 -I/opt/homebrew/Cellar/ruby/4.0.3/include/ruby-4.0.0/ruby/backward -I/opt/homebrew/Cellar/ruby/4.0.3/include/ruby-4.0.0 -I. -I/Users/collinsmunyendo/rt2lab.github.io/vendor/bundle/ruby/4.0.0/gems/nokogiri-1.13.1/ports/arm64-darwin25/libxml2/2.9.12/include/libxml2 -I/Users/collinsmunyendo/rt2lab.github.io/vendor/bundle/ruby/4.0.0/gems/nokogiri-1.13.1/ports/arm64-darwin25/libxslt/1.1.34/include -I/Users/collinsmunyendo/rt2lab.github.io/vendor/bundle/ruby/4.0.0/gems/nokogiri-1.13.1/ports/arm64-darwin25/libxml2/2.9.12/include/libxml2 -I/opt/homebrew/opt/libyaml/include -I/opt/homebrew/opt/openssl@3/include -D_XOPEN_SOURCE -D_DARWIN_C_SOURCE -D_DARWIN_UNLIMITED_SELECT -D_REENTRANT   -DNOKOGIRI_PACKAGED_LIBRARIES -DNOKOGIRI_LIBXML2_PATCHES="\"0001-Remove-script-macro-support.patch 0002-Update-entities-to-remove-handling-of-ssi.patch 0003-libxml2.la-is-in-top_builddir.patch 0004-use-glibc-strlen.patch 0005-avoid-isnan-isinf.patch 0006-update-automake-files-for-arm64.patch 0007-Fix-XPath-recursion-limit.patch 0008-htmlParseComment-handle-abruptly-closed-comments.patch 0009-allow-wildcard-namespaces.patch\"" -fstack-protector-strong -U_FORTIFY_SOURCE -D_FORTIFY_SOURCE=2 -fdeclspec  -O3 -fno-fast-math -ggdb3 -Wall -Wextra -Wextra-tokens -Wdeprecated-declarations -Wdivision-by-zero -Wdiv-by-zero -Wimplicit-function-declaration -Wimplicit-int -Wpointer-arith -Wshorten-64-to-32 -Wwrite-strings -Wold-style-definition -Wmissing-noreturn -Wno-cast-function-type -Wno-constant-logical-operand -Wno-long-long -Wno-missing-field-initializers -Wno-overlength-strings -Wno-parentheses-equality -Wno-self-assign -Wno-tautological-compare -Wno-unused-parameter -Wno-unused-value -Wunused-variable -Wmisleading-indentation -Wundef -fno-common -pipe -std=c99 -Wno-declaration-after-statement -g -Winline -Wmissing-noreturn -arch arm64 -DNOKOGIRI_LIBXSLT_PATCHES="\"0001-update-automake-files-for-arm64.patch 0002-Fix-xml2-config-check-in-configure-script.patch\"" -Werror -c conftest.c"
checked program was:
/* begin */
1: #include "ruby.h"
2: 
3: int main(int argc, char **argv)
4: {
5:   return !!argv[argc];
6: }
/* end */

--------------------

have_func: checking for xmlParseDoc() in libxml/parser.h... -------------------- yes

DYLD_LIBRARY_PATH=.:/opt/homebrew/Cellar/ruby/4.0.3/lib LSAN_OPTIONS=detect_leaks=0 "clang -o conftest -I/opt/homebrew/Cellar/ruby/4.0.3/include/ruby-4.0.0/arm64-darwin25 -I/opt/homebrew/Cellar/ruby/4.0.3/include/ruby-4.0.0/ruby/backward -I/opt/homebrew/Cellar/ruby/4.0.3/include/ruby-4.0.0 -I. -I/Users/collinsmunyendo/rt2lab.github.io/vendor/bundle/ruby/4.0.0/gems/nokogiri-1.13.1/ports/arm64-darwin25/libxml2/2.9.12/include/libxml2 -I/Users/collinsmunyendo/rt2lab.github.io/vendor/bundle/ruby/4.0.0/gems/nokogiri-1.13.1/ports/arm64-darwin25/libxslt/1.1.34/include -I/Users/collinsmunyendo/rt2lab.github.io/vendor/bundle/ruby/4.0.0/gems/nokogiri-1.13.1/ports/arm64-darwin25/libxml2/2.9.12/include/libxml2 -I/opt/homebrew/opt/libyaml/include -I/opt/homebrew/opt/openssl@3/include -D_XOPEN_SOURCE -D_DARWIN_C_SOURCE -D_DARWIN_UNLIMITED_SELECT -D_REENTRANT   -DNOKOGIRI_PACKAGED_LIBRARIES -DNOKOGIRI_LIBXML2_PATCHES="\"0001-Remove-script-macro-support.patch 0002-Update-entities-to-remove-handling-of-ssi.patch 0003-libxml2.la-is-in-top_builddir.patch 0004-use-glibc-strlen.patch 0005-avoid-isnan-isinf.patch 0006-update-automake-files-for-arm64.patch 0007-Fix-XPath-recursion-limit.patch 0008-htmlParseComment-handle-abruptly-closed-comments.patch 0009-allow-wildcard-namespaces.patch\"" -DNOKOGIRI_LIBXSLT_PATCHES="\"0001-update-automake-files-for-arm64.patch 0002-Fix-xml2-config-check-in-configure-script.patch\"" -fstack-protector-strong -U_FORTIFY_SOURCE -D_FORTIFY_SOURCE=2 -fdeclspec  -O3 -fno-fast-math -ggdb3 -Wall -Wextra -Wextra-tokens -Wdeprecated-declarations -Wdivision-by-zero -Wdiv-by-zero -Wimplicit-function-declaration -Wimplicit-int -Wpointer-arith -Wshorten-64-to-32 -Wwrite-strings -Wold-style-definition -Wmissing-noreturn -Wno-cast-function-type -Wno-constant-logical-operand -Wno-long-long -Wno-missing-field-initializers -Wno-overlength-strings -Wno-parentheses-equality -Wno-self-assign -Wno-tautological-compare -Wno-unused-parameter -Wno-unused-value -Wunused-variable -Wmisleading-indentation -Wundef -fno-common -pipe -std=c99 -Wno-declaration-after-statement -g -Winline -Wmissing-noreturn conftest.c -L. -L/opt/homebrew/Cellar/ruby/4.0.3/lib -L/Users/collinsmunyendo/rt2lab.github.io/vendor/bundle/ruby/4.0.0/gems/nokogiri-1.13.1/ports/arm64-darwin25/libxml2/2.9.12/lib -L/Users/collinsmunyendo/rt2lab.github.io/vendor/bundle/ruby/4.0.0/gems/nokogiri-1.13.1/ports/arm64-darwin25/libxslt/1.1.34/lib -L/opt/homebrew/opt/libyaml/lib -L/opt/homebrew/opt/openssl@3/lib -L. -fstack-protector-strong -L/opt/homebrew/Cellar/libyaml/0.2.5/lib -L/opt/homebrew/Cellar/openssl@3/3.6.2/lib  -arch arm64  /Users/collinsmunyendo/rt2lab.github.io/vendor/bundle/ruby/4.0.0/gems/nokogiri-1.13.1/ports/arm64-darwin25/libxslt/1.1.34/lib/libexslt.a -lm -liconv -lpthread -lz /Users/collinsmunyendo/rt2lab.github.io/vendor/bundle/ruby/4.0.0/gems/nokogiri-1.13.1/ports/arm64-darwin25/libxml2/2.9.12/lib/libxml2.a /Users/collinsmunyendo/rt2lab.github.io/vendor/bundle/ruby/4.0.0/gems/nokogiri-1.13.1/ports/arm64-darwin25/libxslt/1.1.34/lib/libxslt.a -lm -liconv -lpthread -lz /Users/collinsmunyendo/rt2lab.github.io/vendor/bundle/ruby/4.0.0/gems/nokogiri-1.13.1/ports/arm64-darwin25/libxml2/2.9.12/lib/libxml2.a -llzma -lruby.4.0 /Users/collinsmunyendo/rt2lab.github.io/vendor/bundle/ruby/4.0.0/gems/nokogiri-1.13.1/ports/arm64-darwin25/libxslt/1.1.34/lib/libexslt.a -lm -liconv -lpthread -lz /Users/collinsmunyendo/rt2lab.github.io/vendor/bundle/ruby/4.0.0/gems/nokogiri-1.13.1/ports/arm64-darwin25/libxml2/2.9.12/lib/libxml2.a /Users/collinsmunyendo/rt2lab.github.io/vendor/bundle/ruby/4.0.0/gems/nokogiri-1.13.1/ports/arm64-darwin25/libxslt/1.1.34/lib/libxslt.a -lm -liconv -lpthread -lz /Users/collinsmunyendo/rt2lab.github.io/vendor/bundle/ruby/4.0.0/gems/nokogiri-1.13.1/ports/arm64-darwin25/libxml2/2.9.12/lib/libxml2.a -llzma -lpthread  "
ld: warning: ignoring duplicate libraries: '-liconv', '-llzma', '-lm', '-lpthread', '-lz', '/Users/collinsmunyendo/rt2lab.github.io/vendor/bundle/ruby/4.0.0/gems/nokogiri-1.13.1/ports/arm64-darwin25/libxml2/2.9.12/lib/libxml2.a', '/Users/collinsmunyendo/rt2lab.github.io/vendor/bundle/ruby/4.0.0/gems/nokogiri-1.13.1/ports/arm64-darwin25/libxslt/1.1.34/lib/libexslt.a', '/Users/collinsmunyendo/rt2lab.github.io/vendor/bundle/ruby/4.0.0/gems/nokogiri-1.13.1/ports/arm64-darwin25/libxslt/1.1.34/lib/libxslt.a'
checked program was:
/* begin */
 1: #include "ruby.h"
 2: 
 3: #include <libxml/parser.h>
 4: 
 5: /*top*/
 6: extern int t(void);
 7: int main(int argc, char **argv)
 8: {
 9:   if (argc > 1000000) {
10:     int (* volatile tp)(void)=(int (*)(void))&t;
11:     printf("%d", (*tp)());
12:   }
13: 
14:   return !!argv[argc];
15: }
16: int t(void) { void ((*volatile p)()); p = (void ((*)()))xmlParseDoc; return !p; }
/* end */

--------------------

have_func: checking for xsltParseStylesheetDoc() in libxslt/xslt.h... -------------------- yes

DYLD_LIBRARY_PATH=.:/opt/homebrew/Cellar/ruby/4.0.3/lib LSAN_OPTIONS=detect_leaks=0 "clang -o conftest -I/opt/homebrew/Cellar/ruby/4.0.3/include/ruby-4.0.0/arm64-darwin25 -I/opt/homebrew/Cellar/ruby/4.0.3/include/ruby-4.0.0/ruby/backward -I/opt/homebrew/Cellar/ruby/4.0.3/include/ruby-4.0.0 -I. -I/Users/collinsmunyendo/rt2lab.github.io/vendor/bundle/ruby/4.0.0/gems/nokogiri-1.13.1/ports/arm64-darwin25/libxml2/2.9.12/include/libxml2 -I/Users/collinsmunyendo/rt2lab.github.io/vendor/bundle/ruby/4.0.0/gems/nokogiri-1.13.1/ports/arm64-darwin25/libxslt/1.1.34/include -I/Users/collinsmunyendo/rt2lab.github.io/vendor/bundle/ruby/4.0.0/gems/nokogiri-1.13.1/ports/arm64-darwin25/libxml2/2.9.12/include/libxml2 -I/opt/homebrew/opt/libyaml/include -I/opt/homebrew/opt/openssl@3/include -D_XOPEN_SOURCE -D_DARWIN_C_SOURCE -D_DARWIN_UNLIMITED_SELECT -D_REENTRANT   -DNOKOGIRI_PACKAGED_LIBRARIES -DNOKOGIRI_LIBXML2_PATCHES="\"0001-Remove-script-macro-support.patch 0002-Update-entities-to-remove-handling-of-ssi.patch 0003-libxml2.la-is-in-top_builddir.patch 0004-use-glibc-strlen.patch 0005-avoid-isnan-isinf.patch 0006-update-automake-files-for-arm64.patch 0007-Fix-XPath-recursion-limit.patch 0008-htmlParseComment-handle-abruptly-closed-comments.patch 0009-allow-wildcard-namespaces.patch\"" -DNOKOGIRI_LIBXSLT_PATCHES="\"0001-update-automake-files-for-arm64.patch 0002-Fix-xml2-config-check-in-configure-script.patch\"" -fstack-protector-strong -U_FORTIFY_SOURCE -D_FORTIFY_SOURCE=2 -fdeclspec  -O3 -fno-fast-math -ggdb3 -Wall -Wextra -Wextra-tokens -Wdeprecated-declarations -Wdivision-by-zero -Wdiv-by-zero -Wimplicit-function-declaration -Wimplicit-int -Wpointer-arith -Wshorten-64-to-32 -Wwrite-strings -Wold-style-definition -Wmissing-noreturn -Wno-cast-function-type -Wno-constant-logical-operand -Wno-long-long -Wno-missing-field-initializers -Wno-overlength-strings -Wno-parentheses-equality -Wno-self-assign -Wno-tautological-compare -Wno-unused-parameter -Wno-unused-value -Wunused-variable -Wmisleading-indentation -Wundef -fno-common -pipe -std=c99 -Wno-declaration-after-statement -g -Winline -Wmissing-noreturn conftest.c -L. -L/opt/homebrew/Cellar/ruby/4.0.3/lib -L/Users/collinsmunyendo/rt2lab.github.io/vendor/bundle/ruby/4.0.0/gems/nokogiri-1.13.1/ports/arm64-darwin25/libxml2/2.9.12/lib -L/Users/collinsmunyendo/rt2lab.github.io/vendor/bundle/ruby/4.0.0/gems/nokogiri-1.13.1/ports/arm64-darwin25/libxslt/1.1.34/lib -L/opt/homebrew/opt/libyaml/lib -L/opt/homebrew/opt/openssl@3/lib -L. -fstack-protector-strong -L/opt/homebrew/Cellar/libyaml/0.2.5/lib -L/opt/homebrew/Cellar/openssl@3/3.6.2/lib  -arch arm64  /Users/collinsmunyendo/rt2lab.github.io/vendor/bundle/ruby/4.0.0/gems/nokogiri-1.13.1/ports/arm64-darwin25/libxslt/1.1.34/lib/libexslt.a -lm -liconv -lpthread -lz /Users/collinsmunyendo/rt2lab.github.io/vendor/bundle/ruby/4.0.0/gems/nokogiri-1.13.1/ports/arm64-darwin25/libxml2/2.9.12/lib/libxml2.a /Users/collinsmunyendo/rt2lab.github.io/vendor/bundle/ruby/4.0.0/gems/nokogiri-1.13.1/ports/arm64-darwin25/libxslt/1.1.34/lib/libxslt.a -lm -liconv -lpthread -lz /Users/collinsmunyendo/rt2lab.github.io/vendor/bundle/ruby/4.0.0/gems/nokogiri-1.13.1/ports/arm64-darwin25/libxml2/2.9.12/lib/libxml2.a -llzma -lruby.4.0 /Users/collinsmunyendo/rt2lab.github.io/vendor/bundle/ruby/4.0.0/gems/nokogiri-1.13.1/ports/arm64-darwin25/libxslt/1.1.34/lib/libexslt.a -lm -liconv -lpthread -lz /Users/collinsmunyendo/rt2lab.github.io/vendor/bundle/ruby/4.0.0/gems/nokogiri-1.13.1/ports/arm64-darwin25/libxml2/2.9.12/lib/libxml2.a /Users/collinsmunyendo/rt2lab.github.io/vendor/bundle/ruby/4.0.0/gems/nokogiri-1.13.1/ports/arm64-darwin25/libxslt/1.1.34/lib/libxslt.a -lm -liconv -lpthread -lz /Users/collinsmunyendo/rt2lab.github.io/vendor/bundle/ruby/4.0.0/gems/nokogiri-1.13.1/ports/arm64-darwin25/libxml2/2.9.12/lib/libxml2.a -llzma -lpthread  "
conftest.c:16:57: error: use of undeclared identifier 'xsltParseStylesheetDoc'
   16 | int t(void) { void ((*volatile p)()); p = (void ((*)()))xsltParseStylesheetDoc; return !p; }
      |                                                         ^~~~~~~~~~~~~~~~~~~~~~
1 error generated.
checked program was:
/* begin */
 1: #include "ruby.h"
 2: 
 3: #include <libxslt/xslt.h>
 4: 
 5: /*top*/
 6: extern int t(void);
 7: int main(int argc, char **argv)
 8: {
 9:   if (argc > 1000000) {
10:     int (* volatile tp)(void)=(int (*)(void))&t;
11:     printf("%d", (*tp)());
12:   }
13: 
14:   return !!argv[argc];
15: }
16: int t(void) { void ((*volatile p)()); p = (void ((*)()))xsltParseStylesheetDoc; return !p; }
/* end */

DYLD_LIBRARY_PATH=.:/opt/homebrew/Cellar/ruby/4.0.3/lib LSAN_OPTIONS=detect_leaks=0 "clang -o conftest -I/opt/homebrew/Cellar/ruby/4.0.3/include/ruby-4.0.0/arm64-darwin25 -I/opt/homebrew/Cellar/ruby/4.0.3/include/ruby-4.0.0/ruby/backward -I/opt/homebrew/Cellar/ruby/4.0.3/include/ruby-4.0.0 -I. -I/Users/collinsmunyendo/rt2lab.github.io/vendor/bundle/ruby/4.0.0/gems/nokogiri-1.13.1/ports/arm64-darwin25/libxml2/2.9.12/include/libxml2 -I/Users/collinsmunyendo/rt2lab.github.io/vendor/bundle/ruby/4.0.0/gems/nokogiri-1.13.1/ports/arm64-darwin25/libxslt/1.1.34/include -I/Users/collinsmunyendo/rt2lab.github.io/vendor/bundle/ruby/4.0.0/gems/nokogiri-1.13.1/ports/arm64-darwin25/libxml2/2.9.12/include/libxml2 -I/opt/homebrew/opt/libyaml/include -I/opt/homebrew/opt/openssl@3/include -D_XOPEN_SOURCE -D_DARWIN_C_SOURCE -D_DARWIN_UNLIMITED_SELECT -D_REENTRANT   -DNOKOGIRI_PACKAGED_LIBRARIES -DNOKOGIRI_LIBXML2_PATCHES="\"0001-Remove-script-macro-support.patch 0002-Update-entities-to-remove-handling-of-ssi.patch 0003-libxml2.la-is-in-top_builddir.patch 0004-use-glibc-strlen.patch 0005-avoid-isnan-isinf.patch 0006-update-automake-files-for-arm64.patch 0007-Fix-XPath-recursion-limit.patch 0008-htmlParseComment-handle-abruptly-closed-comments.patch 0009-allow-wildcard-namespaces.patch\"" -DNOKOGIRI_LIBXSLT_PATCHES="\"0001-update-automake-files-for-arm64.patch 0002-Fix-xml2-config-check-in-configure-script.patch\"" -fstack-protector-strong -U_FORTIFY_SOURCE -D_FORTIFY_SOURCE=2 -fdeclspec  -O3 -fno-fast-math -ggdb3 -Wall -Wextra -Wextra-tokens -Wdeprecated-declarations -Wdivision-by-zero -Wdiv-by-zero -Wimplicit-function-declaration -Wimplicit-int -Wpointer-arith -Wshorten-64-to-32 -Wwrite-strings -Wold-style-definition -Wmissing-noreturn -Wno-cast-function-type -Wno-constant-logical-operand -Wno-long-long -Wno-missing-field-initializers -Wno-overlength-strings -Wno-parentheses-equality -Wno-self-assign -Wno-tautological-compare -Wno-unused-parameter -Wno-unused-value -Wunused-variable -Wmisleading-indentation -Wundef -fno-common -pipe -std=c99 -Wno-declaration-after-statement -g -Winline -Wmissing-noreturn conftest.c -L. -L/opt/homebrew/Cellar/ruby/4.0.3/lib -L/Users/collinsmunyendo/rt2lab.github.io/vendor/bundle/ruby/4.0.0/gems/nokogiri-1.13.1/ports/arm64-darwin25/libxml2/2.9.12/lib -L/Users/collinsmunyendo/rt2lab.github.io/vendor/bundle/ruby/4.0.0/gems/nokogiri-1.13.1/ports/arm64-darwin25/libxslt/1.1.34/lib -L/opt/homebrew/opt/libyaml/lib -L/opt/homebrew/opt/openssl@3/lib -L. -fstack-protector-strong -L/opt/homebrew/Cellar/libyaml/0.2.5/lib -L/opt/homebrew/Cellar/openssl@3/3.6.2/lib  -arch arm64  /Users/collinsmunyendo/rt2lab.github.io/vendor/bundle/ruby/4.0.0/gems/nokogiri-1.13.1/ports/arm64-darwin25/libxslt/1.1.34/lib/libexslt.a -lm -liconv -lpthread -lz /Users/collinsmunyendo/rt2lab.github.io/vendor/bundle/ruby/4.0.0/gems/nokogiri-1.13.1/ports/arm64-darwin25/libxml2/2.9.12/lib/libxml2.a /Users/collinsmunyendo/rt2lab.github.io/vendor/bundle/ruby/4.0.0/gems/nokogiri-1.13.1/ports/arm64-darwin25/libxslt/1.1.34/lib/libxslt.a -lm -liconv -lpthread -lz /Users/collinsmunyendo/rt2lab.github.io/vendor/bundle/ruby/4.0.0/gems/nokogiri-1.13.1/ports/arm64-darwin25/libxml2/2.9.12/lib/libxml2.a -llzma -lruby.4.0 /Users/collinsmunyendo/rt2lab.github.io/vendor/bundle/ruby/4.0.0/gems/nokogiri-1.13.1/ports/arm64-darwin25/libxslt/1.1.34/lib/libexslt.a -lm -liconv -lpthread -lz /Users/collinsmunyendo/rt2lab.github.io/vendor/bundle/ruby/4.0.0/gems/nokogiri-1.13.1/ports/arm64-darwin25/libxml2/2.9.12/lib/libxml2.a /Users/collinsmunyendo/rt2lab.github.io/vendor/bundle/ruby/4.0.0/gems/nokogiri-1.13.1/ports/arm64-darwin25/libxslt/1.1.34/lib/libxslt.a -lm -liconv -lpthread -lz /Users/collinsmunyendo/rt2lab.github.io/vendor/bundle/ruby/4.0.0/gems/nokogiri-1.13.1/ports/arm64-darwin25/libxml2/2.9.12/lib/libxml2.a -llzma -lpthread  "
ld: warning: ignoring duplicate libraries: '-liconv', '-llzma', '-lm', '-lpthread', '-lz', '/Users/collinsmunyendo/rt2lab.github.io/vendor/bundle/ruby/4.0.0/gems/nokogiri-1.13.1/ports/arm64-darwin25/libxml2/2.9.12/lib/libxml2.a', '/Users/collinsmunyendo/rt2lab.github.io/vendor/bundle/ruby/4.0.0/gems/nokogiri-1.13.1/ports/arm64-darwin25/libxslt/1.1.34/lib/libexslt.a', '/Users/collinsmunyendo/rt2lab.github.io/vendor/bundle/ruby/4.0.0/gems/nokogiri-1.13.1/ports/arm64-darwin25/libxslt/1.1.34/lib/libxslt.a'
checked program was:
/* begin */
 1: #include "ruby.h"
 2: 
 3: #include <libxslt/xslt.h>
 4: 
 5: /*top*/
 6: extern int t(void);
 7: int main(int argc, char **argv)
 8: {
 9:   if (argc > 1000000) {
10:     int (* volatile tp)(void)=(int (*)(void))&t;
11:     printf("%d", (*tp)());
12:   }
13: 
14:   return !!argv[argc];
15: }
16: extern void xsltParseStylesheetDoc();
17: int t(void) { xsltParseStylesheetDoc(); return 0; }
/* end */

--------------------

have_func: checking for exsltFuncRegister() in libexslt/exslt.h... -------------------- yes

DYLD_LIBRARY_PATH=.:/opt/homebrew/Cellar/ruby/4.0.3/lib LSAN_OPTIONS=detect_leaks=0 "clang -o conftest -I/opt/homebrew/Cellar/ruby/4.0.3/include/ruby-4.0.0/arm64-darwin25 -I/opt/homebrew/Cellar/ruby/4.0.3/include/ruby-4.0.0/ruby/backward -I/opt/homebrew/Cellar/ruby/4.0.3/include/ruby-4.0.0 -I. -I/Users/collinsmunyendo/rt2lab.github.io/vendor/bundle/ruby/4.0.0/gems/nokogiri-1.13.1/ports/arm64-darwin25/libxml2/2.9.12/include/libxml2 -I/Users/collinsmunyendo/rt2lab.github.io/vendor/bundle/ruby/4.0.0/gems/nokogiri-1.13.1/ports/arm64-darwin25/libxslt/1.1.34/include -I/Users/collinsmunyendo/rt2lab.github.io/vendor/bundle/ruby/4.0.0/gems/nokogiri-1.13.1/ports/arm64-darwin25/libxml2/2.9.12/include/libxml2 -I/opt/homebrew/opt/libyaml/include -I/opt/homebrew/opt/openssl@3/include -D_XOPEN_SOURCE -D_DARWIN_C_SOURCE -D_DARWIN_UNLIMITED_SELECT -D_REENTRANT   -DNOKOGIRI_PACKAGED_LIBRARIES -DNOKOGIRI_LIBXML2_PATCHES="\"0001-Remove-script-macro-support.patch 0002-Update-entities-to-remove-handling-of-ssi.patch 0003-libxml2.la-is-in-top_builddir.patch 0004-use-glibc-strlen.patch 0005-avoid-isnan-isinf.patch 0006-update-automake-files-for-arm64.patch 0007-Fix-XPath-recursion-limit.patch 0008-htmlParseComment-handle-abruptly-closed-comments.patch 0009-allow-wildcard-namespaces.patch\"" -DNOKOGIRI_LIBXSLT_PATCHES="\"0001-update-automake-files-for-arm64.patch 0002-Fix-xml2-config-check-in-configure-script.patch\"" -fstack-protector-strong -U_FORTIFY_SOURCE -D_FORTIFY_SOURCE=2 -fdeclspec  -O3 -fno-fast-math -ggdb3 -Wall -Wextra -Wextra-tokens -Wdeprecated-declarations -Wdivision-by-zero -Wdiv-by-zero -Wimplicit-function-declaration -Wimplicit-int -Wpointer-arith -Wshorten-64-to-32 -Wwrite-strings -Wold-style-definition -Wmissing-noreturn -Wno-cast-function-type -Wno-constant-logical-operand -Wno-long-long -Wno-missing-field-initializers -Wno-overlength-strings -Wno-parentheses-equality -Wno-self-assign -Wno-tautological-compare -Wno-unused-parameter -Wno-unused-value -Wunused-variable -Wmisleading-indentation -Wundef -fno-common -pipe -std=c99 -Wno-declaration-after-statement -g -Winline -Wmissing-noreturn conftest.c -L. -L/opt/homebrew/Cellar/ruby/4.0.3/lib -L/Users/collinsmunyendo/rt2lab.github.io/vendor/bundle/ruby/4.0.0/gems/nokogiri-1.13.1/ports/arm64-darwin25/libxml2/2.9.12/lib -L/Users/collinsmunyendo/rt2lab.github.io/vendor/bundle/ruby/4.0.0/gems/nokogiri-1.13.1/ports/arm64-darwin25/libxslt/1.1.34/lib -L/opt/homebrew/opt/libyaml/lib -L/opt/homebrew/opt/openssl@3/lib -L. -fstack-protector-strong -L/opt/homebrew/Cellar/libyaml/0.2.5/lib -L/opt/homebrew/Cellar/openssl@3/3.6.2/lib  -arch arm64  /Users/collinsmunyendo/rt2lab.github.io/vendor/bundle/ruby/4.0.0/gems/nokogiri-1.13.1/ports/arm64-darwin25/libxslt/1.1.34/lib/libexslt.a -lm -liconv -lpthread -lz /Users/collinsmunyendo/rt2lab.github.io/vendor/bundle/ruby/4.0.0/gems/nokogiri-1.13.1/ports/arm64-darwin25/libxml2/2.9.12/lib/libxml2.a /Users/collinsmunyendo/rt2lab.github.io/vendor/bundle/ruby/4.0.0/gems/nokogiri-1.13.1/ports/arm64-darwin25/libxslt/1.1.34/lib/libxslt.a -lm -liconv -lpthread -lz /Users/collinsmunyendo/rt2lab.github.io/vendor/bundle/ruby/4.0.0/gems/nokogiri-1.13.1/ports/arm64-darwin25/libxml2/2.9.12/lib/libxml2.a -llzma -lruby.4.0 /Users/collinsmunyendo/rt2lab.github.io/vendor/bundle/ruby/4.0.0/gems/nokogiri-1.13.1/ports/arm64-darwin25/libxslt/1.1.34/lib/libexslt.a -lm -liconv -lpthread -lz /Users/collinsmunyendo/rt2lab.github.io/vendor/bundle/ruby/4.0.0/gems/nokogiri-1.13.1/ports/arm64-darwin25/libxml2/2.9.12/lib/libxml2.a /Users/collinsmunyendo/rt2lab.github.io/vendor/bundle/ruby/4.0.0/gems/nokogiri-1.13.1/ports/arm64-darwin25/libxslt/1.1.34/lib/libxslt.a -lm -liconv -lpthread -lz /Users/collinsmunyendo/rt2lab.github.io/vendor/bundle/ruby/4.0.0/gems/nokogiri-1.13.1/ports/arm64-darwin25/libxml2/2.9.12/lib/libxml2.a -llzma -lpthread  "
ld: warning: ignoring duplicate libraries: '-liconv', '-llzma', '-lm', '-lpthread', '-lz', '/Users/collinsmunyendo/rt2lab.github.io/vendor/bundle/ruby/4.0.0/gems/nokogiri-1.13.1/ports/arm64-darwin25/libxml2/2.9.12/lib/libxml2.a', '/Users/collinsmunyendo/rt2lab.github.io/vendor/bundle/ruby/4.0.0/gems/nokogiri-1.13.1/ports/arm64-darwin25/libxslt/1.1.34/lib/libexslt.a', '/Users/collinsmunyendo/rt2lab.github.io/vendor/bundle/ruby/4.0.0/gems/nokogiri-1.13.1/ports/arm64-darwin25/libxslt/1.1.34/lib/libxslt.a'
checked program was:
/* begin */
 1: #include "ruby.h"
 2: 
 3: #include <libexslt/exslt.h>
 4: 
 5: /*top*/
 6: extern int t(void);
 7: int main(int argc, char **argv)
 8: {
 9:   if (argc > 1000000) {
10:     int (* volatile tp)(void)=(int (*)(void))&t;
11:     printf("%d", (*tp)());
12:   }
13: 
14:   return !!argv[argc];
15: }
16: int t(void) { void ((*volatile p)()); p = (void ((*)()))exsltFuncRegister; return !p; }
/* end */

--------------------

append_cppflags: checking for whether -I/Users/collinsmunyendo/rt2lab.github.io/vendor/bundle/ruby/4.0.0/gems/nokogiri-1.13.1/ext/nokogiri/ports/arm64-darwin25/libgumbo/1.0.0-nokogiri/include is accepted as CPPFLAGS... -------------------- yes

DYLD_LIBRARY_PATH=.:/opt/homebrew/Cellar/ruby/4.0.3/lib LSAN_OPTIONS=detect_leaks=0 "clang -I/opt/homebrew/Cellar/ruby/4.0.3/include/ruby-4.0.0/arm64-darwin25 -I/opt/homebrew/Cellar/ruby/4.0.3/include/ruby-4.0.0/ruby/backward -I/opt/homebrew/Cellar/ruby/4.0.3/include/ruby-4.0.0 -I. -I/Users/collinsmunyendo/rt2lab.github.io/vendor/bundle/ruby/4.0.0/gems/nokogiri-1.13.1/ports/arm64-darwin25/libxml2/2.9.12/include/libxml2 -I/Users/collinsmunyendo/rt2lab.github.io/vendor/bundle/ruby/4.0.0/gems/nokogiri-1.13.1/ports/arm64-darwin25/libxslt/1.1.34/include -I/Users/collinsmunyendo/rt2lab.github.io/vendor/bundle/ruby/4.0.0/gems/nokogiri-1.13.1/ports/arm64-darwin25/libxml2/2.9.12/include/libxml2 -I/opt/homebrew/opt/libyaml/include -I/opt/homebrew/opt/openssl@3/include -D_XOPEN_SOURCE -D_DARWIN_C_SOURCE -D_DARWIN_UNLIMITED_SELECT -D_REENTRANT   -DNOKOGIRI_PACKAGED_LIBRARIES -DNOKOGIRI_LIBXML2_PATCHES="\"0001-Remove-script-macro-support.patch 0002-Update-entities-to-remove-handling-of-ssi.patch 0003-libxml2.la-is-in-top_builddir.patch 0004-use-glibc-strlen.patch 0005-avoid-isnan-isinf.patch 0006-update-automake-files-for-arm64.patch 0007-Fix-XPath-recursion-limit.patch 0008-htmlParseComment-handle-abruptly-closed-comments.patch 0009-allow-wildcard-namespaces.patch\"" -DNOKOGIRI_LIBXSLT_PATCHES="\"0001-update-automake-files-for-arm64.patch 0002-Fix-xml2-config-check-in-configure-script.patch\"" -fstack-protector-strong -U_FORTIFY_SOURCE -D_FORTIFY_SOURCE=2 -fdeclspec  -O3 -fno-fast-math -ggdb3 -Wall -Wextra -Wextra-tokens -Wdeprecated-declarations -Wdivision-by-zero -Wdiv-by-zero -Wimplicit-function-declaration -Wimplicit-int -Wpointer-arith -Wshorten-64-to-32 -Wwrite-strings -Wold-style-definition -Wmissing-noreturn -Wno-cast-function-type -Wno-constant-logical-operand -Wno-long-long -Wno-missing-field-initializers -Wno-overlength-strings -Wno-parentheses-equality -Wno-self-assign -Wno-tautological-compare -Wno-unused-parameter -Wno-unused-value -Wunused-variable -Wmisleading-indentation -Wundef -fno-common -pipe -std=c99 -Wno-declaration-after-statement -g -Winline -Wmissing-noreturn -arch arm64 -I/Users/collinsmunyendo/rt2lab.github.io/vendor/bundle/ruby/4.0.0/gems/nokogiri-1.13.1/ext/nokogiri/ports/arm64-darwin25/libgumbo/1.0.0-nokogiri/include -Werror -c conftest.c"
checked program was:
/* begin */
1: #include "ruby.h"
2: 
3: int main(int argc, char **argv)
4: {
5:   return !!argv[argc];
6: }
/* end */

--------------------

have_func: checking for gumbo_parse_with_options() in gumbo.h... -------------------- yes

DYLD_LIBRARY_PATH=.:/opt/homebrew/Cellar/ruby/4.0.3/lib LSAN_OPTIONS=detect_leaks=0 "clang -o conftest -I/opt/homebrew/Cellar/ruby/4.0.3/include/ruby-4.0.0/arm64-darwin25 -I/opt/homebrew/Cellar/ruby/4.0.3/include/ruby-4.0.0/ruby/backward -I/opt/homebrew/Cellar/ruby/4.0.3/include/ruby-4.0.0 -I. -I/Users/collinsmunyendo/rt2lab.github.io/vendor/bundle/ruby/4.0.0/gems/nokogiri-1.13.1/ports/arm64-darwin25/libxml2/2.9.12/include/libxml2 -I/Users/collinsmunyendo/rt2lab.github.io/vendor/bundle/ruby/4.0.0/gems/nokogiri-1.13.1/ports/arm64-darwin25/libxslt/1.1.34/include -I/Users/collinsmunyendo/rt2lab.github.io/vendor/bundle/ruby/4.0.0/gems/nokogiri-1.13.1/ports/arm64-darwin25/libxml2/2.9.12/include/libxml2 -I/opt/homebrew/opt/libyaml/include -I/opt/homebrew/opt/openssl@3/include -D_XOPEN_SOURCE -D_DARWIN_C_SOURCE -D_DARWIN_UNLIMITED_SELECT -D_REENTRANT   -DNOKOGIRI_PACKAGED_LIBRARIES -DNOKOGIRI_LIBXML2_PATCHES="\"0001-Remove-script-macro-support.patch 0002-Update-entities-to-remove-handling-of-ssi.patch 0003-libxml2.la-is-in-top_builddir.patch 0004-use-glibc-strlen.patch 0005-avoid-isnan-isinf.patch 0006-update-automake-files-for-arm64.patch 0007-Fix-XPath-recursion-limit.patch 0008-htmlParseComment-handle-abruptly-closed-comments.patch 0009-allow-wildcard-namespaces.patch\"" -DNOKOGIRI_LIBXSLT_PATCHES="\"0001-update-automake-files-for-arm64.patch 0002-Fix-xml2-config-check-in-configure-script.patch\"" -I/Users/collinsmunyendo/rt2lab.github.io/vendor/bundle/ruby/4.0.0/gems/nokogiri-1.13.1/ext/nokogiri/ports/arm64-darwin25/libgumbo/1.0.0-nokogiri/include -fstack-protector-strong -U_FORTIFY_SOURCE -D_FORTIFY_SOURCE=2 -fdeclspec  -O3 -fno-fast-math -ggdb3 -Wall -Wextra -Wextra-tokens -Wdeprecated-declarations -Wdivision-by-zero -Wdiv-by-zero -Wimplicit-function-declaration -Wimplicit-int -Wpointer-arith -Wshorten-64-to-32 -Wwrite-strings -Wold-style-definition -Wmissing-noreturn -Wno-cast-function-type -Wno-constant-logical-operand -Wno-long-long -Wno-missing-field-initializers -Wno-overlength-strings -Wno-parentheses-equality -Wno-self-assign -Wno-tautological-compare -Wno-unused-parameter -Wno-unused-value -Wunused-variable -Wmisleading-indentation -Wundef -fno-common -pipe -std=c99 -Wno-declaration-after-statement -g -Winline -Wmissing-noreturn conftest.c -L. -L/opt/homebrew/Cellar/ruby/4.0.3/lib -L/Users/collinsmunyendo/rt2lab.github.io/vendor/bundle/ruby/4.0.0/gems/nokogiri-1.13.1/ports/arm64-darwin25/libxml2/2.9.12/lib -L/Users/collinsmunyendo/rt2lab.github.io/vendor/bundle/ruby/4.0.0/gems/nokogiri-1.13.1/ports/arm64-darwin25/libxslt/1.1.34/lib -L/opt/homebrew/opt/libyaml/lib -L/opt/homebrew/opt/openssl@3/lib -L/Users/collinsmunyendo/rt2lab.github.io/vendor/bundle/ruby/4.0.0/gems/nokogiri-1.13.1/ext/nokogiri/ports/arm64-darwin25/libgumbo/1.0.0-nokogiri/lib -L. -fstack-protector-strong -L/opt/homebrew/Cellar/libyaml/0.2.5/lib -L/opt/homebrew/Cellar/openssl@3/3.6.2/lib  -arch arm64  /Users/collinsmunyendo/rt2lab.github.io/vendor/bundle/ruby/4.0.0/gems/nokogiri-1.13.1/ports/arm64-darwin25/libxslt/1.1.34/lib/libexslt.a -lm -liconv -lpthread -lz /Users/collinsmunyendo/rt2lab.github.io/vendor/bundle/ruby/4.0.0/gems/nokogiri-1.13.1/ports/arm64-darwin25/libxml2/2.9.12/lib/libxml2.a /Users/collinsmunyendo/rt2lab.github.io/vendor/bundle/ruby/4.0.0/gems/nokogiri-1.13.1/ports/arm64-darwin25/libxslt/1.1.34/lib/libxslt.a -lm -liconv -lpthread -lz /Users/collinsmunyendo/rt2lab.github.io/vendor/bundle/ruby/4.0.0/gems/nokogiri-1.13.1/ports/arm64-darwin25/libxml2/2.9.12/lib/libxml2.a -llzma /Users/collinsmunyendo/rt2lab.github.io/vendor/bundle/ruby/4.0.0/gems/nokogiri-1.13.1/ext/nokogiri/ports/arm64-darwin25/libgumbo/1.0.0-nokogiri/lib/libgumbo.a -lruby.4.0 /Users/collinsmunyendo/rt2lab.github.io/vendor/bundle/ruby/4.0.0/gems/nokogiri-1.13.1/ports/arm64-darwin25/libxslt/1.1.34/lib/libexslt.a -lm -liconv -lpthread -lz /Users/collinsmunyendo/rt2lab.github.io/vendor/bundle/ruby/4.0.0/gems/nokogiri-1.13.1/ports/arm64-darwin25/libxml2/2.9.12/lib/libxml2.a /Users/collinsmunyendo/rt2lab.github.io/vendor/bundle/ruby/4.0.0/gems/nokogiri-1.13.1/ports/arm64-darwin25/libxslt/1.1.34/lib/libxslt.a -lm -liconv -lpthread -lz /Users/collinsmunyendo/rt2lab.github.io/vendor/bundle/ruby/4.0.0/gems/nokogiri-1.13.1/ports/arm64-darwin25/libxml2/2.9.12/lib/libxml2.a -llzma /Users/collinsmunyendo/rt2lab.github.io/vendor/bundle/ruby/4.0.0/gems/nokogiri-1.13.1/ext/nokogiri/ports/arm64-darwin25/libgumbo/1.0.0-nokogiri/lib/libgumbo.a -lpthread  "
ld: warning: ignoring duplicate libraries: '-liconv', '-llzma', '-lm', '-lpthread', '-lz', '/Users/collinsmunyendo/rt2lab.github.io/vendor/bundle/ruby/4.0.0/gems/nokogiri-1.13.1/ext/nokogiri/ports/arm64-darwin25/libgumbo/1.0.0-nokogiri/lib/libgumbo.a', '/Users/collinsmunyendo/rt2lab.github.io/vendor/bundle/ruby/4.0.0/gems/nokogiri-1.13.1/ports/arm64-darwin25/libxml2/2.9.12/lib/libxml2.a', '/Users/collinsmunyendo/rt2lab.github.io/vendor/bundle/ruby/4.0.0/gems/nokogiri-1.13.1/ports/arm64-darwin25/libxslt/1.1.34/lib/libexslt.a', '/Users/collinsmunyendo/rt2lab.github.io/vendor/bundle/ruby/4.0.0/gems/nokogiri-1.13.1/ports/arm64-darwin25/libxslt/1.1.34/lib/libxslt.a'
checked program was:
/* begin */
 1: #include "ruby.h"
 2: 
 3: #include <gumbo.h>
 4: 
 5: /*top*/
 6: extern int t(void);
 7: int main(int argc, char **argv)
 8: {
 9:   if (argc > 1000000) {
10:     int (* volatile tp)(void)=(int (*)(void))&t;
11:     printf("%d", (*tp)());
12:   }
13: 
14:   return !!argv[argc];
15: }
16: int t(void) { void ((*volatile p)()); p = (void ((*)()))gumbo_parse_with_options; return !p; }
/* end */

--------------------

have_func: checking for xmlHasFeature()... -------------------- yes

DYLD_LIBRARY_PATH=.:/opt/homebrew/Cellar/ruby/4.0.3/lib LSAN_OPTIONS=detect_leaks=0 "clang -o conftest -I/opt/homebrew/Cellar/ruby/4.0.3/include/ruby-4.0.0/arm64-darwin25 -I/opt/homebrew/Cellar/ruby/4.0.3/include/ruby-4.0.0/ruby/backward -I/opt/homebrew/Cellar/ruby/4.0.3/include/ruby-4.0.0 -I. -I/Users/collinsmunyendo/rt2lab.github.io/vendor/bundle/ruby/4.0.0/gems/nokogiri-1.13.1/ports/arm64-darwin25/libxml2/2.9.12/include/libxml2 -I/Users/collinsmunyendo/rt2lab.github.io/vendor/bundle/ruby/4.0.0/gems/nokogiri-1.13.1/ports/arm64-darwin25/libxslt/1.1.34/include -I/Users/collinsmunyendo/rt2lab.github.io/vendor/bundle/ruby/4.0.0/gems/nokogiri-1.13.1/ports/arm64-darwin25/libxml2/2.9.12/include/libxml2 -I/opt/homebrew/opt/libyaml/include -I/opt/homebrew/opt/openssl@3/include -D_XOPEN_SOURCE -D_DARWIN_C_SOURCE -D_DARWIN_UNLIMITED_SELECT -D_REENTRANT   -DNOKOGIRI_PACKAGED_LIBRARIES -DNOKOGIRI_LIBXML2_PATCHES="\"0001-Remove-script-macro-support.patch 0002-Update-entities-to-remove-handling-of-ssi.patch 0003-libxml2.la-is-in-top_builddir.patch 0004-use-glibc-strlen.patch 0005-avoid-isnan-isinf.patch 0006-update-automake-files-for-arm64.patch 0007-Fix-XPath-recursion-limit.patch 0008-htmlParseComment-handle-abruptly-closed-comments.patch 0009-allow-wildcard-namespaces.patch\"" -DNOKOGIRI_LIBXSLT_PATCHES="\"0001-update-automake-files-for-arm64.patch 0002-Fix-xml2-config-check-in-configure-script.patch\"" -I/Users/collinsmunyendo/rt2lab.github.io/vendor/bundle/ruby/4.0.0/gems/nokogiri-1.13.1/ext/nokogiri/ports/arm64-darwin25/libgumbo/1.0.0-nokogiri/include -fstack-protector-strong -U_FORTIFY_SOURCE -D_FORTIFY_SOURCE=2 -fdeclspec  -O3 -fno-fast-math -ggdb3 -Wall -Wextra -Wextra-tokens -Wdeprecated-declarations -Wdivision-by-zero -Wdiv-by-zero -Wimplicit-function-declaration -Wimplicit-int -Wpointer-arith -Wshorten-64-to-32 -Wwrite-strings -Wold-style-definition -Wmissing-noreturn -Wno-cast-function-type -Wno-constant-logical-operand -Wno-long-long -Wno-missing-field-initializers -Wno-overlength-strings -Wno-parentheses-equality -Wno-self-assign -Wno-tautological-compare -Wno-unused-parameter -Wno-unused-value -Wunused-variable -Wmisleading-indentation -Wundef -fno-common -pipe -std=c99 -Wno-declaration-after-statement -g -Winline -Wmissing-noreturn conftest.c -L. -L/opt/homebrew/Cellar/ruby/4.0.3/lib -L/Users/collinsmunyendo/rt2lab.github.io/vendor/bundle/ruby/4.0.0/gems/nokogiri-1.13.1/ports/arm64-darwin25/libxml2/2.9.12/lib -L/Users/collinsmunyendo/rt2lab.github.io/vendor/bundle/ruby/4.0.0/gems/nokogiri-1.13.1/ports/arm64-darwin25/libxslt/1.1.34/lib -L/opt/homebrew/opt/libyaml/lib -L/opt/homebrew/opt/openssl@3/lib -L/Users/collinsmunyendo/rt2lab.github.io/vendor/bundle/ruby/4.0.0/gems/nokogiri-1.13.1/ext/nokogiri/ports/arm64-darwin25/libgumbo/1.0.0-nokogiri/lib -L. -fstack-protector-strong -L/opt/homebrew/Cellar/libyaml/0.2.5/lib -L/opt/homebrew/Cellar/openssl@3/3.6.2/lib  -arch arm64  /Users/collinsmunyendo/rt2lab.github.io/vendor/bundle/ruby/4.0.0/gems/nokogiri-1.13.1/ports/arm64-darwin25/libxslt/1.1.34/lib/libexslt.a -lm -liconv -lpthread -lz /Users/collinsmunyendo/rt2lab.github.io/vendor/bundle/ruby/4.0.0/gems/nokogiri-1.13.1/ports/arm64-darwin25/libxml2/2.9.12/lib/libxml2.a /Users/collinsmunyendo/rt2lab.github.io/vendor/bundle/ruby/4.0.0/gems/nokogiri-1.13.1/ports/arm64-darwin25/libxslt/1.1.34/lib/libxslt.a -lm -liconv -lpthread -lz /Users/collinsmunyendo/rt2lab.github.io/vendor/bundle/ruby/4.0.0/gems/nokogiri-1.13.1/ports/arm64-darwin25/libxml2/2.9.12/lib/libxml2.a -llzma /Users/collinsmunyendo/rt2lab.github.io/vendor/bundle/ruby/4.0.0/gems/nokogiri-1.13.1/ext/nokogiri/ports/arm64-darwin25/libgumbo/1.0.0-nokogiri/lib/libgumbo.a -lruby.4.0 /Users/collinsmunyendo/rt2lab.github.io/vendor/bundle/ruby/4.0.0/gems/nokogiri-1.13.1/ports/arm64-darwin25/libxslt/1.1.34/lib/libexslt.a -lm -liconv -lpthread -lz /Users/collinsmunyendo/rt2lab.github.io/vendor/bundle/ruby/4.0.0/gems/nokogiri-1.13.1/ports/arm64-darwin25/libxml2/2.9.12/lib/libxml2.a /Users/collinsmunyendo/rt2lab.github.io/vendor/bundle/ruby/4.0.0/gems/nokogiri-1.13.1/ports/arm64-darwin25/libxslt/1.1.34/lib/libxslt.a -lm -liconv -lpthread -lz /Users/collinsmunyendo/rt2lab.github.io/vendor/bundle/ruby/4.0.0/gems/nokogiri-1.13.1/ports/arm64-darwin25/libxml2/2.9.12/lib/libxml2.a -llzma /Users/collinsmunyendo/rt2lab.github.io/vendor/bundle/ruby/4.0.0/gems/nokogiri-1.13.1/ext/nokogiri/ports/arm64-darwin25/libgumbo/1.0.0-nokogiri/lib/libgumbo.a -lpthread  "
conftest.c:14:57: error: use of undeclared identifier 'xmlHasFeature'
   14 | int t(void) { void ((*volatile p)()); p = (void ((*)()))xmlHasFeature; return !p; }
      |                                                         ^~~~~~~~~~~~~
1 error generated.
checked program was:
/* begin */
 1: #include "ruby.h"
 2: 
 3: /*top*/
 4: extern int t(void);
 5: int main(int argc, char **argv)
 6: {
 7:   if (argc > 1000000) {
 8:     int (* volatile tp)(void)=(int (*)(void))&t;
 9:     printf("%d", (*tp)());
10:   }
11: 
12:   return !!argv[argc];
13: }
14: int t(void) { void ((*volatile p)()); p = (void ((*)()))xmlHasFeature; return !p; }
/* end */

DYLD_LIBRARY_PATH=.:/opt/homebrew/Cellar/ruby/4.0.3/lib LSAN_OPTIONS=detect_leaks=0 "clang -o conftest -I/opt/homebrew/Cellar/ruby/4.0.3/include/ruby-4.0.0/arm64-darwin25 -I/opt/homebrew/Cellar/ruby/4.0.3/include/ruby-4.0.0/ruby/backward -I/opt/homebrew/Cellar/ruby/4.0.3/include/ruby-4.0.0 -I. -I/Users/collinsmunyendo/rt2lab.github.io/vendor/bundle/ruby/4.0.0/gems/nokogiri-1.13.1/ports/arm64-darwin25/libxml2/2.9.12/include/libxml2 -I/Users/collinsmunyendo/rt2lab.github.io/vendor/bundle/ruby/4.0.0/gems/nokogiri-1.13.1/ports/arm64-darwin25/libxslt/1.1.34/include -I/Users/collinsmunyendo/rt2lab.github.io/vendor/bundle/ruby/4.0.0/gems/nokogiri-1.13.1/ports/arm64-darwin25/libxml2/2.9.12/include/libxml2 -I/opt/homebrew/opt/libyaml/include -I/opt/homebrew/opt/openssl@3/include -D_XOPEN_SOURCE -D_DARWIN_C_SOURCE -D_DARWIN_UNLIMITED_SELECT -D_REENTRANT   -DNOKOGIRI_PACKAGED_LIBRARIES -DNOKOGIRI_LIBXML2_PATCHES="\"0001-Remove-script-macro-support.patch 0002-Update-entities-to-remove-handling-of-ssi.patch 0003-libxml2.la-is-in-top_builddir.patch 0004-use-glibc-strlen.patch 0005-avoid-isnan-isinf.patch 0006-update-automake-files-for-arm64.patch 0007-Fix-XPath-recursion-limit.patch 0008-htmlParseComment-handle-abruptly-closed-comments.patch 0009-allow-wildcard-namespaces.patch\"" -DNOKOGIRI_LIBXSLT_PATCHES="\"0001-update-automake-files-for-arm64.patch 0002-Fix-xml2-config-check-in-configure-script.patch\"" -I/Users/collinsmunyendo/rt2lab.github.io/vendor/bundle/ruby/4.0.0/gems/nokogiri-1.13.1/ext/nokogiri/ports/arm64-darwin25/libgumbo/1.0.0-nokogiri/include -fstack-protector-strong -U_FORTIFY_SOURCE -D_FORTIFY_SOURCE=2 -fdeclspec  -O3 -fno-fast-math -ggdb3 -Wall -Wextra -Wextra-tokens -Wdeprecated-declarations -Wdivision-by-zero -Wdiv-by-zero -Wimplicit-function-declaration -Wimplicit-int -Wpointer-arith -Wshorten-64-to-32 -Wwrite-strings -Wold-style-definition -Wmissing-noreturn -Wno-cast-function-type -Wno-constant-logical-operand -Wno-long-long -Wno-missing-field-initializers -Wno-overlength-strings -Wno-parentheses-equality -Wno-self-assign -Wno-tautological-compare -Wno-unused-parameter -Wno-unused-value -Wunused-variable -Wmisleading-indentation -Wundef -fno-common -pipe -std=c99 -Wno-declaration-after-statement -g -Winline -Wmissing-noreturn conftest.c -L. -L/opt/homebrew/Cellar/ruby/4.0.3/lib -L/Users/collinsmunyendo/rt2lab.github.io/vendor/bundle/ruby/4.0.0/gems/nokogiri-1.13.1/ports/arm64-darwin25/libxml2/2.9.12/lib -L/Users/collinsmunyendo/rt2lab.github.io/vendor/bundle/ruby/4.0.0/gems/nokogiri-1.13.1/ports/arm64-darwin25/libxslt/1.1.34/lib -L/opt/homebrew/opt/libyaml/lib -L/opt/homebrew/opt/openssl@3/lib -L/Users/collinsmunyendo/rt2lab.github.io/vendor/bundle/ruby/4.0.0/gems/nokogiri-1.13.1/ext/nokogiri/ports/arm64-darwin25/libgumbo/1.0.0-nokogiri/lib -L. -fstack-protector-strong -L/opt/homebrew/Cellar/libyaml/0.2.5/lib -L/opt/homebrew/Cellar/openssl@3/3.6.2/lib  -arch arm64  /Users/collinsmunyendo/rt2lab.github.io/vendor/bundle/ruby/4.0.0/gems/nokogiri-1.13.1/ports/arm64-darwin25/libxslt/1.1.34/lib/libexslt.a -lm -liconv -lpthread -lz /Users/collinsmunyendo/rt2lab.github.io/vendor/bundle/ruby/4.0.0/gems/nokogiri-1.13.1/ports/arm64-darwin25/libxml2/2.9.12/lib/libxml2.a /Users/collinsmunyendo/rt2lab.github.io/vendor/bundle/ruby/4.0.0/gems/nokogiri-1.13.1/ports/arm64-darwin25/libxslt/1.1.34/lib/libxslt.a -lm -liconv -lpthread -lz /Users/collinsmunyendo/rt2lab.github.io/vendor/bundle/ruby/4.0.0/gems/nokogiri-1.13.1/ports/arm64-darwin25/libxml2/2.9.12/lib/libxml2.a -llzma /Users/collinsmunyendo/rt2lab.github.io/vendor/bundle/ruby/4.0.0/gems/nokogiri-1.13.1/ext/nokogiri/ports/arm64-darwin25/libgumbo/1.0.0-nokogiri/lib/libgumbo.a -lruby.4.0 /Users/collinsmunyendo/rt2lab.github.io/vendor/bundle/ruby/4.0.0/gems/nokogiri-1.13.1/ports/arm64-darwin25/libxslt/1.1.34/lib/libexslt.a -lm -liconv -lpthread -lz /Users/collinsmunyendo/rt2lab.github.io/vendor/bundle/ruby/4.0.0/gems/nokogiri-1.13.1/ports/arm64-darwin25/libxml2/2.9.12/lib/libxml2.a /Users/collinsmunyendo/rt2lab.github.io/vendor/bundle/ruby/4.0.0/gems/nokogiri-1.13.1/ports/arm64-darwin25/libxslt/1.1.34/lib/libxslt.a -lm -liconv -lpthread -lz /Users/collinsmunyendo/rt2lab.github.io/vendor/bundle/ruby/4.0.0/gems/nokogiri-1.13.1/ports/arm64-darwin25/libxml2/2.9.12/lib/libxml2.a -llzma /Users/collinsmunyendo/rt2lab.github.io/vendor/bundle/ruby/4.0.0/gems/nokogiri-1.13.1/ext/nokogiri/ports/arm64-darwin25/libgumbo/1.0.0-nokogiri/lib/libgumbo.a -lpthread  "
ld: warning: ignoring duplicate libraries: '-liconv', '-llzma', '-lm', '-lpthread', '-lz', '/Users/collinsmunyendo/rt2lab.github.io/vendor/bundle/ruby/4.0.0/gems/nokogiri-1.13.1/ext/nokogiri/ports/arm64-darwin25/libgumbo/1.0.0-nokogiri/lib/libgumbo.a', '/Users/collinsmunyendo/rt2lab.github.io/vendor/bundle/ruby/4.0.0/gems/nokogiri-1.13.1/ports/arm64-darwin25/libxml2/2.9.12/lib/libxml2.a', '/Users/collinsmunyendo/rt2lab.github.io/vendor/bundle/ruby/4.0.0/gems/nokogiri-1.13.1/ports/arm64-darwin25/libxslt/1.1.34/lib/libexslt.a', '/Users/collinsmunyendo/rt2lab.github.io/vendor/bundle/ruby/4.0.0/gems/nokogiri-1.13.1/ports/arm64-darwin25/libxslt/1.1.34/lib/libxslt.a'
checked program was:
/* begin */
 1: #include "ruby.h"
 2: 
 3: /*top*/
 4: extern int t(void);
 5: int main(int argc, char **argv)
 6: {
 7:   if (argc > 1000000) {
 8:     int (* volatile tp)(void)=(int (*)(void))&t;
 9:     printf("%d", (*tp)());
10:   }
11: 
12:   return !!argv[argc];
13: }
14: extern void xmlHasFeature();
15: int t(void) { xmlHasFeature(); return 0; }
/* end */

--------------------

have_func: checking for xmlFirstElementChild()... -------------------- yes

DYLD_LIBRARY_PATH=.:/opt/homebrew/Cellar/ruby/4.0.3/lib LSAN_OPTIONS=detect_leaks=0 "clang -o conftest -I/opt/homebrew/Cellar/ruby/4.0.3/include/ruby-4.0.0/arm64-darwin25 -I/opt/homebrew/Cellar/ruby/4.0.3/include/ruby-4.0.0/ruby/backward -I/opt/homebrew/Cellar/ruby/4.0.3/include/ruby-4.0.0 -I. -I/Users/collinsmunyendo/rt2lab.github.io/vendor/bundle/ruby/4.0.0/gems/nokogiri-1.13.1/ports/arm64-darwin25/libxml2/2.9.12/include/libxml2 -I/Users/collinsmunyendo/rt2lab.github.io/vendor/bundle/ruby/4.0.0/gems/nokogiri-1.13.1/ports/arm64-darwin25/libxslt/1.1.34/include -I/Users/collinsmunyendo/rt2lab.github.io/vendor/bundle/ruby/4.0.0/gems/nokogiri-1.13.1/ports/arm64-darwin25/libxml2/2.9.12/include/libxml2 -I/opt/homebrew/opt/libyaml/include -I/opt/homebrew/opt/openssl@3/include -D_XOPEN_SOURCE -D_DARWIN_C_SOURCE -D_DARWIN_UNLIMITED_SELECT -D_REENTRANT   -DNOKOGIRI_PACKAGED_LIBRARIES -DNOKOGIRI_LIBXML2_PATCHES="\"0001-Remove-script-macro-support.patch 0002-Update-entities-to-remove-handling-of-ssi.patch 0003-libxml2.la-is-in-top_builddir.patch 0004-use-glibc-strlen.patch 0005-avoid-isnan-isinf.patch 0006-update-automake-files-for-arm64.patch 0007-Fix-XPath-recursion-limit.patch 0008-htmlParseComment-handle-abruptly-closed-comments.patch 0009-allow-wildcard-namespaces.patch\"" -DNOKOGIRI_LIBXSLT_PATCHES="\"0001-update-automake-files-for-arm64.patch 0002-Fix-xml2-config-check-in-configure-script.patch\"" -I/Users/collinsmunyendo/rt2lab.github.io/vendor/bundle/ruby/4.0.0/gems/nokogiri-1.13.1/ext/nokogiri/ports/arm64-darwin25/libgumbo/1.0.0-nokogiri/include -fstack-protector-strong -U_FORTIFY_SOURCE -D_FORTIFY_SOURCE=2 -fdeclspec  -O3 -fno-fast-math -ggdb3 -Wall -Wextra -Wextra-tokens -Wdeprecated-declarations -Wdivision-by-zero -Wdiv-by-zero -Wimplicit-function-declaration -Wimplicit-int -Wpointer-arith -Wshorten-64-to-32 -Wwrite-strings -Wold-style-definition -Wmissing-noreturn -Wno-cast-function-type -Wno-constant-logical-operand -Wno-long-long -Wno-missing-field-initializers -Wno-overlength-strings -Wno-parentheses-equality -Wno-self-assign -Wno-tautological-compare -Wno-unused-parameter -Wno-unused-value -Wunused-variable -Wmisleading-indentation -Wundef -fno-common -pipe -std=c99 -Wno-declaration-after-statement -g -Winline -Wmissing-noreturn conftest.c -L. -L/opt/homebrew/Cellar/ruby/4.0.3/lib -L/Users/collinsmunyendo/rt2lab.github.io/vendor/bundle/ruby/4.0.0/gems/nokogiri-1.13.1/ports/arm64-darwin25/libxml2/2.9.12/lib -L/Users/collinsmunyendo/rt2lab.github.io/vendor/bundle/ruby/4.0.0/gems/nokogiri-1.13.1/ports/arm64-darwin25/libxslt/1.1.34/lib -L/opt/homebrew/opt/libyaml/lib -L/opt/homebrew/opt/openssl@3/lib -L/Users/collinsmunyendo/rt2lab.github.io/vendor/bundle/ruby/4.0.0/gems/nokogiri-1.13.1/ext/nokogiri/ports/arm64-darwin25/libgumbo/1.0.0-nokogiri/lib -L. -fstack-protector-strong -L/opt/homebrew/Cellar/libyaml/0.2.5/lib -L/opt/homebrew/Cellar/openssl@3/3.6.2/lib  -arch arm64  /Users/collinsmunyendo/rt2lab.github.io/vendor/bundle/ruby/4.0.0/gems/nokogiri-1.13.1/ports/arm64-darwin25/libxslt/1.1.34/lib/libexslt.a -lm -liconv -lpthread -lz /Users/collinsmunyendo/rt2lab.github.io/vendor/bundle/ruby/4.0.0/gems/nokogiri-1.13.1/ports/arm64-darwin25/libxml2/2.9.12/lib/libxml2.a /Users/collinsmunyendo/rt2lab.github.io/vendor/bundle/ruby/4.0.0/gems/nokogiri-1.13.1/ports/arm64-darwin25/libxslt/1.1.34/lib/libxslt.a -lm -liconv -lpthread -lz /Users/collinsmunyendo/rt2lab.github.io/vendor/bundle/ruby/4.0.0/gems/nokogiri-1.13.1/ports/arm64-darwin25/libxml2/2.9.12/lib/libxml2.a -llzma /Users/collinsmunyendo/rt2lab.github.io/vendor/bundle/ruby/4.0.0/gems/nokogiri-1.13.1/ext/nokogiri/ports/arm64-darwin25/libgumbo/1.0.0-nokogiri/lib/libgumbo.a -lruby.4.0 /Users/collinsmunyendo/rt2lab.github.io/vendor/bundle/ruby/4.0.0/gems/nokogiri-1.13.1/ports/arm64-darwin25/libxslt/1.1.34/lib/libexslt.a -lm -liconv -lpthread -lz /Users/collinsmunyendo/rt2lab.github.io/vendor/bundle/ruby/4.0.0/gems/nokogiri-1.13.1/ports/arm64-darwin25/libxml2/2.9.12/lib/libxml2.a /Users/collinsmunyendo/rt2lab.github.io/vendor/bundle/ruby/4.0.0/gems/nokogiri-1.13.1/ports/arm64-darwin25/libxslt/1.1.34/lib/libxslt.a -lm -liconv -lpthread -lz /Users/collinsmunyendo/rt2lab.github.io/vendor/bundle/ruby/4.0.0/gems/nokogiri-1.13.1/ports/arm64-darwin25/libxml2/2.9.12/lib/libxml2.a -llzma /Users/collinsmunyendo/rt2lab.github.io/vendor/bundle/ruby/4.0.0/gems/nokogiri-1.13.1/ext/nokogiri/ports/arm64-darwin25/libgumbo/1.0.0-nokogiri/lib/libgumbo.a -lpthread  "
conftest.c:14:57: error: use of undeclared identifier 'xmlFirstElementChild'
   14 | int t(void) { void ((*volatile p)()); p = (void ((*)()))xmlFirstElementChild; return !p; }
      |                                                         ^~~~~~~~~~~~~~~~~~~~
1 error generated.
checked program was:
/* begin */
 1: #include "ruby.h"
 2: 
 3: /*top*/
 4: extern int t(void);
 5: int main(int argc, char **argv)
 6: {
 7:   if (argc > 1000000) {
 8:     int (* volatile tp)(void)=(int (*)(void))&t;
 9:     printf("%d", (*tp)());
10:   }
11: 
12:   return !!argv[argc];
13: }
14: int t(void) { void ((*volatile p)()); p = (void ((*)()))xmlFirstElementChild; return !p; }
/* end */

DYLD_LIBRARY_PATH=.:/opt/homebrew/Cellar/ruby/4.0.3/lib LSAN_OPTIONS=detect_leaks=0 "clang -o conftest -I/opt/homebrew/Cellar/ruby/4.0.3/include/ruby-4.0.0/arm64-darwin25 -I/opt/homebrew/Cellar/ruby/4.0.3/include/ruby-4.0.0/ruby/backward -I/opt/homebrew/Cellar/ruby/4.0.3/include/ruby-4.0.0 -I. -I/Users/collinsmunyendo/rt2lab.github.io/vendor/bundle/ruby/4.0.0/gems/nokogiri-1.13.1/ports/arm64-darwin25/libxml2/2.9.12/include/libxml2 -I/Users/collinsmunyendo/rt2lab.github.io/vendor/bundle/ruby/4.0.0/gems/nokogiri-1.13.1/ports/arm64-darwin25/libxslt/1.1.34/include -I/Users/collinsmunyendo/rt2lab.github.io/vendor/bundle/ruby/4.0.0/gems/nokogiri-1.13.1/ports/arm64-darwin25/libxml2/2.9.12/include/libxml2 -I/opt/homebrew/opt/libyaml/include -I/opt/homebrew/opt/openssl@3/include -D_XOPEN_SOURCE -D_DARWIN_C_SOURCE -D_DARWIN_UNLIMITED_SELECT -D_REENTRANT   -DNOKOGIRI_PACKAGED_LIBRARIES -DNOKOGIRI_LIBXML2_PATCHES="\"0001-Remove-script-macro-support.patch 0002-Update-entities-to-remove-handling-of-ssi.patch 0003-libxml2.la-is-in-top_builddir.patch 0004-use-glibc-strlen.patch 0005-avoid-isnan-isinf.patch 0006-update-automake-files-for-arm64.patch 0007-Fix-XPath-recursion-limit.patch 0008-htmlParseComment-handle-abruptly-closed-comments.patch 0009-allow-wildcard-namespaces.patch\"" -DNOKOGIRI_LIBXSLT_PATCHES="\"0001-update-automake-files-for-arm64.patch 0002-Fix-xml2-config-check-in-configure-script.patch\"" -I/Users/collinsmunyendo/rt2lab.github.io/vendor/bundle/ruby/4.0.0/gems/nokogiri-1.13.1/ext/nokogiri/ports/arm64-darwin25/libgumbo/1.0.0-nokogiri/include -fstack-protector-strong -U_FORTIFY_SOURCE -D_FORTIFY_SOURCE=2 -fdeclspec  -O3 -fno-fast-math -ggdb3 -Wall -Wextra -Wextra-tokens -Wdeprecated-declarations -Wdivision-by-zero -Wdiv-by-zero -Wimplicit-function-declaration -Wimplicit-int -Wpointer-arith -Wshorten-64-to-32 -Wwrite-strings -Wold-style-definition -Wmissing-noreturn -Wno-cast-function-type -Wno-constant-logical-operand -Wno-long-long -Wno-missing-field-initializers -Wno-overlength-strings -Wno-parentheses-equality -Wno-self-assign -Wno-tautological-compare -Wno-unused-parameter -Wno-unused-value -Wunused-variable -Wmisleading-indentation -Wundef -fno-common -pipe -std=c99 -Wno-declaration-after-statement -g -Winline -Wmissing-noreturn conftest.c -L. -L/opt/homebrew/Cellar/ruby/4.0.3/lib -L/Users/collinsmunyendo/rt2lab.github.io/vendor/bundle/ruby/4.0.0/gems/nokogiri-1.13.1/ports/arm64-darwin25/libxml2/2.9.12/lib -L/Users/collinsmunyendo/rt2lab.github.io/vendor/bundle/ruby/4.0.0/gems/nokogiri-1.13.1/ports/arm64-darwin25/libxslt/1.1.34/lib -L/opt/homebrew/opt/libyaml/lib -L/opt/homebrew/opt/openssl@3/lib -L/Users/collinsmunyendo/rt2lab.github.io/vendor/bundle/ruby/4.0.0/gems/nokogiri-1.13.1/ext/nokogiri/ports/arm64-darwin25/libgumbo/1.0.0-nokogiri/lib -L. -fstack-protector-strong -L/opt/homebrew/Cellar/libyaml/0.2.5/lib -L/opt/homebrew/Cellar/openssl@3/3.6.2/lib  -arch arm64  /Users/collinsmunyendo/rt2lab.github.io/vendor/bundle/ruby/4.0.0/gems/nokogiri-1.13.1/ports/arm64-darwin25/libxslt/1.1.34/lib/libexslt.a -lm -liconv -lpthread -lz /Users/collinsmunyendo/rt2lab.github.io/vendor/bundle/ruby/4.0.0/gems/nokogiri-1.13.1/ports/arm64-darwin25/libxml2/2.9.12/lib/libxml2.a /Users/collinsmunyendo/rt2lab.github.io/vendor/bundle/ruby/4.0.0/gems/nokogiri-1.13.1/ports/arm64-darwin25/libxslt/1.1.34/lib/libxslt.a -lm -liconv -lpthread -lz /Users/collinsmunyendo/rt2lab.github.io/vendor/bundle/ruby/4.0.0/gems/nokogiri-1.13.1/ports/arm64-darwin25/libxml2/2.9.12/lib/libxml2.a -llzma /Users/collinsmunyendo/rt2lab.github.io/vendor/bundle/ruby/4.0.0/gems/nokogiri-1.13.1/ext/nokogiri/ports/arm64-darwin25/libgumbo/1.0.0-nokogiri/lib/libgumbo.a -lruby.4.0 /Users/collinsmunyendo/rt2lab.github.io/vendor/bundle/ruby/4.0.0/gems/nokogiri-1.13.1/ports/arm64-darwin25/libxslt/1.1.34/lib/libexslt.a -lm -liconv -lpthread -lz /Users/collinsmunyendo/rt2lab.github.io/vendor/bundle/ruby/4.0.0/gems/nokogiri-1.13.1/ports/arm64-darwin25/libxml2/2.9.12/lib/libxml2.a /Users/collinsmunyendo/rt2lab.github.io/vendor/bundle/ruby/4.0.0/gems/nokogiri-1.13.1/ports/arm64-darwin25/libxslt/1.1.34/lib/libxslt.a -lm -liconv -lpthread -lz /Users/collinsmunyendo/rt2lab.github.io/vendor/bundle/ruby/4.0.0/gems/nokogiri-1.13.1/ports/arm64-darwin25/libxml2/2.9.12/lib/libxml2.a -llzma /Users/collinsmunyendo/rt2lab.github.io/vendor/bundle/ruby/4.0.0/gems/nokogiri-1.13.1/ext/nokogiri/ports/arm64-darwin25/libgumbo/1.0.0-nokogiri/lib/libgumbo.a -lpthread  "
ld: warning: ignoring duplicate libraries: '-liconv', '-llzma', '-lm', '-lpthread', '-lz', '/Users/collinsmunyendo/rt2lab.github.io/vendor/bundle/ruby/4.0.0/gems/nokogiri-1.13.1/ext/nokogiri/ports/arm64-darwin25/libgumbo/1.0.0-nokogiri/lib/libgumbo.a', '/Users/collinsmunyendo/rt2lab.github.io/vendor/bundle/ruby/4.0.0/gems/nokogiri-1.13.1/ports/arm64-darwin25/libxml2/2.9.12/lib/libxml2.a', '/Users/collinsmunyendo/rt2lab.github.io/vendor/bundle/ruby/4.0.0/gems/nokogiri-1.13.1/ports/arm64-darwin25/libxslt/1.1.34/lib/libexslt.a', '/Users/collinsmunyendo/rt2lab.github.io/vendor/bundle/ruby/4.0.0/gems/nokogiri-1.13.1/ports/arm64-darwin25/libxslt/1.1.34/lib/libxslt.a'
checked program was:
/* begin */
 1: #include "ruby.h"
 2: 
 3: /*top*/
 4: extern int t(void);
 5: int main(int argc, char **argv)
 6: {
 7:   if (argc > 1000000) {
 8:     int (* volatile tp)(void)=(int (*)(void))&t;
 9:     printf("%d", (*tp)());
10:   }
11: 
12:   return !!argv[argc];
13: }
14: extern void xmlFirstElementChild();
15: int t(void) { xmlFirstElementChild(); return 0; }
/* end */

--------------------

have_func: checking for xmlRelaxNGSetParserStructuredErrors()... -------------------- yes

DYLD_LIBRARY_PATH=.:/opt/homebrew/Cellar/ruby/4.0.3/lib LSAN_OPTIONS=detect_leaks=0 "clang -o conftest -I/opt/homebrew/Cellar/ruby/4.0.3/include/ruby-4.0.0/arm64-darwin25 -I/opt/homebrew/Cellar/ruby/4.0.3/include/ruby-4.0.0/ruby/backward -I/opt/homebrew/Cellar/ruby/4.0.3/include/ruby-4.0.0 -I. -I/Users/collinsmunyendo/rt2lab.github.io/vendor/bundle/ruby/4.0.0/gems/nokogiri-1.13.1/ports/arm64-darwin25/libxml2/2.9.12/include/libxml2 -I/Users/collinsmunyendo/rt2lab.github.io/vendor/bundle/ruby/4.0.0/gems/nokogiri-1.13.1/ports/arm64-darwin25/libxslt/1.1.34/include -I/Users/collinsmunyendo/rt2lab.github.io/vendor/bundle/ruby/4.0.0/gems/nokogiri-1.13.1/ports/arm64-darwin25/libxml2/2.9.12/include/libxml2 -I/opt/homebrew/opt/libyaml/include -I/opt/homebrew/opt/openssl@3/include -D_XOPEN_SOURCE -D_DARWIN_C_SOURCE -D_DARWIN_UNLIMITED_SELECT -D_REENTRANT   -DNOKOGIRI_PACKAGED_LIBRARIES -DNOKOGIRI_LIBXML2_PATCHES="\"0001-Remove-script-macro-support.patch 0002-Update-entities-to-remove-handling-of-ssi.patch 0003-libxml2.la-is-in-top_builddir.patch 0004-use-glibc-strlen.patch 0005-avoid-isnan-isinf.patch 0006-update-automake-files-for-arm64.patch 0007-Fix-XPath-recursion-limit.patch 0008-htmlParseComment-handle-abruptly-closed-comments.patch 0009-allow-wildcard-namespaces.patch\"" -DNOKOGIRI_LIBXSLT_PATCHES="\"0001-update-automake-files-for-arm64.patch 0002-Fix-xml2-config-check-in-configure-script.patch\"" -I/Users/collinsmunyendo/rt2lab.github.io/vendor/bundle/ruby/4.0.0/gems/nokogiri-1.13.1/ext/nokogiri/ports/arm64-darwin25/libgumbo/1.0.0-nokogiri/include -fstack-protector-strong -U_FORTIFY_SOURCE -D_FORTIFY_SOURCE=2 -fdeclspec  -O3 -fno-fast-math -ggdb3 -Wall -Wextra -Wextra-tokens -Wdeprecated-declarations -Wdivision-by-zero -Wdiv-by-zero -Wimplicit-function-declaration -Wimplicit-int -Wpointer-arith -Wshorten-64-to-32 -Wwrite-strings -Wold-style-definition -Wmissing-noreturn -Wno-cast-function-type -Wno-constant-logical-operand -Wno-long-long -Wno-missing-field-initializers -Wno-overlength-strings -Wno-parentheses-equality -Wno-self-assign -Wno-tautological-compare -Wno-unused-parameter -Wno-unused-value -Wunused-variable -Wmisleading-indentation -Wundef -fno-common -pipe -std=c99 -Wno-declaration-after-statement -g -Winline -Wmissing-noreturn conftest.c -L. -L/opt/homebrew/Cellar/ruby/4.0.3/lib -L/Users/collinsmunyendo/rt2lab.github.io/vendor/bundle/ruby/4.0.0/gems/nokogiri-1.13.1/ports/arm64-darwin25/libxml2/2.9.12/lib -L/Users/collinsmunyendo/rt2lab.github.io/vendor/bundle/ruby/4.0.0/gems/nokogiri-1.13.1/ports/arm64-darwin25/libxslt/1.1.34/lib -L/opt/homebrew/opt/libyaml/lib -L/opt/homebrew/opt/openssl@3/lib -L/Users/collinsmunyendo/rt2lab.github.io/vendor/bundle/ruby/4.0.0/gems/nokogiri-1.13.1/ext/nokogiri/ports/arm64-darwin25/libgumbo/1.0.0-nokogiri/lib -L. -fstack-protector-strong -L/opt/homebrew/Cellar/libyaml/0.2.5/lib -L/opt/homebrew/Cellar/openssl@3/3.6.2/lib  -arch arm64  /Users/collinsmunyendo/rt2lab.github.io/vendor/bundle/ruby/4.0.0/gems/nokogiri-1.13.1/ports/arm64-darwin25/libxslt/1.1.34/lib/libexslt.a -lm -liconv -lpthread -lz /Users/collinsmunyendo/rt2lab.github.io/vendor/bundle/ruby/4.0.0/gems/nokogiri-1.13.1/ports/arm64-darwin25/libxml2/2.9.12/lib/libxml2.a /Users/collinsmunyendo/rt2lab.github.io/vendor/bundle/ruby/4.0.0/gems/nokogiri-1.13.1/ports/arm64-darwin25/libxslt/1.1.34/lib/libxslt.a -lm -liconv -lpthread -lz /Users/collinsmunyendo/rt2lab.github.io/vendor/bundle/ruby/4.0.0/gems/nokogiri-1.13.1/ports/arm64-darwin25/libxml2/2.9.12/lib/libxml2.a -llzma /Users/collinsmunyendo/rt2lab.github.io/vendor/bundle/ruby/4.0.0/gems/nokogiri-1.13.1/ext/nokogiri/ports/arm64-darwin25/libgumbo/1.0.0-nokogiri/lib/libgumbo.a -lruby.4.0 /Users/collinsmunyendo/rt2lab.github.io/vendor/bundle/ruby/4.0.0/gems/nokogiri-1.13.1/ports/arm64-darwin25/libxslt/1.1.34/lib/libexslt.a -lm -liconv -lpthread -lz /Users/collinsmunyendo/rt2lab.github.io/vendor/bundle/ruby/4.0.0/gems/nokogiri-1.13.1/ports/arm64-darwin25/libxml2/2.9.12/lib/libxml2.a /Users/collinsmunyendo/rt2lab.github.io/vendor/bundle/ruby/4.0.0/gems/nokogiri-1.13.1/ports/arm64-darwin25/libxslt/1.1.34/lib/libxslt.a -lm -liconv -lpthread -lz /Users/collinsmunyendo/rt2lab.github.io/vendor/bundle/ruby/4.0.0/gems/nokogiri-1.13.1/ports/arm64-darwin25/libxml2/2.9.12/lib/libxml2.a -llzma /Users/collinsmunyendo/rt2lab.github.io/vendor/bundle/ruby/4.0.0/gems/nokogiri-1.13.1/ext/nokogiri/ports/arm64-darwin25/libgumbo/1.0.0-nokogiri/lib/libgumbo.a -lpthread  "
conftest.c:14:57: error: use of undeclared identifier 'xmlRelaxNGSetParserStructuredErrors'
   14 | int t(void) { void ((*volatile p)()); p = (void ((*)()))xmlRelaxNGSetParserStructuredErrors; return !p; }
      |                                                         ^~~~~~~~~~~~~~~~~~~~~~~~~~~~~~~~~~~
1 error generated.
checked program was:
/* begin */
 1: #include "ruby.h"
 2: 
 3: /*top*/
 4: extern int t(void);
 5: int main(int argc, char **argv)
 6: {
 7:   if (argc > 1000000) {
 8:     int (* volatile tp)(void)=(int (*)(void))&t;
 9:     printf("%d", (*tp)());
10:   }
11: 
12:   return !!argv[argc];
13: }
14: int t(void) { void ((*volatile p)()); p = (void ((*)()))xmlRelaxNGSetParserStructuredErrors; return !p; }
/* end */

DYLD_LIBRARY_PATH=.:/opt/homebrew/Cellar/ruby/4.0.3/lib LSAN_OPTIONS=detect_leaks=0 "clang -o conftest -I/opt/homebrew/Cellar/ruby/4.0.3/include/ruby-4.0.0/arm64-darwin25 -I/opt/homebrew/Cellar/ruby/4.0.3/include/ruby-4.0.0/ruby/backward -I/opt/homebrew/Cellar/ruby/4.0.3/include/ruby-4.0.0 -I. -I/Users/collinsmunyendo/rt2lab.github.io/vendor/bundle/ruby/4.0.0/gems/nokogiri-1.13.1/ports/arm64-darwin25/libxml2/2.9.12/include/libxml2 -I/Users/collinsmunyendo/rt2lab.github.io/vendor/bundle/ruby/4.0.0/gems/nokogiri-1.13.1/ports/arm64-darwin25/libxslt/1.1.34/include -I/Users/collinsmunyendo/rt2lab.github.io/vendor/bundle/ruby/4.0.0/gems/nokogiri-1.13.1/ports/arm64-darwin25/libxml2/2.9.12/include/libxml2 -I/opt/homebrew/opt/libyaml/include -I/opt/homebrew/opt/openssl@3/include -D_XOPEN_SOURCE -D_DARWIN_C_SOURCE -D_DARWIN_UNLIMITED_SELECT -D_REENTRANT   -DNOKOGIRI_PACKAGED_LIBRARIES -DNOKOGIRI_LIBXML2_PATCHES="\"0001-Remove-script-macro-support.patch 0002-Update-entities-to-remove-handling-of-ssi.patch 0003-libxml2.la-is-in-top_builddir.patch 0004-use-glibc-strlen.patch 0005-avoid-isnan-isinf.patch 0006-update-automake-files-for-arm64.patch 0007-Fix-XPath-recursion-limit.patch 0008-htmlParseComment-handle-abruptly-closed-comments.patch 0009-allow-wildcard-namespaces.patch\"" -DNOKOGIRI_LIBXSLT_PATCHES="\"0001-update-automake-files-for-arm64.patch 0002-Fix-xml2-config-check-in-configure-script.patch\"" -I/Users/collinsmunyendo/rt2lab.github.io/vendor/bundle/ruby/4.0.0/gems/nokogiri-1.13.1/ext/nokogiri/ports/arm64-darwin25/libgumbo/1.0.0-nokogiri/include -fstack-protector-strong -U_FORTIFY_SOURCE -D_FORTIFY_SOURCE=2 -fdeclspec  -O3 -fno-fast-math -ggdb3 -Wall -Wextra -Wextra-tokens -Wdeprecated-declarations -Wdivision-by-zero -Wdiv-by-zero -Wimplicit-function-declaration -Wimplicit-int -Wpointer-arith -Wshorten-64-to-32 -Wwrite-strings -Wold-style-definition -Wmissing-noreturn -Wno-cast-function-type -Wno-constant-logical-operand -Wno-long-long -Wno-missing-field-initializers -Wno-overlength-strings -Wno-parentheses-equality -Wno-self-assign -Wno-tautological-compare -Wno-unused-parameter -Wno-unused-value -Wunused-variable -Wmisleading-indentation -Wundef -fno-common -pipe -std=c99 -Wno-declaration-after-statement -g -Winline -Wmissing-noreturn conftest.c -L. -L/opt/homebrew/Cellar/ruby/4.0.3/lib -L/Users/collinsmunyendo/rt2lab.github.io/vendor/bundle/ruby/4.0.0/gems/nokogiri-1.13.1/ports/arm64-darwin25/libxml2/2.9.12/lib -L/Users/collinsmunyendo/rt2lab.github.io/vendor/bundle/ruby/4.0.0/gems/nokogiri-1.13.1/ports/arm64-darwin25/libxslt/1.1.34/lib -L/opt/homebrew/opt/libyaml/lib -L/opt/homebrew/opt/openssl@3/lib -L/Users/collinsmunyendo/rt2lab.github.io/vendor/bundle/ruby/4.0.0/gems/nokogiri-1.13.1/ext/nokogiri/ports/arm64-darwin25/libgumbo/1.0.0-nokogiri/lib -L. -fstack-protector-strong -L/opt/homebrew/Cellar/libyaml/0.2.5/lib -L/opt/homebrew/Cellar/openssl@3/3.6.2/lib  -arch arm64  /Users/collinsmunyendo/rt2lab.github.io/vendor/bundle/ruby/4.0.0/gems/nokogiri-1.13.1/ports/arm64-darwin25/libxslt/1.1.34/lib/libexslt.a -lm -liconv -lpthread -lz /Users/collinsmunyendo/rt2lab.github.io/vendor/bundle/ruby/4.0.0/gems/nokogiri-1.13.1/ports/arm64-darwin25/libxml2/2.9.12/lib/libxml2.a /Users/collinsmunyendo/rt2lab.github.io/vendor/bundle/ruby/4.0.0/gems/nokogiri-1.13.1/ports/arm64-darwin25/libxslt/1.1.34/lib/libxslt.a -lm -liconv -lpthread -lz /Users/collinsmunyendo/rt2lab.github.io/vendor/bundle/ruby/4.0.0/gems/nokogiri-1.13.1/ports/arm64-darwin25/libxml2/2.9.12/lib/libxml2.a -llzma /Users/collinsmunyendo/rt2lab.github.io/vendor/bundle/ruby/4.0.0/gems/nokogiri-1.13.1/ext/nokogiri/ports/arm64-darwin25/libgumbo/1.0.0-nokogiri/lib/libgumbo.a -lruby.4.0 /Users/collinsmunyendo/rt2lab.github.io/vendor/bundle/ruby/4.0.0/gems/nokogiri-1.13.1/ports/arm64-darwin25/libxslt/1.1.34/lib/libexslt.a -lm -liconv -lpthread -lz /Users/collinsmunyendo/rt2lab.github.io/vendor/bundle/ruby/4.0.0/gems/nokogiri-1.13.1/ports/arm64-darwin25/libxml2/2.9.12/lib/libxml2.a /Users/collinsmunyendo/rt2lab.github.io/vendor/bundle/ruby/4.0.0/gems/nokogiri-1.13.1/ports/arm64-darwin25/libxslt/1.1.34/lib/libxslt.a -lm -liconv -lpthread -lz /Users/collinsmunyendo/rt2lab.github.io/vendor/bundle/ruby/4.0.0/gems/nokogiri-1.13.1/ports/arm64-darwin25/libxml2/2.9.12/lib/libxml2.a -llzma /Users/collinsmunyendo/rt2lab.github.io/vendor/bundle/ruby/4.0.0/gems/nokogiri-1.13.1/ext/nokogiri/ports/arm64-darwin25/libgumbo/1.0.0-nokogiri/lib/libgumbo.a -lpthread  "
ld: warning: ignoring duplicate libraries: '-liconv', '-llzma', '-lm', '-lpthread', '-lz', '/Users/collinsmunyendo/rt2lab.github.io/vendor/bundle/ruby/4.0.0/gems/nokogiri-1.13.1/ext/nokogiri/ports/arm64-darwin25/libgumbo/1.0.0-nokogiri/lib/libgumbo.a', '/Users/collinsmunyendo/rt2lab.github.io/vendor/bundle/ruby/4.0.0/gems/nokogiri-1.13.1/ports/arm64-darwin25/libxml2/2.9.12/lib/libxml2.a', '/Users/collinsmunyendo/rt2lab.github.io/vendor/bundle/ruby/4.0.0/gems/nokogiri-1.13.1/ports/arm64-darwin25/libxslt/1.1.34/lib/libexslt.a', '/Users/collinsmunyendo/rt2lab.github.io/vendor/bundle/ruby/4.0.0/gems/nokogiri-1.13.1/ports/arm64-darwin25/libxslt/1.1.34/lib/libxslt.a'
checked program was:
/* begin */
 1: #include "ruby.h"
 2: 
 3: /*top*/
 4: extern int t(void);
 5: int main(int argc, char **argv)
 6: {
 7:   if (argc > 1000000) {
 8:     int (* volatile tp)(void)=(int (*)(void))&t;
 9:     printf("%d", (*tp)());
10:   }
11: 
12:   return !!argv[argc];
13: }
14: extern void xmlRelaxNGSetParserStructuredErrors();
15: int t(void) { xmlRelaxNGSetParserStructuredErrors(); return 0; }
/* end */

--------------------

have_func: checking for xmlRelaxNGSetValidStructuredErrors()... -------------------- yes

DYLD_LIBRARY_PATH=.:/opt/homebrew/Cellar/ruby/4.0.3/lib LSAN_OPTIONS=detect_leaks=0 "clang -o conftest -I/opt/homebrew/Cellar/ruby/4.0.3/include/ruby-4.0.0/arm64-darwin25 -I/opt/homebrew/Cellar/ruby/4.0.3/include/ruby-4.0.0/ruby/backward -I/opt/homebrew/Cellar/ruby/4.0.3/include/ruby-4.0.0 -I. -I/Users/collinsmunyendo/rt2lab.github.io/vendor/bundle/ruby/4.0.0/gems/nokogiri-1.13.1/ports/arm64-darwin25/libxml2/2.9.12/include/libxml2 -I/Users/collinsmunyendo/rt2lab.github.io/vendor/bundle/ruby/4.0.0/gems/nokogiri-1.13.1/ports/arm64-darwin25/libxslt/1.1.34/include -I/Users/collinsmunyendo/rt2lab.github.io/vendor/bundle/ruby/4.0.0/gems/nokogiri-1.13.1/ports/arm64-darwin25/libxml2/2.9.12/include/libxml2 -I/opt/homebrew/opt/libyaml/include -I/opt/homebrew/opt/openssl@3/include -D_XOPEN_SOURCE -D_DARWIN_C_SOURCE -D_DARWIN_UNLIMITED_SELECT -D_REENTRANT   -DNOKOGIRI_PACKAGED_LIBRARIES -DNOKOGIRI_LIBXML2_PATCHES="\"0001-Remove-script-macro-support.patch 0002-Update-entities-to-remove-handling-of-ssi.patch 0003-libxml2.la-is-in-top_builddir.patch 0004-use-glibc-strlen.patch 0005-avoid-isnan-isinf.patch 0006-update-automake-files-for-arm64.patch 0007-Fix-XPath-recursion-limit.patch 0008-htmlParseComment-handle-abruptly-closed-comments.patch 0009-allow-wildcard-namespaces.patch\"" -DNOKOGIRI_LIBXSLT_PATCHES="\"0001-update-automake-files-for-arm64.patch 0002-Fix-xml2-config-check-in-configure-script.patch\"" -I/Users/collinsmunyendo/rt2lab.github.io/vendor/bundle/ruby/4.0.0/gems/nokogiri-1.13.1/ext/nokogiri/ports/arm64-darwin25/libgumbo/1.0.0-nokogiri/include -fstack-protector-strong -U_FORTIFY_SOURCE -D_FORTIFY_SOURCE=2 -fdeclspec  -O3 -fno-fast-math -ggdb3 -Wall -Wextra -Wextra-tokens -Wdeprecated-declarations -Wdivision-by-zero -Wdiv-by-zero -Wimplicit-function-declaration -Wimplicit-int -Wpointer-arith -Wshorten-64-to-32 -Wwrite-strings -Wold-style-definition -Wmissing-noreturn -Wno-cast-function-type -Wno-constant-logical-operand -Wno-long-long -Wno-missing-field-initializers -Wno-overlength-strings -Wno-parentheses-equality -Wno-self-assign -Wno-tautological-compare -Wno-unused-parameter -Wno-unused-value -Wunused-variable -Wmisleading-indentation -Wundef -fno-common -pipe -std=c99 -Wno-declaration-after-statement -g -Winline -Wmissing-noreturn conftest.c -L. -L/opt/homebrew/Cellar/ruby/4.0.3/lib -L/Users/collinsmunyendo/rt2lab.github.io/vendor/bundle/ruby/4.0.0/gems/nokogiri-1.13.1/ports/arm64-darwin25/libxml2/2.9.12/lib -L/Users/collinsmunyendo/rt2lab.github.io/vendor/bundle/ruby/4.0.0/gems/nokogiri-1.13.1/ports/arm64-darwin25/libxslt/1.1.34/lib -L/opt/homebrew/opt/libyaml/lib -L/opt/homebrew/opt/openssl@3/lib -L/Users/collinsmunyendo/rt2lab.github.io/vendor/bundle/ruby/4.0.0/gems/nokogiri-1.13.1/ext/nokogiri/ports/arm64-darwin25/libgumbo/1.0.0-nokogiri/lib -L. -fstack-protector-strong -L/opt/homebrew/Cellar/libyaml/0.2.5/lib -L/opt/homebrew/Cellar/openssl@3/3.6.2/lib  -arch arm64  /Users/collinsmunyendo/rt2lab.github.io/vendor/bundle/ruby/4.0.0/gems/nokogiri-1.13.1/ports/arm64-darwin25/libxslt/1.1.34/lib/libexslt.a -lm -liconv -lpthread -lz /Users/collinsmunyendo/rt2lab.github.io/vendor/bundle/ruby/4.0.0/gems/nokogiri-1.13.1/ports/arm64-darwin25/libxml2/2.9.12/lib/libxml2.a /Users/collinsmunyendo/rt2lab.github.io/vendor/bundle/ruby/4.0.0/gems/nokogiri-1.13.1/ports/arm64-darwin25/libxslt/1.1.34/lib/libxslt.a -lm -liconv -lpthread -lz /Users/collinsmunyendo/rt2lab.github.io/vendor/bundle/ruby/4.0.0/gems/nokogiri-1.13.1/ports/arm64-darwin25/libxml2/2.9.12/lib/libxml2.a -llzma /Users/collinsmunyendo/rt2lab.github.io/vendor/bundle/ruby/4.0.0/gems/nokogiri-1.13.1/ext/nokogiri/ports/arm64-darwin25/libgumbo/1.0.0-nokogiri/lib/libgumbo.a -lruby.4.0 /Users/collinsmunyendo/rt2lab.github.io/vendor/bundle/ruby/4.0.0/gems/nokogiri-1.13.1/ports/arm64-darwin25/libxslt/1.1.34/lib/libexslt.a -lm -liconv -lpthread -lz /Users/collinsmunyendo/rt2lab.github.io/vendor/bundle/ruby/4.0.0/gems/nokogiri-1.13.1/ports/arm64-darwin25/libxml2/2.9.12/lib/libxml2.a /Users/collinsmunyendo/rt2lab.github.io/vendor/bundle/ruby/4.0.0/gems/nokogiri-1.13.1/ports/arm64-darwin25/libxslt/1.1.34/lib/libxslt.a -lm -liconv -lpthread -lz /Users/collinsmunyendo/rt2lab.github.io/vendor/bundle/ruby/4.0.0/gems/nokogiri-1.13.1/ports/arm64-darwin25/libxml2/2.9.12/lib/libxml2.a -llzma /Users/collinsmunyendo/rt2lab.github.io/vendor/bundle/ruby/4.0.0/gems/nokogiri-1.13.1/ext/nokogiri/ports/arm64-darwin25/libgumbo/1.0.0-nokogiri/lib/libgumbo.a -lpthread  "
conftest.c:14:57: error: use of undeclared identifier 'xmlRelaxNGSetValidStructuredErrors'
   14 | int t(void) { void ((*volatile p)()); p = (void ((*)()))xmlRelaxNGSetValidStructuredErrors; return !p; }
      |                                                         ^~~~~~~~~~~~~~~~~~~~~~~~~~~~~~~~~~
1 error generated.
checked program was:
/* begin */
 1: #include "ruby.h"
 2: 
 3: /*top*/
 4: extern int t(void);
 5: int main(int argc, char **argv)
 6: {
 7:   if (argc > 1000000) {
 8:     int (* volatile tp)(void)=(int (*)(void))&t;
 9:     printf("%d", (*tp)());
10:   }
11: 
12:   return !!argv[argc];
13: }
14: int t(void) { void ((*volatile p)()); p = (void ((*)()))xmlRelaxNGSetValidStructuredErrors; return !p; }
/* end */

DYLD_LIBRARY_PATH=.:/opt/homebrew/Cellar/ruby/4.0.3/lib LSAN_OPTIONS=detect_leaks=0 "clang -o conftest -I/opt/homebrew/Cellar/ruby/4.0.3/include/ruby-4.0.0/arm64-darwin25 -I/opt/homebrew/Cellar/ruby/4.0.3/include/ruby-4.0.0/ruby/backward -I/opt/homebrew/Cellar/ruby/4.0.3/include/ruby-4.0.0 -I. -I/Users/collinsmunyendo/rt2lab.github.io/vendor/bundle/ruby/4.0.0/gems/nokogiri-1.13.1/ports/arm64-darwin25/libxml2/2.9.12/include/libxml2 -I/Users/collinsmunyendo/rt2lab.github.io/vendor/bundle/ruby/4.0.0/gems/nokogiri-1.13.1/ports/arm64-darwin25/libxslt/1.1.34/include -I/Users/collinsmunyendo/rt2lab.github.io/vendor/bundle/ruby/4.0.0/gems/nokogiri-1.13.1/ports/arm64-darwin25/libxml2/2.9.12/include/libxml2 -I/opt/homebrew/opt/libyaml/include -I/opt/homebrew/opt/openssl@3/include -D_XOPEN_SOURCE -D_DARWIN_C_SOURCE -D_DARWIN_UNLIMITED_SELECT -D_REENTRANT   -DNOKOGIRI_PACKAGED_LIBRARIES -DNOKOGIRI_LIBXML2_PATCHES="\"0001-Remove-script-macro-support.patch 0002-Update-entities-to-remove-handling-of-ssi.patch 0003-libxml2.la-is-in-top_builddir.patch 0004-use-glibc-strlen.patch 0005-avoid-isnan-isinf.patch 0006-update-automake-files-for-arm64.patch 0007-Fix-XPath-recursion-limit.patch 0008-htmlParseComment-handle-abruptly-closed-comments.patch 0009-allow-wildcard-namespaces.patch\"" -DNOKOGIRI_LIBXSLT_PATCHES="\"0001-update-automake-files-for-arm64.patch 0002-Fix-xml2-config-check-in-configure-script.patch\"" -I/Users/collinsmunyendo/rt2lab.github.io/vendor/bundle/ruby/4.0.0/gems/nokogiri-1.13.1/ext/nokogiri/ports/arm64-darwin25/libgumbo/1.0.0-nokogiri/include -fstack-protector-strong -U_FORTIFY_SOURCE -D_FORTIFY_SOURCE=2 -fdeclspec  -O3 -fno-fast-math -ggdb3 -Wall -Wextra -Wextra-tokens -Wdeprecated-declarations -Wdivision-by-zero -Wdiv-by-zero -Wimplicit-function-declaration -Wimplicit-int -Wpointer-arith -Wshorten-64-to-32 -Wwrite-strings -Wold-style-definition -Wmissing-noreturn -Wno-cast-function-type -Wno-constant-logical-operand -Wno-long-long -Wno-missing-field-initializers -Wno-overlength-strings -Wno-parentheses-equality -Wno-self-assign -Wno-tautological-compare -Wno-unused-parameter -Wno-unused-value -Wunused-variable -Wmisleading-indentation -Wundef -fno-common -pipe -std=c99 -Wno-declaration-after-statement -g -Winline -Wmissing-noreturn conftest.c -L. -L/opt/homebrew/Cellar/ruby/4.0.3/lib -L/Users/collinsmunyendo/rt2lab.github.io/vendor/bundle/ruby/4.0.0/gems/nokogiri-1.13.1/ports/arm64-darwin25/libxml2/2.9.12/lib -L/Users/collinsmunyendo/rt2lab.github.io/vendor/bundle/ruby/4.0.0/gems/nokogiri-1.13.1/ports/arm64-darwin25/libxslt/1.1.34/lib -L/opt/homebrew/opt/libyaml/lib -L/opt/homebrew/opt/openssl@3/lib -L/Users/collinsmunyendo/rt2lab.github.io/vendor/bundle/ruby/4.0.0/gems/nokogiri-1.13.1/ext/nokogiri/ports/arm64-darwin25/libgumbo/1.0.0-nokogiri/lib -L. -fstack-protector-strong -L/opt/homebrew/Cellar/libyaml/0.2.5/lib -L/opt/homebrew/Cellar/openssl@3/3.6.2/lib  -arch arm64  /Users/collinsmunyendo/rt2lab.github.io/vendor/bundle/ruby/4.0.0/gems/nokogiri-1.13.1/ports/arm64-darwin25/libxslt/1.1.34/lib/libexslt.a -lm -liconv -lpthread -lz /Users/collinsmunyendo/rt2lab.github.io/vendor/bundle/ruby/4.0.0/gems/nokogiri-1.13.1/ports/arm64-darwin25/libxml2/2.9.12/lib/libxml2.a /Users/collinsmunyendo/rt2lab.github.io/vendor/bundle/ruby/4.0.0/gems/nokogiri-1.13.1/ports/arm64-darwin25/libxslt/1.1.34/lib/libxslt.a -lm -liconv -lpthread -lz /Users/collinsmunyendo/rt2lab.github.io/vendor/bundle/ruby/4.0.0/gems/nokogiri-1.13.1/ports/arm64-darwin25/libxml2/2.9.12/lib/libxml2.a -llzma /Users/collinsmunyendo/rt2lab.github.io/vendor/bundle/ruby/4.0.0/gems/nokogiri-1.13.1/ext/nokogiri/ports/arm64-darwin25/libgumbo/1.0.0-nokogiri/lib/libgumbo.a -lruby.4.0 /Users/collinsmunyendo/rt2lab.github.io/vendor/bundle/ruby/4.0.0/gems/nokogiri-1.13.1/ports/arm64-darwin25/libxslt/1.1.34/lib/libexslt.a -lm -liconv -lpthread -lz /Users/collinsmunyendo/rt2lab.github.io/vendor/bundle/ruby/4.0.0/gems/nokogiri-1.13.1/ports/arm64-darwin25/libxml2/2.9.12/lib/libxml2.a /Users/collinsmunyendo/rt2lab.github.io/vendor/bundle/ruby/4.0.0/gems/nokogiri-1.13.1/ports/arm64-darwin25/libxslt/1.1.34/lib/libxslt.a -lm -liconv -lpthread -lz /Users/collinsmunyendo/rt2lab.github.io/vendor/bundle/ruby/4.0.0/gems/nokogiri-1.13.1/ports/arm64-darwin25/libxml2/2.9.12/lib/libxml2.a -llzma /Users/collinsmunyendo/rt2lab.github.io/vendor/bundle/ruby/4.0.0/gems/nokogiri-1.13.1/ext/nokogiri/ports/arm64-darwin25/libgumbo/1.0.0-nokogiri/lib/libgumbo.a -lpthread  "
ld: warning: ignoring duplicate libraries: '-liconv', '-llzma', '-lm', '-lpthread', '-lz', '/Users/collinsmunyendo/rt2lab.github.io/vendor/bundle/ruby/4.0.0/gems/nokogiri-1.13.1/ext/nokogiri/ports/arm64-darwin25/libgumbo/1.0.0-nokogiri/lib/libgumbo.a', '/Users/collinsmunyendo/rt2lab.github.io/vendor/bundle/ruby/4.0.0/gems/nokogiri-1.13.1/ports/arm64-darwin25/libxml2/2.9.12/lib/libxml2.a', '/Users/collinsmunyendo/rt2lab.github.io/vendor/bundle/ruby/4.0.0/gems/nokogiri-1.13.1/ports/arm64-darwin25/libxslt/1.1.34/lib/libexslt.a', '/Users/collinsmunyendo/rt2lab.github.io/vendor/bundle/ruby/4.0.0/gems/nokogiri-1.13.1/ports/arm64-darwin25/libxslt/1.1.34/lib/libxslt.a'
checked program was:
/* begin */
 1: #include "ruby.h"
 2: 
 3: /*top*/
 4: extern int t(void);
 5: int main(int argc, char **argv)
 6: {
 7:   if (argc > 1000000) {
 8:     int (* volatile tp)(void)=(int (*)(void))&t;
 9:     printf("%d", (*tp)());
10:   }
11: 
12:   return !!argv[argc];
13: }
14: extern void xmlRelaxNGSetValidStructuredErrors();
15: int t(void) { xmlRelaxNGSetValidStructuredErrors(); return 0; }
/* end */

--------------------

have_func: checking for xmlSchemaSetValidStructuredErrors()... -------------------- yes

DYLD_LIBRARY_PATH=.:/opt/homebrew/Cellar/ruby/4.0.3/lib LSAN_OPTIONS=detect_leaks=0 "clang -o conftest -I/opt/homebrew/Cellar/ruby/4.0.3/include/ruby-4.0.0/arm64-darwin25 -I/opt/homebrew/Cellar/ruby/4.0.3/include/ruby-4.0.0/ruby/backward -I/opt/homebrew/Cellar/ruby/4.0.3/include/ruby-4.0.0 -I. -I/Users/collinsmunyendo/rt2lab.github.io/vendor/bundle/ruby/4.0.0/gems/nokogiri-1.13.1/ports/arm64-darwin25/libxml2/2.9.12/include/libxml2 -I/Users/collinsmunyendo/rt2lab.github.io/vendor/bundle/ruby/4.0.0/gems/nokogiri-1.13.1/ports/arm64-darwin25/libxslt/1.1.34/include -I/Users/collinsmunyendo/rt2lab.github.io/vendor/bundle/ruby/4.0.0/gems/nokogiri-1.13.1/ports/arm64-darwin25/libxml2/2.9.12/include/libxml2 -I/opt/homebrew/opt/libyaml/include -I/opt/homebrew/opt/openssl@3/include -D_XOPEN_SOURCE -D_DARWIN_C_SOURCE -D_DARWIN_UNLIMITED_SELECT -D_REENTRANT   -DNOKOGIRI_PACKAGED_LIBRARIES -DNOKOGIRI_LIBXML2_PATCHES="\"0001-Remove-script-macro-support.patch 0002-Update-entities-to-remove-handling-of-ssi.patch 0003-libxml2.la-is-in-top_builddir.patch 0004-use-glibc-strlen.patch 0005-avoid-isnan-isinf.patch 0006-update-automake-files-for-arm64.patch 0007-Fix-XPath-recursion-limit.patch 0008-htmlParseComment-handle-abruptly-closed-comments.patch 0009-allow-wildcard-namespaces.patch\"" -DNOKOGIRI_LIBXSLT_PATCHES="\"0001-update-automake-files-for-arm64.patch 0002-Fix-xml2-config-check-in-configure-script.patch\"" -I/Users/collinsmunyendo/rt2lab.github.io/vendor/bundle/ruby/4.0.0/gems/nokogiri-1.13.1/ext/nokogiri/ports/arm64-darwin25/libgumbo/1.0.0-nokogiri/include -fstack-protector-strong -U_FORTIFY_SOURCE -D_FORTIFY_SOURCE=2 -fdeclspec  -O3 -fno-fast-math -ggdb3 -Wall -Wextra -Wextra-tokens -Wdeprecated-declarations -Wdivision-by-zero -Wdiv-by-zero -Wimplicit-function-declaration -Wimplicit-int -Wpointer-arith -Wshorten-64-to-32 -Wwrite-strings -Wold-style-definition -Wmissing-noreturn -Wno-cast-function-type -Wno-constant-logical-operand -Wno-long-long -Wno-missing-field-initializers -Wno-overlength-strings -Wno-parentheses-equality -Wno-self-assign -Wno-tautological-compare -Wno-unused-parameter -Wno-unused-value -Wunused-variable -Wmisleading-indentation -Wundef -fno-common -pipe -std=c99 -Wno-declaration-after-statement -g -Winline -Wmissing-noreturn conftest.c -L. -L/opt/homebrew/Cellar/ruby/4.0.3/lib -L/Users/collinsmunyendo/rt2lab.github.io/vendor/bundle/ruby/4.0.0/gems/nokogiri-1.13.1/ports/arm64-darwin25/libxml2/2.9.12/lib -L/Users/collinsmunyendo/rt2lab.github.io/vendor/bundle/ruby/4.0.0/gems/nokogiri-1.13.1/ports/arm64-darwin25/libxslt/1.1.34/lib -L/opt/homebrew/opt/libyaml/lib -L/opt/homebrew/opt/openssl@3/lib -L/Users/collinsmunyendo/rt2lab.github.io/vendor/bundle/ruby/4.0.0/gems/nokogiri-1.13.1/ext/nokogiri/ports/arm64-darwin25/libgumbo/1.0.0-nokogiri/lib -L. -fstack-protector-strong -L/opt/homebrew/Cellar/libyaml/0.2.5/lib -L/opt/homebrew/Cellar/openssl@3/3.6.2/lib  -arch arm64  /Users/collinsmunyendo/rt2lab.github.io/vendor/bundle/ruby/4.0.0/gems/nokogiri-1.13.1/ports/arm64-darwin25/libxslt/1.1.34/lib/libexslt.a -lm -liconv -lpthread -lz /Users/collinsmunyendo/rt2lab.github.io/vendor/bundle/ruby/4.0.0/gems/nokogiri-1.13.1/ports/arm64-darwin25/libxml2/2.9.12/lib/libxml2.a /Users/collinsmunyendo/rt2lab.github.io/vendor/bundle/ruby/4.0.0/gems/nokogiri-1.13.1/ports/arm64-darwin25/libxslt/1.1.34/lib/libxslt.a -lm -liconv -lpthread -lz /Users/collinsmunyendo/rt2lab.github.io/vendor/bundle/ruby/4.0.0/gems/nokogiri-1.13.1/ports/arm64-darwin25/libxml2/2.9.12/lib/libxml2.a -llzma /Users/collinsmunyendo/rt2lab.github.io/vendor/bundle/ruby/4.0.0/gems/nokogiri-1.13.1/ext/nokogiri/ports/arm64-darwin25/libgumbo/1.0.0-nokogiri/lib/libgumbo.a -lruby.4.0 /Users/collinsmunyendo/rt2lab.github.io/vendor/bundle/ruby/4.0.0/gems/nokogiri-1.13.1/ports/arm64-darwin25/libxslt/1.1.34/lib/libexslt.a -lm -liconv -lpthread -lz /Users/collinsmunyendo/rt2lab.github.io/vendor/bundle/ruby/4.0.0/gems/nokogiri-1.13.1/ports/arm64-darwin25/libxml2/2.9.12/lib/libxml2.a /Users/collinsmunyendo/rt2lab.github.io/vendor/bundle/ruby/4.0.0/gems/nokogiri-1.13.1/ports/arm64-darwin25/libxslt/1.1.34/lib/libxslt.a -lm -liconv -lpthread -lz /Users/collinsmunyendo/rt2lab.github.io/vendor/bundle/ruby/4.0.0/gems/nokogiri-1.13.1/ports/arm64-darwin25/libxml2/2.9.12/lib/libxml2.a -llzma /Users/collinsmunyendo/rt2lab.github.io/vendor/bundle/ruby/4.0.0/gems/nokogiri-1.13.1/ext/nokogiri/ports/arm64-darwin25/libgumbo/1.0.0-nokogiri/lib/libgumbo.a -lpthread  "
conftest.c:14:57: error: use of undeclared identifier 'xmlSchemaSetValidStructuredErrors'
   14 | int t(void) { void ((*volatile p)()); p = (void ((*)()))xmlSchemaSetValidStructuredErrors; return !p; }
      |                                                         ^~~~~~~~~~~~~~~~~~~~~~~~~~~~~~~~~
1 error generated.
checked program was:
/* begin */
 1: #include "ruby.h"
 2: 
 3: /*top*/
 4: extern int t(void);
 5: int main(int argc, char **argv)
 6: {
 7:   if (argc > 1000000) {
 8:     int (* volatile tp)(void)=(int (*)(void))&t;
 9:     printf("%d", (*tp)());
10:   }
11: 
12:   return !!argv[argc];
13: }
14: int t(void) { void ((*volatile p)()); p = (void ((*)()))xmlSchemaSetValidStructuredErrors; return !p; }
/* end */

DYLD_LIBRARY_PATH=.:/opt/homebrew/Cellar/ruby/4.0.3/lib LSAN_OPTIONS=detect_leaks=0 "clang -o conftest -I/opt/homebrew/Cellar/ruby/4.0.3/include/ruby-4.0.0/arm64-darwin25 -I/opt/homebrew/Cellar/ruby/4.0.3/include/ruby-4.0.0/ruby/backward -I/opt/homebrew/Cellar/ruby/4.0.3/include/ruby-4.0.0 -I. -I/Users/collinsmunyendo/rt2lab.github.io/vendor/bundle/ruby/4.0.0/gems/nokogiri-1.13.1/ports/arm64-darwin25/libxml2/2.9.12/include/libxml2 -I/Users/collinsmunyendo/rt2lab.github.io/vendor/bundle/ruby/4.0.0/gems/nokogiri-1.13.1/ports/arm64-darwin25/libxslt/1.1.34/include -I/Users/collinsmunyendo/rt2lab.github.io/vendor/bundle/ruby/4.0.0/gems/nokogiri-1.13.1/ports/arm64-darwin25/libxml2/2.9.12/include/libxml2 -I/opt/homebrew/opt/libyaml/include -I/opt/homebrew/opt/openssl@3/include -D_XOPEN_SOURCE -D_DARWIN_C_SOURCE -D_DARWIN_UNLIMITED_SELECT -D_REENTRANT   -DNOKOGIRI_PACKAGED_LIBRARIES -DNOKOGIRI_LIBXML2_PATCHES="\"0001-Remove-script-macro-support.patch 0002-Update-entities-to-remove-handling-of-ssi.patch 0003-libxml2.la-is-in-top_builddir.patch 0004-use-glibc-strlen.patch 0005-avoid-isnan-isinf.patch 0006-update-automake-files-for-arm64.patch 0007-Fix-XPath-recursion-limit.patch 0008-htmlParseComment-handle-abruptly-closed-comments.patch 0009-allow-wildcard-namespaces.patch\"" -DNOKOGIRI_LIBXSLT_PATCHES="\"0001-update-automake-files-for-arm64.patch 0002-Fix-xml2-config-check-in-configure-script.patch\"" -I/Users/collinsmunyendo/rt2lab.github.io/vendor/bundle/ruby/4.0.0/gems/nokogiri-1.13.1/ext/nokogiri/ports/arm64-darwin25/libgumbo/1.0.0-nokogiri/include -fstack-protector-strong -U_FORTIFY_SOURCE -D_FORTIFY_SOURCE=2 -fdeclspec  -O3 -fno-fast-math -ggdb3 -Wall -Wextra -Wextra-tokens -Wdeprecated-declarations -Wdivision-by-zero -Wdiv-by-zero -Wimplicit-function-declaration -Wimplicit-int -Wpointer-arith -Wshorten-64-to-32 -Wwrite-strings -Wold-style-definition -Wmissing-noreturn -Wno-cast-function-type -Wno-constant-logical-operand -Wno-long-long -Wno-missing-field-initializers -Wno-overlength-strings -Wno-parentheses-equality -Wno-self-assign -Wno-tautological-compare -Wno-unused-parameter -Wno-unused-value -Wunused-variable -Wmisleading-indentation -Wundef -fno-common -pipe -std=c99 -Wno-declaration-after-statement -g -Winline -Wmissing-noreturn conftest.c -L. -L/opt/homebrew/Cellar/ruby/4.0.3/lib -L/Users/collinsmunyendo/rt2lab.github.io/vendor/bundle/ruby/4.0.0/gems/nokogiri-1.13.1/ports/arm64-darwin25/libxml2/2.9.12/lib -L/Users/collinsmunyendo/rt2lab.github.io/vendor/bundle/ruby/4.0.0/gems/nokogiri-1.13.1/ports/arm64-darwin25/libxslt/1.1.34/lib -L/opt/homebrew/opt/libyaml/lib -L/opt/homebrew/opt/openssl@3/lib -L/Users/collinsmunyendo/rt2lab.github.io/vendor/bundle/ruby/4.0.0/gems/nokogiri-1.13.1/ext/nokogiri/ports/arm64-darwin25/libgumbo/1.0.0-nokogiri/lib -L. -fstack-protector-strong -L/opt/homebrew/Cellar/libyaml/0.2.5/lib -L/opt/homebrew/Cellar/openssl@3/3.6.2/lib  -arch arm64  /Users/collinsmunyendo/rt2lab.github.io/vendor/bundle/ruby/4.0.0/gems/nokogiri-1.13.1/ports/arm64-darwin25/libxslt/1.1.34/lib/libexslt.a -lm -liconv -lpthread -lz /Users/collinsmunyendo/rt2lab.github.io/vendor/bundle/ruby/4.0.0/gems/nokogiri-1.13.1/ports/arm64-darwin25/libxml2/2.9.12/lib/libxml2.a /Users/collinsmunyendo/rt2lab.github.io/vendor/bundle/ruby/4.0.0/gems/nokogiri-1.13.1/ports/arm64-darwin25/libxslt/1.1.34/lib/libxslt.a -lm -liconv -lpthread -lz /Users/collinsmunyendo/rt2lab.github.io/vendor/bundle/ruby/4.0.0/gems/nokogiri-1.13.1/ports/arm64-darwin25/libxml2/2.9.12/lib/libxml2.a -llzma /Users/collinsmunyendo/rt2lab.github.io/vendor/bundle/ruby/4.0.0/gems/nokogiri-1.13.1/ext/nokogiri/ports/arm64-darwin25/libgumbo/1.0.0-nokogiri/lib/libgumbo.a -lruby.4.0 /Users/collinsmunyendo/rt2lab.github.io/vendor/bundle/ruby/4.0.0/gems/nokogiri-1.13.1/ports/arm64-darwin25/libxslt/1.1.34/lib/libexslt.a -lm -liconv -lpthread -lz /Users/collinsmunyendo/rt2lab.github.io/vendor/bundle/ruby/4.0.0/gems/nokogiri-1.13.1/ports/arm64-darwin25/libxml2/2.9.12/lib/libxml2.a /Users/collinsmunyendo/rt2lab.github.io/vendor/bundle/ruby/4.0.0/gems/nokogiri-1.13.1/ports/arm64-darwin25/libxslt/1.1.34/lib/libxslt.a -lm -liconv -lpthread -lz /Users/collinsmunyendo/rt2lab.github.io/vendor/bundle/ruby/4.0.0/gems/nokogiri-1.13.1/ports/arm64-darwin25/libxml2/2.9.12/lib/libxml2.a -llzma /Users/collinsmunyendo/rt2lab.github.io/vendor/bundle/ruby/4.0.0/gems/nokogiri-1.13.1/ext/nokogiri/ports/arm64-darwin25/libgumbo/1.0.0-nokogiri/lib/libgumbo.a -lpthread  "
ld: warning: ignoring duplicate libraries: '-liconv', '-llzma', '-lm', '-lpthread', '-lz', '/Users/collinsmunyendo/rt2lab.github.io/vendor/bundle/ruby/4.0.0/gems/nokogiri-1.13.1/ext/nokogiri/ports/arm64-darwin25/libgumbo/1.0.0-nokogiri/lib/libgumbo.a', '/Users/collinsmunyendo/rt2lab.github.io/vendor/bundle/ruby/4.0.0/gems/nokogiri-1.13.1/ports/arm64-darwin25/libxml2/2.9.12/lib/libxml2.a', '/Users/collinsmunyendo/rt2lab.github.io/vendor/bundle/ruby/4.0.0/gems/nokogiri-1.13.1/ports/arm64-darwin25/libxslt/1.1.34/lib/libexslt.a', '/Users/collinsmunyendo/rt2lab.github.io/vendor/bundle/ruby/4.0.0/gems/nokogiri-1.13.1/ports/arm64-darwin25/libxslt/1.1.34/lib/libxslt.a'
checked program was:
/* begin */
 1: #include "ruby.h"
 2: 
 3: /*top*/
 4: extern int t(void);
 5: int main(int argc, char **argv)
 6: {
 7:   if (argc > 1000000) {
 8:     int (* volatile tp)(void)=(int (*)(void))&t;
 9:     printf("%d", (*tp)());
10:   }
11: 
12:   return !!argv[argc];
13: }
14: extern void xmlSchemaSetValidStructuredErrors();
15: int t(void) { xmlSchemaSetValidStructuredErrors(); return 0; }
/* end */

--------------------

have_func: checking for xmlSchemaSetParserStructuredErrors()... -------------------- yes

DYLD_LIBRARY_PATH=.:/opt/homebrew/Cellar/ruby/4.0.3/lib LSAN_OPTIONS=detect_leaks=0 "clang -o conftest -I/opt/homebrew/Cellar/ruby/4.0.3/include/ruby-4.0.0/arm64-darwin25 -I/opt/homebrew/Cellar/ruby/4.0.3/include/ruby-4.0.0/ruby/backward -I/opt/homebrew/Cellar/ruby/4.0.3/include/ruby-4.0.0 -I. -I/Users/collinsmunyendo/rt2lab.github.io/vendor/bundle/ruby/4.0.0/gems/nokogiri-1.13.1/ports/arm64-darwin25/libxml2/2.9.12/include/libxml2 -I/Users/collinsmunyendo/rt2lab.github.io/vendor/bundle/ruby/4.0.0/gems/nokogiri-1.13.1/ports/arm64-darwin25/libxslt/1.1.34/include -I/Users/collinsmunyendo/rt2lab.github.io/vendor/bundle/ruby/4.0.0/gems/nokogiri-1.13.1/ports/arm64-darwin25/libxml2/2.9.12/include/libxml2 -I/opt/homebrew/opt/libyaml/include -I/opt/homebrew/opt/openssl@3/include -D_XOPEN_SOURCE -D_DARWIN_C_SOURCE -D_DARWIN_UNLIMITED_SELECT -D_REENTRANT   -DNOKOGIRI_PACKAGED_LIBRARIES -DNOKOGIRI_LIBXML2_PATCHES="\"0001-Remove-script-macro-support.patch 0002-Update-entities-to-remove-handling-of-ssi.patch 0003-libxml2.la-is-in-top_builddir.patch 0004-use-glibc-strlen.patch 0005-avoid-isnan-isinf.patch 0006-update-automake-files-for-arm64.patch 0007-Fix-XPath-recursion-limit.patch 0008-htmlParseComment-handle-abruptly-closed-comments.patch 0009-allow-wildcard-namespaces.patch\"" -DNOKOGIRI_LIBXSLT_PATCHES="\"0001-update-automake-files-for-arm64.patch 0002-Fix-xml2-config-check-in-configure-script.patch\"" -I/Users/collinsmunyendo/rt2lab.github.io/vendor/bundle/ruby/4.0.0/gems/nokogiri-1.13.1/ext/nokogiri/ports/arm64-darwin25/libgumbo/1.0.0-nokogiri/include -fstack-protector-strong -U_FORTIFY_SOURCE -D_FORTIFY_SOURCE=2 -fdeclspec  -O3 -fno-fast-math -ggdb3 -Wall -Wextra -Wextra-tokens -Wdeprecated-declarations -Wdivision-by-zero -Wdiv-by-zero -Wimplicit-function-declaration -Wimplicit-int -Wpointer-arith -Wshorten-64-to-32 -Wwrite-strings -Wold-style-definition -Wmissing-noreturn -Wno-cast-function-type -Wno-constant-logical-operand -Wno-long-long -Wno-missing-field-initializers -Wno-overlength-strings -Wno-parentheses-equality -Wno-self-assign -Wno-tautological-compare -Wno-unused-parameter -Wno-unused-value -Wunused-variable -Wmisleading-indentation -Wundef -fno-common -pipe -std=c99 -Wno-declaration-after-statement -g -Winline -Wmissing-noreturn conftest.c -L. -L/opt/homebrew/Cellar/ruby/4.0.3/lib -L/Users/collinsmunyendo/rt2lab.github.io/vendor/bundle/ruby/4.0.0/gems/nokogiri-1.13.1/ports/arm64-darwin25/libxml2/2.9.12/lib -L/Users/collinsmunyendo/rt2lab.github.io/vendor/bundle/ruby/4.0.0/gems/nokogiri-1.13.1/ports/arm64-darwin25/libxslt/1.1.34/lib -L/opt/homebrew/opt/libyaml/lib -L/opt/homebrew/opt/openssl@3/lib -L/Users/collinsmunyendo/rt2lab.github.io/vendor/bundle/ruby/4.0.0/gems/nokogiri-1.13.1/ext/nokogiri/ports/arm64-darwin25/libgumbo/1.0.0-nokogiri/lib -L. -fstack-protector-strong -L/opt/homebrew/Cellar/libyaml/0.2.5/lib -L/opt/homebrew/Cellar/openssl@3/3.6.2/lib  -arch arm64  /Users/collinsmunyendo/rt2lab.github.io/vendor/bundle/ruby/4.0.0/gems/nokogiri-1.13.1/ports/arm64-darwin25/libxslt/1.1.34/lib/libexslt.a -lm -liconv -lpthread -lz /Users/collinsmunyendo/rt2lab.github.io/vendor/bundle/ruby/4.0.0/gems/nokogiri-1.13.1/ports/arm64-darwin25/libxml2/2.9.12/lib/libxml2.a /Users/collinsmunyendo/rt2lab.github.io/vendor/bundle/ruby/4.0.0/gems/nokogiri-1.13.1/ports/arm64-darwin25/libxslt/1.1.34/lib/libxslt.a -lm -liconv -lpthread -lz /Users/collinsmunyendo/rt2lab.github.io/vendor/bundle/ruby/4.0.0/gems/nokogiri-1.13.1/ports/arm64-darwin25/libxml2/2.9.12/lib/libxml2.a -llzma /Users/collinsmunyendo/rt2lab.github.io/vendor/bundle/ruby/4.0.0/gems/nokogiri-1.13.1/ext/nokogiri/ports/arm64-darwin25/libgumbo/1.0.0-nokogiri/lib/libgumbo.a -lruby.4.0 /Users/collinsmunyendo/rt2lab.github.io/vendor/bundle/ruby/4.0.0/gems/nokogiri-1.13.1/ports/arm64-darwin25/libxslt/1.1.34/lib/libexslt.a -lm -liconv -lpthread -lz /Users/collinsmunyendo/rt2lab.github.io/vendor/bundle/ruby/4.0.0/gems/nokogiri-1.13.1/ports/arm64-darwin25/libxml2/2.9.12/lib/libxml2.a /Users/collinsmunyendo/rt2lab.github.io/vendor/bundle/ruby/4.0.0/gems/nokogiri-1.13.1/ports/arm64-darwin25/libxslt/1.1.34/lib/libxslt.a -lm -liconv -lpthread -lz /Users/collinsmunyendo/rt2lab.github.io/vendor/bundle/ruby/4.0.0/gems/nokogiri-1.13.1/ports/arm64-darwin25/libxml2/2.9.12/lib/libxml2.a -llzma /Users/collinsmunyendo/rt2lab.github.io/vendor/bundle/ruby/4.0.0/gems/nokogiri-1.13.1/ext/nokogiri/ports/arm64-darwin25/libgumbo/1.0.0-nokogiri/lib/libgumbo.a -lpthread  "
conftest.c:14:57: error: use of undeclared identifier 'xmlSchemaSetParserStructuredErrors'
   14 | int t(void) { void ((*volatile p)()); p = (void ((*)()))xmlSchemaSetParserStructuredErrors; return !p; }
      |                                                         ^~~~~~~~~~~~~~~~~~~~~~~~~~~~~~~~~~
1 error generated.
checked program was:
/* begin */
 1: #include "ruby.h"
 2: 
 3: /*top*/
 4: extern int t(void);
 5: int main(int argc, char **argv)
 6: {
 7:   if (argc > 1000000) {
 8:     int (* volatile tp)(void)=(int (*)(void))&t;
 9:     printf("%d", (*tp)());
10:   }
11: 
12:   return !!argv[argc];
13: }
14: int t(void) { void ((*volatile p)()); p = (void ((*)()))xmlSchemaSetParserStructuredErrors; return !p; }
/* end */

DYLD_LIBRARY_PATH=.:/opt/homebrew/Cellar/ruby/4.0.3/lib LSAN_OPTIONS=detect_leaks=0 "clang -o conftest -I/opt/homebrew/Cellar/ruby/4.0.3/include/ruby-4.0.0/arm64-darwin25 -I/opt/homebrew/Cellar/ruby/4.0.3/include/ruby-4.0.0/ruby/backward -I/opt/homebrew/Cellar/ruby/4.0.3/include/ruby-4.0.0 -I. -I/Users/collinsmunyendo/rt2lab.github.io/vendor/bundle/ruby/4.0.0/gems/nokogiri-1.13.1/ports/arm64-darwin25/libxml2/2.9.12/include/libxml2 -I/Users/collinsmunyendo/rt2lab.github.io/vendor/bundle/ruby/4.0.0/gems/nokogiri-1.13.1/ports/arm64-darwin25/libxslt/1.1.34/include -I/Users/collinsmunyendo/rt2lab.github.io/vendor/bundle/ruby/4.0.0/gems/nokogiri-1.13.1/ports/arm64-darwin25/libxml2/2.9.12/include/libxml2 -I/opt/homebrew/opt/libyaml/include -I/opt/homebrew/opt/openssl@3/include -D_XOPEN_SOURCE -D_DARWIN_C_SOURCE -D_DARWIN_UNLIMITED_SELECT -D_REENTRANT   -DNOKOGIRI_PACKAGED_LIBRARIES -DNOKOGIRI_LIBXML2_PATCHES="\"0001-Remove-script-macro-support.patch 0002-Update-entities-to-remove-handling-of-ssi.patch 0003-libxml2.la-is-in-top_builddir.patch 0004-use-glibc-strlen.patch 0005-avoid-isnan-isinf.patch 0006-update-automake-files-for-arm64.patch 0007-Fix-XPath-recursion-limit.patch 0008-htmlParseComment-handle-abruptly-closed-comments.patch 0009-allow-wildcard-namespaces.patch\"" -DNOKOGIRI_LIBXSLT_PATCHES="\"0001-update-automake-files-for-arm64.patch 0002-Fix-xml2-config-check-in-configure-script.patch\"" -I/Users/collinsmunyendo/rt2lab.github.io/vendor/bundle/ruby/4.0.0/gems/nokogiri-1.13.1/ext/nokogiri/ports/arm64-darwin25/libgumbo/1.0.0-nokogiri/include -fstack-protector-strong -U_FORTIFY_SOURCE -D_FORTIFY_SOURCE=2 -fdeclspec  -O3 -fno-fast-math -ggdb3 -Wall -Wextra -Wextra-tokens -Wdeprecated-declarations -Wdivision-by-zero -Wdiv-by-zero -Wimplicit-function-declaration -Wimplicit-int -Wpointer-arith -Wshorten-64-to-32 -Wwrite-strings -Wold-style-definition -Wmissing-noreturn -Wno-cast-function-type -Wno-constant-logical-operand -Wno-long-long -Wno-missing-field-initializers -Wno-overlength-strings -Wno-parentheses-equality -Wno-self-assign -Wno-tautological-compare -Wno-unused-parameter -Wno-unused-value -Wunused-variable -Wmisleading-indentation -Wundef -fno-common -pipe -std=c99 -Wno-declaration-after-statement -g -Winline -Wmissing-noreturn conftest.c -L. -L/opt/homebrew/Cellar/ruby/4.0.3/lib -L/Users/collinsmunyendo/rt2lab.github.io/vendor/bundle/ruby/4.0.0/gems/nokogiri-1.13.1/ports/arm64-darwin25/libxml2/2.9.12/lib -L/Users/collinsmunyendo/rt2lab.github.io/vendor/bundle/ruby/4.0.0/gems/nokogiri-1.13.1/ports/arm64-darwin25/libxslt/1.1.34/lib -L/opt/homebrew/opt/libyaml/lib -L/opt/homebrew/opt/openssl@3/lib -L/Users/collinsmunyendo/rt2lab.github.io/vendor/bundle/ruby/4.0.0/gems/nokogiri-1.13.1/ext/nokogiri/ports/arm64-darwin25/libgumbo/1.0.0-nokogiri/lib -L. -fstack-protector-strong -L/opt/homebrew/Cellar/libyaml/0.2.5/lib -L/opt/homebrew/Cellar/openssl@3/3.6.2/lib  -arch arm64  /Users/collinsmunyendo/rt2lab.github.io/vendor/bundle/ruby/4.0.0/gems/nokogiri-1.13.1/ports/arm64-darwin25/libxslt/1.1.34/lib/libexslt.a -lm -liconv -lpthread -lz /Users/collinsmunyendo/rt2lab.github.io/vendor/bundle/ruby/4.0.0/gems/nokogiri-1.13.1/ports/arm64-darwin25/libxml2/2.9.12/lib/libxml2.a /Users/collinsmunyendo/rt2lab.github.io/vendor/bundle/ruby/4.0.0/gems/nokogiri-1.13.1/ports/arm64-darwin25/libxslt/1.1.34/lib/libxslt.a -lm -liconv -lpthread -lz /Users/collinsmunyendo/rt2lab.github.io/vendor/bundle/ruby/4.0.0/gems/nokogiri-1.13.1/ports/arm64-darwin25/libxml2/2.9.12/lib/libxml2.a -llzma /Users/collinsmunyendo/rt2lab.github.io/vendor/bundle/ruby/4.0.0/gems/nokogiri-1.13.1/ext/nokogiri/ports/arm64-darwin25/libgumbo/1.0.0-nokogiri/lib/libgumbo.a -lruby.4.0 /Users/collinsmunyendo/rt2lab.github.io/vendor/bundle/ruby/4.0.0/gems/nokogiri-1.13.1/ports/arm64-darwin25/libxslt/1.1.34/lib/libexslt.a -lm -liconv -lpthread -lz /Users/collinsmunyendo/rt2lab.github.io/vendor/bundle/ruby/4.0.0/gems/nokogiri-1.13.1/ports/arm64-darwin25/libxml2/2.9.12/lib/libxml2.a /Users/collinsmunyendo/rt2lab.github.io/vendor/bundle/ruby/4.0.0/gems/nokogiri-1.13.1/ports/arm64-darwin25/libxslt/1.1.34/lib/libxslt.a -lm -liconv -lpthread -lz /Users/collinsmunyendo/rt2lab.github.io/vendor/bundle/ruby/4.0.0/gems/nokogiri-1.13.1/ports/arm64-darwin25/libxml2/2.9.12/lib/libxml2.a -llzma /Users/collinsmunyendo/rt2lab.github.io/vendor/bundle/ruby/4.0.0/gems/nokogiri-1.13.1/ext/nokogiri/ports/arm64-darwin25/libgumbo/1.0.0-nokogiri/lib/libgumbo.a -lpthread  "
ld: warning: ignoring duplicate libraries: '-liconv', '-llzma', '-lm', '-lpthread', '-lz', '/Users/collinsmunyendo/rt2lab.github.io/vendor/bundle/ruby/4.0.0/gems/nokogiri-1.13.1/ext/nokogiri/ports/arm64-darwin25/libgumbo/1.0.0-nokogiri/lib/libgumbo.a', '/Users/collinsmunyendo/rt2lab.github.io/vendor/bundle/ruby/4.0.0/gems/nokogiri-1.13.1/ports/arm64-darwin25/libxml2/2.9.12/lib/libxml2.a', '/Users/collinsmunyendo/rt2lab.github.io/vendor/bundle/ruby/4.0.0/gems/nokogiri-1.13.1/ports/arm64-darwin25/libxslt/1.1.34/lib/libexslt.a', '/Users/collinsmunyendo/rt2lab.github.io/vendor/bundle/ruby/4.0.0/gems/nokogiri-1.13.1/ports/arm64-darwin25/libxslt/1.1.34/lib/libxslt.a'
checked program was:
/* begin */
 1: #include "ruby.h"
 2: 
 3: /*top*/
 4: extern int t(void);
 5: int main(int argc, char **argv)
 6: {
 7:   if (argc > 1000000) {
 8:     int (* volatile tp)(void)=(int (*)(void))&t;
 9:     printf("%d", (*tp)());
10:   }
11: 
12:   return !!argv[argc];
13: }
14: extern void xmlSchemaSetParserStructuredErrors();
15: int t(void) { xmlSchemaSetParserStructuredErrors(); return 0; }
/* end */

--------------------

have_func: checking for vasprintf()... -------------------- yes

DYLD_LIBRARY_PATH=.:/opt/homebrew/Cellar/ruby/4.0.3/lib LSAN_OPTIONS=detect_leaks=0 "clang -o conftest -I/opt/homebrew/Cellar/ruby/4.0.3/include/ruby-4.0.0/arm64-darwin25 -I/opt/homebrew/Cellar/ruby/4.0.3/include/ruby-4.0.0/ruby/backward -I/opt/homebrew/Cellar/ruby/4.0.3/include/ruby-4.0.0 -I. -I/Users/collinsmunyendo/rt2lab.github.io/vendor/bundle/ruby/4.0.0/gems/nokogiri-1.13.1/ports/arm64-darwin25/libxml2/2.9.12/include/libxml2 -I/Users/collinsmunyendo/rt2lab.github.io/vendor/bundle/ruby/4.0.0/gems/nokogiri-1.13.1/ports/arm64-darwin25/libxslt/1.1.34/include -I/Users/collinsmunyendo/rt2lab.github.io/vendor/bundle/ruby/4.0.0/gems/nokogiri-1.13.1/ports/arm64-darwin25/libxml2/2.9.12/include/libxml2 -I/opt/homebrew/opt/libyaml/include -I/opt/homebrew/opt/openssl@3/include -D_XOPEN_SOURCE -D_DARWIN_C_SOURCE -D_DARWIN_UNLIMITED_SELECT -D_REENTRANT   -DNOKOGIRI_PACKAGED_LIBRARIES -DNOKOGIRI_LIBXML2_PATCHES="\"0001-Remove-script-macro-support.patch 0002-Update-entities-to-remove-handling-of-ssi.patch 0003-libxml2.la-is-in-top_builddir.patch 0004-use-glibc-strlen.patch 0005-avoid-isnan-isinf.patch 0006-update-automake-files-for-arm64.patch 0007-Fix-XPath-recursion-limit.patch 0008-htmlParseComment-handle-abruptly-closed-comments.patch 0009-allow-wildcard-namespaces.patch\"" -DNOKOGIRI_LIBXSLT_PATCHES="\"0001-update-automake-files-for-arm64.patch 0002-Fix-xml2-config-check-in-configure-script.patch\"" -I/Users/collinsmunyendo/rt2lab.github.io/vendor/bundle/ruby/4.0.0/gems/nokogiri-1.13.1/ext/nokogiri/ports/arm64-darwin25/libgumbo/1.0.0-nokogiri/include -fstack-protector-strong -U_FORTIFY_SOURCE -D_FORTIFY_SOURCE=2 -fdeclspec  -O3 -fno-fast-math -ggdb3 -Wall -Wextra -Wextra-tokens -Wdeprecated-declarations -Wdivision-by-zero -Wdiv-by-zero -Wimplicit-function-declaration -Wimplicit-int -Wpointer-arith -Wshorten-64-to-32 -Wwrite-strings -Wold-style-definition -Wmissing-noreturn -Wno-cast-function-type -Wno-constant-logical-operand -Wno-long-long -Wno-missing-field-initializers -Wno-overlength-strings -Wno-parentheses-equality -Wno-self-assign -Wno-tautological-compare -Wno-unused-parameter -Wno-unused-value -Wunused-variable -Wmisleading-indentation -Wundef -fno-common -pipe -std=c99 -Wno-declaration-after-statement -g -Winline -Wmissing-noreturn conftest.c -L. -L/opt/homebrew/Cellar/ruby/4.0.3/lib -L/Users/collinsmunyendo/rt2lab.github.io/vendor/bundle/ruby/4.0.0/gems/nokogiri-1.13.1/ports/arm64-darwin25/libxml2/2.9.12/lib -L/Users/collinsmunyendo/rt2lab.github.io/vendor/bundle/ruby/4.0.0/gems/nokogiri-1.13.1/ports/arm64-darwin25/libxslt/1.1.34/lib -L/opt/homebrew/opt/libyaml/lib -L/opt/homebrew/opt/openssl@3/lib -L/Users/collinsmunyendo/rt2lab.github.io/vendor/bundle/ruby/4.0.0/gems/nokogiri-1.13.1/ext/nokogiri/ports/arm64-darwin25/libgumbo/1.0.0-nokogiri/lib -L. -fstack-protector-strong -L/opt/homebrew/Cellar/libyaml/0.2.5/lib -L/opt/homebrew/Cellar/openssl@3/3.6.2/lib  -arch arm64  /Users/collinsmunyendo/rt2lab.github.io/vendor/bundle/ruby/4.0.0/gems/nokogiri-1.13.1/ports/arm64-darwin25/libxslt/1.1.34/lib/libexslt.a -lm -liconv -lpthread -lz /Users/collinsmunyendo/rt2lab.github.io/vendor/bundle/ruby/4.0.0/gems/nokogiri-1.13.1/ports/arm64-darwin25/libxml2/2.9.12/lib/libxml2.a /Users/collinsmunyendo/rt2lab.github.io/vendor/bundle/ruby/4.0.0/gems/nokogiri-1.13.1/ports/arm64-darwin25/libxslt/1.1.34/lib/libxslt.a -lm -liconv -lpthread -lz /Users/collinsmunyendo/rt2lab.github.io/vendor/bundle/ruby/4.0.0/gems/nokogiri-1.13.1/ports/arm64-darwin25/libxml2/2.9.12/lib/libxml2.a -llzma /Users/collinsmunyendo/rt2lab.github.io/vendor/bundle/ruby/4.0.0/gems/nokogiri-1.13.1/ext/nokogiri/ports/arm64-darwin25/libgumbo/1.0.0-nokogiri/lib/libgumbo.a -lruby.4.0 /Users/collinsmunyendo/rt2lab.github.io/vendor/bundle/ruby/4.0.0/gems/nokogiri-1.13.1/ports/arm64-darwin25/libxslt/1.1.34/lib/libexslt.a -lm -liconv -lpthread -lz /Users/collinsmunyendo/rt2lab.github.io/vendor/bundle/ruby/4.0.0/gems/nokogiri-1.13.1/ports/arm64-darwin25/libxml2/2.9.12/lib/libxml2.a /Users/collinsmunyendo/rt2lab.github.io/vendor/bundle/ruby/4.0.0/gems/nokogiri-1.13.1/ports/arm64-darwin25/libxslt/1.1.34/lib/libxslt.a -lm -liconv -lpthread -lz /Users/collinsmunyendo/rt2lab.github.io/vendor/bundle/ruby/4.0.0/gems/nokogiri-1.13.1/ports/arm64-darwin25/libxml2/2.9.12/lib/libxml2.a -llzma /Users/collinsmunyendo/rt2lab.github.io/vendor/bundle/ruby/4.0.0/gems/nokogiri-1.13.1/ext/nokogiri/ports/arm64-darwin25/libgumbo/1.0.0-nokogiri/lib/libgumbo.a -lpthread  "
ld: warning: ignoring duplicate libraries: '-liconv', '-llzma', '-lm', '-lpthread', '-lz', '/Users/collinsmunyendo/rt2lab.github.io/vendor/bundle/ruby/4.0.0/gems/nokogiri-1.13.1/ext/nokogiri/ports/arm64-darwin25/libgumbo/1.0.0-nokogiri/lib/libgumbo.a', '/Users/collinsmunyendo/rt2lab.github.io/vendor/bundle/ruby/4.0.0/gems/nokogiri-1.13.1/ports/arm64-darwin25/libxml2/2.9.12/lib/libxml2.a', '/Users/collinsmunyendo/rt2lab.github.io/vendor/bundle/ruby/4.0.0/gems/nokogiri-1.13.1/ports/arm64-darwin25/libxslt/1.1.34/lib/libexslt.a', '/Users/collinsmunyendo/rt2lab.github.io/vendor/bundle/ruby/4.0.0/gems/nokogiri-1.13.1/ports/arm64-darwin25/libxslt/1.1.34/lib/libxslt.a'
checked program was:
/* begin */
 1: #include "ruby.h"
 2: 
 3: /*top*/
 4: extern int t(void);
 5: int main(int argc, char **argv)
 6: {
 7:   if (argc > 1000000) {
 8:     int (* volatile tp)(void)=(int (*)(void))&t;
 9:     printf("%d", (*tp)());
10:   }
11: 
12:   return !!argv[argc];
13: }
14: int t(void) { void ((*volatile p)()); p = (void ((*)()))vasprintf; return !p; }
/* end */

--------------------

append_cppflags: checking for whether -DNOKOGIRI_OTHER_LIBRARY_VERSIONS="\"libgumbo:1.0.0-nokogiri\"" is accepted as CPPFLAGS... -------------------- yes

DYLD_LIBRARY_PATH=.:/opt/homebrew/Cellar/ruby/4.0.3/lib LSAN_OPTIONS=detect_leaks=0 "clang -I/opt/homebrew/Cellar/ruby/4.0.3/include/ruby-4.0.0/arm64-darwin25 -I/opt/homebrew/Cellar/ruby/4.0.3/include/ruby-4.0.0/ruby/backward -I/opt/homebrew/Cellar/ruby/4.0.3/include/ruby-4.0.0 -I. -I/Users/collinsmunyendo/rt2lab.github.io/vendor/bundle/ruby/4.0.0/gems/nokogiri-1.13.1/ports/arm64-darwin25/libxml2/2.9.12/include/libxml2 -I/Users/collinsmunyendo/rt2lab.github.io/vendor/bundle/ruby/4.0.0/gems/nokogiri-1.13.1/ports/arm64-darwin25/libxslt/1.1.34/include -I/Users/collinsmunyendo/rt2lab.github.io/vendor/bundle/ruby/4.0.0/gems/nokogiri-1.13.1/ports/arm64-darwin25/libxml2/2.9.12/include/libxml2 -I/opt/homebrew/opt/libyaml/include -I/opt/homebrew/opt/openssl@3/include -D_XOPEN_SOURCE -D_DARWIN_C_SOURCE -D_DARWIN_UNLIMITED_SELECT -D_REENTRANT   -DNOKOGIRI_PACKAGED_LIBRARIES -DNOKOGIRI_LIBXML2_PATCHES="\"0001-Remove-script-macro-support.patch 0002-Update-entities-to-remove-handling-of-ssi.patch 0003-libxml2.la-is-in-top_builddir.patch 0004-use-glibc-strlen.patch 0005-avoid-isnan-isinf.patch 0006-update-automake-files-for-arm64.patch 0007-Fix-XPath-recursion-limit.patch 0008-htmlParseComment-handle-abruptly-closed-comments.patch 0009-allow-wildcard-namespaces.patch\"" -DNOKOGIRI_LIBXSLT_PATCHES="\"0001-update-automake-files-for-arm64.patch 0002-Fix-xml2-config-check-in-configure-script.patch\"" -I/Users/collinsmunyendo/rt2lab.github.io/vendor/bundle/ruby/4.0.0/gems/nokogiri-1.13.1/ext/nokogiri/ports/arm64-darwin25/libgumbo/1.0.0-nokogiri/include -fstack-protector-strong -U_FORTIFY_SOURCE -D_FORTIFY_SOURCE=2 -fdeclspec  -O3 -fno-fast-math -ggdb3 -Wall -Wextra -Wextra-tokens -Wdeprecated-declarations -Wdivision-by-zero -Wdiv-by-zero -Wimplicit-function-declaration -Wimplicit-int -Wpointer-arith -Wshorten-64-to-32 -Wwrite-strings -Wold-style-definition -Wmissing-noreturn -Wno-cast-function-type -Wno-constant-logical-operand -Wno-long-long -Wno-missing-field-initializers -Wno-overlength-strings -Wno-parentheses-equality -Wno-self-assign -Wno-tautological-compare -Wno-unused-parameter -Wno-unused-value -Wunused-variable -Wmisleading-indentation -Wundef -fno-common -pipe -std=c99 -Wno-declaration-after-statement -g -Winline -Wmissing-noreturn -arch arm64 -DNOKOGIRI_OTHER_LIBRARY_VERSIONS="\"libgumbo:1.0.0-nokogiri\"" -Werror -c conftest.c"
checked program was:
/* begin */
1: #include "ruby.h"
2: 
3: int main(int argc, char **argv)
4: {
5:   return !!argv[argc];
6: }
/* end */

--------------------

