current directory: /Users/collinsmunyendo/rt2lab.github.io/vendor/bundle/ruby/4.0.0/gems/ffi-1.15.5/ext/ffi_c
/opt/homebrew/opt/ruby/bin/ruby extconf.rb
checking for pkg-config for libffi... ["-I/Library/Developer/CommandLineTools/SDKs/MacOSX26.sdk/usr/include/ffi ", "", "-lffi"]
checking for ffi_prep_closure_loc() in -lffi... yes
checking for ffi_prep_cif_var()... yes
checking for ffi_raw_call()... yes
checking for ffi_prep_raw_closure()... yes
checking for whether -pthread is accepted as LDFLAGS... yes
creating extconf.h
creating Makefile

current directory: /Users/collinsmunyendo/rt2lab.github.io/vendor/bundle/ruby/4.0.0/gems/ffi-1.15.5/ext/ffi_c
make -j9 DESTDIR\= sitearchdir\=./.gem.20260508-30760-hv0g7v sitelibdir\=./.gem.20260508-30760-hv0g7v clean

current directory: /Users/collinsmunyendo/rt2lab.github.io/vendor/bundle/ruby/4.0.0/gems/ffi-1.15.5/ext/ffi_c
make -j9 DESTDIR\= sitearchdir\=./.gem.20260508-30760-hv0g7v sitelibdir\=./.gem.20260508-30760-hv0g7v
compiling AbstractMemory.c
compiling ArrayType.c
compiling Buffer.c
compiling Call.c
compiling ClosurePool.c
compiling DynamicLibrary.c
compiling Function.c
compiling FunctionInfo.c
compiling LastError.c
Buffer.c:98:5: warning: 'rb_data_object_get_warning' is deprecated: by TypedData [-Wdeprecated-declarations]
   98 |     Data_Get_Struct(self, Buffer, p);
      |     ^
/opt/homebrew/Cellar/ruby/4.0.3/include/ruby-4.0.0/ruby/internal/core/rdata.h:278:34: note: expanded from macro 'Data_Get_Struct'
  278 |     ((sval) = RBIMPL_CAST((type*)rb_data_object_get(obj)))
      |                                  ^
/opt/homebrew/Cellar/ruby/4.0.3/include/ruby-4.0.0/ruby/internal/core/rdata.h:370:31: note: expanded from macro 'rb_data_object_get'
  370 | #define rb_data_object_get    RUBY_MACRO_SELECT(rb_data_object_get_2, RUBY_UNTYPED_DATA_WARNING)
      |                               ^
/opt/homebrew/Cellar/ruby/4.0.3/include/ruby-4.0.0/ruby/internal/core/rdata.h:50:35: note: expanded from macro 'RUBY_MACRO_SELECT'
   50 | #define RUBY_MACRO_SELECT(x, y)   RBIMPL_MACRO_SELECT(x, y)
      |                                   ^
/opt/homebrew/Cellar/ruby/4.0.3/include/ruby-4.0.0/ruby/internal/core/rdata.h:49:35: note: expanded from macro 'RBIMPL_MACRO_SELECT'
   49 | #define RBIMPL_MACRO_SELECT(x, y) x ## y
      |                                   ^
<scratch space>:82:1: note: expanded from here
   82 | rb_data_object_get_1
      | ^
/opt/homebrew/Cellar/ruby/4.0.3/include/ruby-4.0.0/ruby/internal/core/rdata.h:368:31: note: expanded from macro 'rb_data_object_get_1'
  368 | #define rb_data_object_get_1  rb_data_object_get_warning
      |                               ^
/opt/homebrew/Cellar/ruby/4.0.3/include/ruby-4.0.0/ruby/internal/core/rdata.h:317:1: note: 'rb_data_object_get_warning' has been explicitly marked deprecated here
  317 | RBIMPL_ATTRSET_UNTYPED_DATA_FUNC()
      | ^
/opt/homebrew/Cellar/ruby/4.0.3/include/ruby-4.0.0/ruby/internal/core/rdata.h:47:5: note: expanded from macro 'RBIMPL_ATTRSET_UNTYPED_DATA_FUNC'
   47 |     RBIMPL_ATTR_DEPRECATED(("by TypedData"))
      |     ^
/opt/homebrew/Cellar/ruby/4.0.3/include/ruby-4.0.0/ruby/internal/attr/deprecated.h:36:53: note: expanded from macro 'RBIMPL_ATTR_DEPRECATED'
   36 | # define RBIMPL_ATTR_DEPRECATED(msg) __attribute__((__deprecated__ msg))
      |                                                     ^
Buffer.c:141:5: warning: 'rb_data_object_get_warning' is deprecated: by TypedData [-Wdeprecated-declarations]
  141 |     Data_Get_Struct(self, Buffer, dst);
      |     ^
/opt/homebrew/Cellar/ruby/4.0.3/include/ruby-4.0.0/ruby/internal/core/rdata.h:278:34: note: expanded from macro 'Data_Get_Struct'
  278 |     ((sval) = RBIMPL_CAST((type*)rb_data_object_get(obj)))
      |                                  ^
/opt/homebrew/Cellar/ruby/4.0.3/include/ruby-4.0.0/ruby/internal/core/rdata.h:370:31: note: expanded from macro 'rb_data_object_get'
  370 | #define rb_data_object_get    RUBY_MACRO_SELECT(rb_data_object_get_2, RUBY_UNTYPED_DATA_WARNING)
      |                               ^
/opt/homebrew/Cellar/ruby/4.0.3/include/ruby-4.0.0/ruby/internal/core/rdata.h:50:35: note: expanded from macro 'RUBY_MACRO_SELECT'
   50 | #define RUBY_MACRO_SELECT(x, y)   RBIMPL_MACRO_SELECT(x, y)
      |                                   ^
/opt/homebrew/Cellar/ruby/4.0.3/include/ruby-4.0.0/ruby/internal/core/rdata.h:49:35: note: expanded from macro 'RBIMPL_MACRO_SELECT'
   49 | #define RBIMPL_MACRO_SELECT(x, y) x ## y
      |                                   ^
<scratch space>:83:1: note: expanded from here
   83 | rb_data_object_get_1
      | ^
/opt/homebrew/Cellar/ruby/4.0.3/include/ruby-4.0.0/ruby/internal/core/rdata.h:368:31: note: expanded from macro 'rb_data_object_get_1'
  368 | #define rb_data_object_get_1  rb_data_object_get_warning
      |                               ^
/opt/homebrew/Cellar/ruby/4.0.3/include/ruby-4.0.0/ruby/internal/core/rdata.h:317:1: note: 'rb_data_object_get_warning' has been explicitly marked deprecated here
  317 | RBIMPL_ATTRSET_UNTYPED_DATA_FUNC()
      | ^
/opt/homebrew/Cellar/ruby/4.0.3/include/ruby-4.0.0/ruby/internal/core/rdata.h:47:5: note: expanded from macro 'RBIMPL_ATTRSET_UNTYPED_DATA_FUNC'
   47 |     RBIMPL_ATTR_DEPRECATED(("by TypedData"))
      |     ^
/opt/homebrew/Cellar/ruby/4.0.3/include/ruby-4.0.0/ruby/internal/attr/deprecated.h:36:53: note: expanded from macro 'RBIMPL_ATTR_DEPRECATED'
   36 | # define RBIAbstractMemory.c:250:1: warning: 'rb_data_object_get_warning' is deprecated: by TypedData [-Wdeprecated-declarations]
  250 | NUM_OP(int8, int8_t, NUM2INT, INT2NUM, NOSWAP);
      | ^
AbstractMemory.c:90:5: note: expanded from macro 'NUM_OP'
   90 |     Data_Get_Struct(self, AbstractMemory, memory); \
      |     ^
/opt/homebrew/Cellar/ruby/4.0.3/include/ruby-4.0.0/ruby/internal/core/rdata.h:278:34: note: expanded from macro 'Data_Get_Struct'
  278 |     ((sval) = RBIMPL_CAST((type*)rb_data_object_get(obj)))
      |                                  ^
/opt/homebrew/Cellar/ruby/4.0.3/include/ruby-4.0.0/ruby/internal/core/rdata.h:370:31: note: expanded from macro 'rb_data_object_get'
  370 | #define rb_data_object_get    RUBY_MACRO_SELECT(rb_data_object_get_2, RUBY_UNTYPED_DATA_WARNING)
      |                               ^
note: (skipping 1 expansions in backtrace; use -fmacro-backtrace-limit=0 to see all)
/opt/homebrew/Cellar/ruby/4.0.3/include/ruby-4.0.0/ruby/internal/core/rdata.h:49:35: note: expanded from macro 'RBIMPL_MACRO_SELECT'
   49 | #define RBIMPL_MACRO_SELECT(x, y) x ## y
      |                                   ^
<scratch space>:104:1: note: expanded from here
  104 | rb_data_object_get_1
      | ^
/opt/homebrew/Cellar/ruby/4.0.3/include/ruby-4.0.0/ruby/internal/core/rdata.h:368:31: note: expanded from macro 'rb_data_object_get_1'
  368 | #define rb_data_object_get_1  rb_data_object_get_warning
      |                               ^
/opt/homebrew/Cellar/ruby/4.0.3/include/ruby-4.0.0/ruby/internal/core/rdata.h:317:1: note: 'rb_data_object_get_warning' has been explicitly marked deprecated here
  317 | RBIMPL_ATTRSET_UNTYPED_DATA_FUNC()
      | ^
/opt/homebrew/Cellar/ruby/4.0.3/include/ruby-4.0.0/ruby/internal/core/rdata.h:47:5: note: expanded from macro 'RBIMPL_ATTRSET_UNTYPED_DATA_FUNC'
   47 |     RBIMPL_ATTR_DEPRECATED(("by TypedData"))
      |     ^
/opt/homebrew/Cellar/ruby/4.0.3/include/ruby-4.0.0/ruby/internal/attr/deprecated.h:36:53: note: expanded from macro 'RBIMPL_ATTR_DEPRECATED'
   36 | # define RBIMPL_ATTR_DEPRECATED(msg) __attribute__((__deprecated__ msg))
      |                                                     ^
AbstractMemory.c:250:1: warning: 'rb_data_object_get_warning' is deprecated: by TypedData [-Wdeprecated-declarations]
  250 | NUM_OP(int8, int8_t, NUM2INT, INT2NUM, NOSWAP);
      | ^
AbstractMemory.c:99:5: note: expanded from macro 'NUM_OP'
   99 |     Data_Get_Struct(self, AbstractMemory, memory); \
      |     ^
/opt/homebrew/Cellar/ruby/4.0.3/include/ruby-4.0.0/ruby/internal/core/rdata.h:278:34: note: expanded from macro 'Data_Get_Struct'
  278 |     ((sval) = RBIMPL_CAST((type*)rb_data_object_get(obj)))
      |                                  ^
/opt/homebrew/Cellar/ruby/4.0.3/include/ruby-4.0.0/ruby/internal/core/rdata.h:370:31: note: expanded from macro 'rb_data_object_get'
  370 | #define rb_data_object_get    RUBY_MACRO_SELECT(rb_data_object_get_2, RUBY_UNTYPED_DATA_WARNING)
      |                               ^
note: (skipping 1 expansions in backtrace; use -fmacro-backtrace-limit=0 to see all)
/opt/homebrew/Cellar/ruby/4.0.3/include/ruby-4.0.0/ruby/internal/core/rdata.h:49:35: note: expanded from macro 'RBIMPL_MACRO_SELECT'
   49 | #define RBIMPL_MACRO_SELECT(x, y) x ## y
      |                                   ^
<scratch space>:108:1: note: expanded from here
  108 | rb_data_object_get_1
      | ^
/opt/homebrew/Cellar/ruby/4.0.3/include/ruby-4.0.0/ruby/internal/core/rdata.h:368:31: note: expanded from macro 'rb_data_object_get_1'
  368 | #define rb_data_object_get_1  rb_data_object_get_warning
      |                               ^
/opt/homebrew/Cellar/ruby/4.0.3/include/ruby-4.0.0/ruby/internal/core/rdata.h:317:1: note: 'rb_data_object_get_warning' has been explicitly marked deprecated here
  317 | RBIMPL_ATTRSET_UNTYPED_DATA_FUNC()
      | ^
/opt/homebrew/Cellar/ruby/4.0.3/include/ruby-4.0.0/ruby/internal/core/rdata.h:47:5: note: expanded from macro 'RBIMPL_ATTRSET_UNTYPED_DATA_FUNC'
   47 |     RBIMPL_ATTR_DEPRECATED(("by TypedData"))
      |     ^
/opt/homebrew/Cellar/ruby/4.0.3/include/ruby-4.0.0/ruby/internal/attr/deprecated.h:36:53: note: expanded from macro 'RBIMPL_ATTR_DEPRECATED'
   36 | # define RBIMPL_ATTR_DEPRECATED(msg) __attribute__((__deprecated__ msg))
      |                                                     ^
AbstractMemory.c:250:1: warning: 'rb_data_object_get_warning' is deprecated: by TypedData [-Wdeprecated-declarations]
  250 | NUM_OP(int8, int8_t, NUM2INT, INT2NUM, NOSWAP);
      | ^
AbstractMemory.c:118:5: note: expanded from macro 'NUM_OP'
  118 |     Data_Get_Struct(self, AbstractMemory, memory); \
      |     ^
/opt/homebrew/Cellar/ruby/4.0.3/include/ruby-4.0.0/ruby/internal/core/rdata.h:278:34: note: expanded from macro 'Data_Get_Struct'
  278 |     ((sval) = RBIMPL_CAST((type*)rb_data_object_get(obj)))
      |                                  ^
/opt/homebrew/Cellar/ruby/4.0.3/include/ruby-4.0.0/ruby/internal/core/rdata.h:370:31: note: expanded from macro 'rb_data_object_get'
  370 | #define rb_data_object_get    RUBY_MACRO_SELECT(rb_data_object_get_2, RUBY_UNTYPED_DATA_WARNING)
      |                               ^
note: (skipping 1 expansions in backtrace; use -fmacro-backtrace-limit=0 to see all)
/opt/homebrew/Cellar/ruby/4.0.3/include/ruby-4.0.0/ruby/internal/core/rdata.h:49:35: note: expanded from macro 'RBIMPL_MACRO_SELECT'
   49 | #define RBIMPL_MACRO_SELECT(x, y) x ## y
      |                                   ^
<scratch space>:114:1: note: expanded from here
  114 | rb_data_object_get_1
      | ^
/opt/homebrew/Cellar/ruby/4.0.3/include/ruby-4.0.0/ruby/internal/core/rdata.h:368:31: note: expanded from macro 'rb_data_object_get_1'
  368 | #define rb_data_object_get_1  rb_data_object_get_warning
      |                               ^
/opt/homebrew/Cellar/ruby/4.0.3/include/ruby-4.0.0/ruby/internal/core/rdata.h:317:1: note: 'rb_data_object_get_warning' has been explicitly marked deprecated here
  317 | RBIMPL_ATTRSET_UNTYPED_DATA_FUNC()
      | ^
/opt/homebrew/Cellar/ruby/4.0.3/include/ruby-4.0.0/ruby/internal/core/rdata.h:47:5: note: expanded from macro 'RBIMPL_ATTRSET_UNTYPED_DATA_FUNC'
   47 |     RBIMPL_ATTR_DEPRECATED(("by TypedData"))
      |     ^
/opt/homebrew/Cellar/ruby/4.0.3/include/ruby-4.0.0/ruby/internal/attr/deprecated.h:36:53: note: expanded from macro 'RBIMPL_ATTR_DEPRECATED'
   36 | # define RBIMPL_ATTR_DEPRECATED(msg) __attribute__((__deprecated__ msg))
      |                                                     ^
AbstractMemory.c:250:1: warning: 'rb_data_object_get_warning' is deprecated: by TypedData [-Wdeprecated-declarations]
  250 | NUM_OP(int8, int8_t, NUM2INT, INT2NUM, NOSWAP);
      | ^
AbstractMemory.c:126:5: note: expanded from macro 'NUM_OP'
  126 |     Data_Get_Struct(self, AbstractMemory, memory); \
      |     ^
/opt/homebrew/Cellar/ruby/4.0.3/include/ruby-4.0.0/ruby/internal/core/rdata.h:278:34: note: expanded from macro 'Data_Get_Struct'
  278 |     ((sval) = RBIMPL_CAST((type*)rb_data_object_get(obj)))
      |                                  ^
/opt/homebrew/Cellar/ruby/4.0.3/include/ruby-4.0.0/ruby/internal/core/rdata.h:370:31: note: expanded from macro 'rb_data_object_get'
  370 | #define rb_data_object_get    RUBY_MACRO_SELECT(rb_data_object_get_2, RUBY_UNTYPED_DATA_WARNING)
      |                               ^
note: (skipping 1 expansions in backtrace; use -fmacro-backtrace-limit=0 to see all)
/opt/homebrew/Cellar/ruby/4.0.3/include/ruby-4.0.0/ruby/internal/core/rdata.h:49:35: note: expanded from macro 'RBIMPL_MACRO_SELECT'
   49 | #define RBIMPL_MACRO_SELECT(x, y) x ## y
      |                                   ^
<scratch space>:118:1: note: expanded from here
  118 | rb_data_object_get_1
      | ^
/opt/homebrew/Cellar/ruby/4.0.3/include/ruby-4.0.0/ruby/internal/core/rdata.h:368:31: note: expanded from macro 'rb_data_object_get_1'
  368 | #define rb_data_object_get_1  rb_data_object_get_warning
      |                               ^
/opt/homebrew/Cellar/ruby/4.0.3/include/ruby-4.0.0/ruby/internal/core/rdata.h:317:1: note: 'rb_data_object_get_warning' has been explicitly marked deprecated here
  317 | RBIMPL_ATTRSET_UNTYPED_DATA_FUNC()
      | ^
/opt/homebrew/Cellar/ruby/4.0.3/include/ruby-4.0.0/ruby/internal/core/rdata.h:47:5: note: expanded from macro 'RBIMPL_ATTRSET_UNTYPED_DATA_FUNC'
   47 |     RBIMPL_ATTR_DEPRECATED(("by TypedData"))
      |     ^
/opt/homebrew/Cellar/ruby/4.0.3/include/ruby-4.0.0/ruby/internal/attr/deprecated.h:36:53: note: expanded from macro 'RBIMPL_ATTR_DEPRECATED'
   36 | # define RBIMPL_ATTR_DEPRECATED(msg) __attribute__((__deprecated__ msg))
      |                                                     ^
AbstractMemory.c:251:1: warning: 'rb_data_object_get_warning' is deprecated: by TypedData [-Wdeprecated-declarations]
  251 | NUM_OP(uint8, uint8_t, NUM2UINT, UINT2NUM, NOSWAP);
      | ^
AbstractMemory.c:90:5: note: expanded from macro 'NUM_OP'
   90 |     Data_Get_Struct(self, AbstractMemory, memory); \
      |     ^
/opt/homebrew/Cellar/ruby/4.0.3/include/ruby-4.0.0/ruby/internal/core/rdata.h:278:34: note: expanded from macro 'Data_Get_Struct'
  278 |     ((sval) = RBIMPL_CAST((type*)rb_data_object_get(obj)))
      |                                  ^
/opt/homebrew/Cellar/ruby/4.0.3/include/ruby-4.0.0/ruby/internal/core/rdata.h:370:31: note: expanded from macro 'rb_data_object_get'
  370 | #define rb_data_object_get    RUBY_MACRO_SELECT(rb_data_object_get_2, RUBY_UNTYPED_DATA_WARNING)
      |                               ^
note: (skipping 1 expansions in backtrace; use -fmacro-backtrace-limit=0 to see all)
/opt/homebrew/Cellar/ruby/4.0.3/include/ruby-4.0.0/ruby/internal/core/rdata.h:49:35: note: expanded from macro 'RBIMPL_MACRO_SELECT'
   49 | #define RBIMPL_MACRO_SELECT(x, y) x ## y
      |                                   ^
<scratch space>:137:1: note: expanded from here
  137 | rb_data_object_get_1
      | ^
/opt/homebrew/Cellar/ruby/4.0.3/include/ruby-4.0.0/ruby/internal/core/rdata.h:368:31: note: expanded from macro 'rb_data_object_get_1'
  368 | #define rb_data_object_get_1  rb_data_object_get_warning
      |                               ^
/opt/homebrew/Cellar/ruby/4.0.3/include/ruby-4.0.0/ruby/internal/core/rdata.h:317:1: note: 'rb_data_object_get_warning' has been explicitly marked deprecated here
  317 | RBIMPL_ATTRSET_UNTYPED_DATA_FUNC()
      | ^
/opt/homebrew/Cellar/ruby/4.0.3/include/ruby-4.0.0/ruby/internal/core/rdata.h:47:5: note: expanded from macro 'RBIMPL_ATTRSET_UNTYPED_DATA_FUNC'
   47 |     RBIMPL_ATTR_DEPRECATED(("by TypedData"))
      |     ^
/opt/homebrew/Cellar/ruby/4.0.3/include/ruby-4.0.0/ruby/internal/attr/deprecated.h:36:53: note: expanded from macro 'RBIMPL_ATTR_DEPRECATED'
   36 | # define RBIMPL_ATTR_DEPRECATED(msg) __attribute__((__deprecated__ msg))
      |                                                     ^
AbstractMemory.c:251:1: warning: 'rb_data_object_get_warning' is deprecated: by TypedData [-Wdeprecated-declarations]
  251 | NUM_OP(uint8, uint8_t, NUM2UINT, UINT2NUM, NOSWAP);
      | ^
AbstractMemory.c:99:5: note: expanded from macro 'NUM_OP'
   99 |     Data_Get_Struct(self, AbstractMemory, memory); \
      |     ^
/opt/homebrew/Cellar/ruby/4.0.3/include/ruby-4.0.0/ruby/internal/core/rdata.h:278:34: note: expanded from macro 'Data_Get_Struct'
  278 |     ((sval) = RBIMPL_CAST((type*)rb_data_object_get(obj)))
      |                                  ^
/opt/homebrew/Cellar/ruby/4.0.3/include/ruby-4.0.0/ruby/internal/core/rdata.h:370:31: note: expanded from macro 'rb_data_object_get'
  370 | #define rb_data_object_get    RUBY_MACRO_SELECT(rb_data_object_get_2, RUBY_UNTYPED_DATA_WARNING)
      |                               ^
note: (skipping 1 expansions in backtrace; use -fmacro-backtrace-limit=0 to see all)
/opt/homebrew/Cellar/ruby/4.0.3/include/ruby-4.0.0/ruby/internal/core/rdata.h:49:35: note: expanded from macro 'RBIMPL_MACRO_SELECT'
   49 | #define RBIMPL_MACRO_SELECT(x, y) x ## y
      |                                   ^
<scratch space>:141:1: note: expanded from here
  141 | rb_data_object_get_1
      | ^
/opt/homebrew/Cellar/ruby/4.0.3/include/ruby-4.0.0/ruby/internal/core/rdata.h:368:31: note: expanded from macro 'rb_data_object_get_1'
  368 | #define rb_data_object_get_1  rb_data_object_get_warning
      |                               ^
/opt/homebrew/Cellar/ruby/4.0.3/include/ruby-4.0.0/ruby/internal/core/rdata.h:317:1: note: 'rb_data_object_get_warning' has been explicitly marked deprecated here
  317 | RBIMPL_ATTRSET_UNTYPED_DATA_FUNC()
      | ^
/opt/homebrew/Cellar/ruby/4.0.3/include/ruby-4.0.0/ruby/internal/core/rdata.h:47:5: note: expanded from macro 'RBIMPL_ATTRSET_UNTYPED_DATA_FUNC'
   47 |     RBIMPL_ATTR_DEPRECATED(("by TypedData"))
      |     ^
/opt/homebrew/Cellar/ruby/4.0.3/include/ruby-4.0.0/ruby/internal/attr/deprecated.h:36:53: note: expanded from macro 'RBIMPL_ATTR_DEPRECATED'
   36 | # define RBIMPL_ATTR_DEPRECATED(msg) __attribute__((__deprecated__ msg))
      |                                                     ^
AbstractMemory.c:251:1: warning: 'rb_data_object_get_warning' is deprecated: by TypedData [-Wdeprecated-declarations]
  251 | NUM_OP(uint8, uint8_t, NUM2UINT, UINT2NUM, NOSWAP);
      | ^
AbstractMemory.c:118:5: note: expanded from macro 'NUM_OP'
  118 |     Data_Get_Struct(self, AbstractMemory, memory); \
      |     ^
/opt/homebrew/Cellar/ruby/4.0.3/include/ruby-4.0.0/ruby/internal/core/rdata.h:278:34: note: expanded from macro 'Data_Get_Struct'
  278 |     ((sval) = RBIMPL_CAST((type*)rb_data_object_get(obj)))
      |                                  ^
/opt/homebrew/Cellar/ruby/4.0.3/include/ruby-4.0.0/ruby/internal/core/rdata.h:370:31: note: expanded from macro 'rb_data_object_get'
  370 | #define rb_data_object_get    RUBY_MACRO_SELECT(rb_data_object_get_2, RUBY_UNTYPED_DATA_WARNING)
      |                               ^
note: (skipping 1 expansions in backtrace; use -fmacro-backtrace-limit=0 to see all)
/opt/homebrew/Cellar/ruby/4.0.3/include/ruby-4.0.0/ruby/internal/core/rdata.h:49:35: note: expanded from macro 'RBIMPL_MACRO_SELECT'
   49 | #define RBIMPL_MACRO_SELECT(x, y) x ## y
      |                                   ^
<scratch space>:147:1: note: expanded from here
  147 | rb_data_object_get_1
      | ^
/opt/homebrew/Cellar/ruby/4.0.3/include/ruby-4.0.0/ruby/internal/core/rdata.h:368:31: note: expanded from macro 'rb_data_object_get_1'
  368 | #define rb_data_object_get_1  rb_data_object_get_warning
      |                               ^
/opt/homebrew/Cellar/ruby/4.0.3/include/ruby-4.0.0/ruby/internal/core/rdata.h:317:1: note: 'rb_data_object_get_warning' has been explicitly marked deprecated here
  317 | RBIMPL_ATTRSET_UNTYPED_DATA_FUNC()
      | ^
/opt/homebrew/Cellar/ruby/4.0.3/include/ruby-4.0.0/ruby/internal/core/rdata.h:47:5: note: expanded from macro 'RBIMPL_ATTRSET_UNTYPED_DATA_FUNC'
   47 |     RBIMPL_ATTR_DEPRECATED(("by TypedData"))
      |     ^
/opt/homebrew/Cellar/ruby/4.0.3/include/ruby-4.0.0/ruby/internal/attr/deprecated.h:36:53: note: expanded from macro 'RBIMPL_ATTR_DEPRECATED'
   36 | # define RBIMPL_ATTR_DEPRECATED(msg) __attribute__((__deprecated__ msg))
      |                                                     ^
AbstractMemory.c:251:1: warning: 'rb_data_object_get_warning' is deprecated: by TypedData [-Wdeprecated-declarations]
  251 | NUM_OP(uint8, uint8_t, NUM2UINT, UINT2NUM, NOSWAP);
      | ^
AbstractMemory.c:126:5: note: expanded from macro 'NUM_OP'
  126 |     Data_Get_Struct(self, AbstractMemory, memory); \
      |     ^
/opt/homebrew/Cellar/ruby/4.0.3/include/ruby-4.0.0/ruby/internal/core/rdata.h:278:34: note: expanded from macro 'Data_Get_Struct'
  278 |     ((sval) = RBIMPL_CAST((type*)rb_data_object_get(obj)))
      |                                  ^
/opt/homebrew/Cellar/ruby/4.0.3/include/ruby-4.0.0/ruby/internal/core/rdata.h:370:31: note: expanded from macro 'rb_data_object_get'
  370 | #define rb_data_object_get    RUBY_MACRO_SELECT(rb_data_object_get_2, RUBY_UNTYPED_DATA_WARNING)
      |                               ^
note: (skipping 1 expansions in backtrace; use -fmacro-backtrace-limit=0 to see all)
/opt/homebrew/Cellar/ruby/4.0.3/include/ruby-4.0.0/ruby/internal/core/rdata.h:49:35: note: expanded from macro 'RBIMPL_MACRO_SELECT'
   49 | #define RBIMPL_MACRO_SELECT(x, y) x ## y
      |                                   ^
<scratch space>:4:1: note: expanded from here
    4 | rb_data_object_get_1
      | ^
/opt/homebrew/Cellar/ruby/4.0.3/include/ruby-4.0.0/ruby/internal/core/rdata.h:368:31: note: expanded from macro 'rb_data_object_get_1'
  368 | #define rb_data_object_get_1  rb_data_object_get_warning
      |                               ^
/opt/homebrew/Cellar/ruby/4.0.3/include/ruby-4.0.0/ruby/internal/core/rdata.h:317:1: note: 'rb_data_object_get_warning' has been explicitly marked deprecated here
  317 | RBIMPL_ATTRSET_UNTYPED_DATA_FUNC()
      | ^
/opt/homebrew/Cellar/ruby/4.0.3/include/ruby-4.0.0/ruby/internal/core/rdata.h:47:5: note: expanded from macro 'RBIMPL_ATTRSET_UNTYPED_DATA_FUNC'
   47 |     RBIMPL_ATTR_DEPRECATED(("by TypedData"))
      |     ^
/opt/homebrew/Cellar/ruby/4.0.3/include/ruby-4.0.0/ruby/internal/attr/deprecated.h:36:53: note: expanded from macro 'RBIMPL_ATTR_DEPRECATED'
   36 | # define RBIMPL_ATTR_DEPRECATED(msg) __attribute__((__deprecated__ msg))
      |                                                     ^
AbstractMemory.c:252:1: warning: 'rb_data_object_get_warning' is deprecated: by TypedData [-Wdeprecated-declarations]
  252 | NUM_OP(int16, int16_t, NUM2INT, INT2NUM, SWAPS16);
      | ^
AbstractMemory.c:90:5: note: expanded from macro 'NUM_OP'
   90 |     Data_Get_Struct(self, AbstractMemory, memory); \
      |     ^
/opt/homebrew/Cellar/ruby/4.0.3/include/ruby-4.0.0/ruby/internal/core/rdata.h:278:34: note: expanded from macro 'Data_Get_Struct'
  278 |     ((sval) = RBIMPL_CAST((type*)rb_data_object_get(obj)))
      |                                  ^
/opt/homebrew/Cellar/ruby/4.0.3/include/ruby-4.0.0/ruby/internal/core/rdata.h:370:31: note: expanded from macro 'rb_data_object_get'
  370 | #define rb_data_object_get    RUBY_MACRO_SELECT(rb_data_object_get_2, RUBY_UNTYPED_DATA_WARNING)
      |                               ^
note: (skipping 1 expansions in backtrace; use -fmacro-backtrace-limit=0 to see all)
/opt/homebrew/Cellar/ruby/4.0.3/include/ruby-4.0.0/ruby/internal/core/rdata.h:49:35: note: expanded from macro 'RBIMPL_MACRO_SELECT'
   49 | #define RBIMPL_MACRO_SELECT(x, y) x ## y
      |                                   ^
<scratch space>:23:1: note: expanded from here
   23 | rb_data_object_get_1
      | ^
/opt/homebrew/Cellar/ruby/4.0.3/include/ruby-4.0.0/ruby/internal/core/rdata.h:368:31: note: expanded from macro 'rb_data_object_get_1'
  368 | #define rb_data_object_get_1  rb_data_object_get_warning
      |                               ^
/opt/homebrew/Cellar/ruby/4.0.3/include/ruby-4.0.0/ruby/internal/core/rdata.h:317:1: note: 'rb_data_object_get_warning' has been explicitly marked deprecated here
  317 | RBIMPL_ATTRSET_UNTYPED_DATA_FUNC()
      | ^
/opt/homebrew/Cellar/ruby/4.0.3/include/ruby-4.0.0/ruby/internal/core/rdata.h:47:5: note: expanded from macro 'RBIMPL_ATTRSET_UNTYPED_DATA_FUNC'
   47 |     RBIMPL_ATTR_DEPRECATED(("by TypedData"))
      |     ^
/opt/homebrew/Cellar/ruby/4.0.3/include/ruby-4.0.0/ruby/internal/attr/deprecated.h:36:53: note: expanded from macro 'RBIMPL_ATTR_DEPRECATED'
   36 | # define RBIMPL_ATTR_DEPRECATED(msg) __attribute__((__deprecated__ msg))
      |                                                     ^
AbstractMemory.c:252:1: warning: 'rb_data_object_get_warning' is deprecated: by TypedData [-Wdeprecated-declarations]
  252 | NUM_OP(int16, int16_t, NUM2INT, INT2NUM, SWAPS16);
      | ^
AbstractMemory.c:99:5: note: expanded from macro 'NUM_OP'
   99 |     Data_Get_Struct(self, AbstractMemory, memory); \
      |     ^
/opt/homebrew/Cellar/ruby/4.0.3/include/ruby-4.0.0/ruby/internal/core/rdata.h:278:34: note: expanded from macro 'Data_Get_Struct'
  278 |     ((sval) = RBIMPL_CAST((type*)rb_data_object_get(obj)))
      |                                  ^
/opt/homebrew/Cellar/ruby/4.0.3/include/ruby-4.0.0/ruby/internal/core/rdata.h:370:31: note: expanded from macro 'rb_data_object_get'
  370 | #define rb_data_object_get    RUBY_MACRO_SELECT(rb_data_object_get_2, RUBY_UNTYPED_DATA_WARNING)
      |                               ^
note: (skipping 1 expansions in backtrace; use -fmacro-backtrace-limit=0 to see all)
/opt/homebrew/Cellar/ruby/4.0.3/include/ruby-4.0.0/ruby/internal/core/rdata.h:49:35: note: expanded from macro 'RBIMPL_MACRO_SELECT'
   49 | #define RBIMPL_MACRO_SELECT(x, y) x ## y
      |                                   ^
<scratch space>:27:1: note: expanded from here
   27 | rb_data_object_get_1
      | ^
/opt/homebrew/Cellar/ruby/4.0.3/include/ruby-4.0.0/ruby/internal/core/rdata.h:368:31: note: expanded from macro 'rb_data_object_get_1'
  368 | #define rb_data_object_get_1  rb_data_object_get_warning
      |                               ^
/opt/homebrew/Cellar/ruby/4.0.3/include/ruby-4.0.0/ruby/internal/core/rdata.h:317:1: note: 'rb_data_object_get_warning' has been explicitly marked deprecated here
  317 | RBIMPL_ATTRSET_UNTYPED_DATA_FUNC()
      | ^
/opt/homebrew/Cellar/ruby/4.0.3/include/ruby-4.0.0/ruby/internal/core/rdata.h:47:5: note: expanded from macro 'RBIMPL_ATTRSET_UNTYPED_DATA_FUNC'
   47 |     RBIMPL_ATTR_DEPRECATED(("by TypedData"))
      |     ^
/opt/homebrew/Cellar/ruby/4.0.3/include/ruby-4.0.0/ruby/internal/attr/deprecated.h:36:53: note: expanded from macro 'RBIMPL_ATTR_DEPRECATED'
   36 | # define RBIMPL_ATTR_DEPRECATED(msg) __attribute__((__deprecated__ msg))
      |                                                     ^
AbstractMemory.c:252:1: warning: 'rb_data_object_get_warning' is deprecated: by TypedData [-Wdeprecated-declarations]
  252 | NUM_OP(int16, int16_t, NUM2INT, INT2NUM, SWAPS16);
      | ^
AbstractMemory.c:118:5: note: expanded from macro 'NUM_OP'
  118 |     Data_Get_Struct(self, AbstractMemory, memory); \
      |     ^
/opt/homebrew/Cellar/ruby/4.0.3/include/ruby-4.0.0/ruby/internal/core/rdata.h:278:34: note: expanded from macro 'Data_Get_Struct'
  278 |     ((sval) = RBIMPL_CAST((type*)rb_data_object_get(obj)))
      |                                  ^
/opt/homebrew/Cellar/ruby/4.0.3/include/ruby-4.0.0/ruby/internal/core/rdata.h:370:31: note: expanded from macro 'rb_data_object_get'
  370 | #define rb_data_object_get    RUBY_MACRO_SELECT(rb_data_object_get_2, RUBY_UNTYPED_DATA_WARNING)
      |                               ^
note: (skipping 1 expansions in backtrace; use -fmacro-backtrace-limit=0 to see all)
/opt/homebrew/Cellar/ruby/4.0.3/include/ruby-4.0.0/ruby/internal/core/rdata.h:49:35: note: expanded from macro 'RBIMPL_MACRO_SELECT'
   49 | #define RBIMPL_MACRO_SELECT(x, y) x ## y
      |                                   ^
<scratch space>:33:1: note: expanded from here
   33 | rb_data_object_get_1
      | ^
/opt/homebrew/Cellar/ruby/4.0.3/include/ruby-4.0.0/ruby/internal/core/rdata.h:368:31: note: expanded from macro 'rb_data_object_get_1'
  368 | #define rb_data_object_get_1  rb_data_object_get_warning
      |                               ^
/opt/homebrew/Cellar/ruby/4.0.3/include/ruby-4.0.0/ruby/internal/core/rdata.h:317:1: note: 'rb_data_object_get_warning' has been explicitly marked deprecated here
  317 | RBIMPL_ATTRSET_UNTYPED_DATA_FUNC()
      | ^
/opt/homebrew/Cellar/ruby/4.0.3/include/ruby-4.0.0/ruby/internal/core/rdata.h:47:5: note: expanded from macro 'RBIMPL_ATTRSET_UNTYPED_DATA_FUNC'
   47 |     RBIMPL_ATTR_DEPRECATED(("by TypedData"))
      |     ^
/opt/homebrew/Cellar/ruby/4.0.3/include/ruby-4.0.0/ruby/internal/attr/deprecated.h:36:53: note: expanded from macro 'RBIMPL_ATTR_DEPRECATED'
   36 | # define RBIMPL_ATTR_DEPRECATED(msg) __attribute__((__deprecated__ msg))
      |                                                     ^
AbstractMemory.c:252:1: warning: 'rb_data_object_get_warning' is deprecated: by TypedData [-Wdeprecated-declarations]
  252 | NUM_OP(int16, int16_t, NUM2INT, INT2NUM, SWAPS16);
      | ^
AbstractMemory.c:126:5: note: expanded from macro 'NUM_OP'
  126 |     Data_Get_Struct(self, AbstractMemory, memory); \
      |     ^
/opt/homebrew/Cellar/ruby/4.0.3/include/ruby-4.0.0/ruby/internal/core/rdata.h:278:34: note: expanded from macro 'Data_Get_Struct'
  278 |     ((sval) = RBIMPL_CAST((type*)rb_data_object_get(obj)))
      |                                  ^
/opt/homebrew/Cellar/ruby/4.0.3/include/ruby-4.0.0/ruby/internal/core/rdata.h:370:31: note: expanded from macro 'rb_data_object_get'
  370 | #define rb_data_object_get    RUBY_MACRO_SELECT(rb_data_object_get_2, RUBY_UNTYPED_DATA_WARNING)
      |                               ^
note: (skipping 1 expansions in backtrace; use -fmacro-backtrace-limit=0 to see all)
/opt/homebrew/Cellar/ruby/4.0.3/include/ruby-4.0.0/ruby/internal/core/rdata.h:49:35: note: expanded from macro 'RBIMPL_MACRO_SELECT'
   49 | #define RBIMPL_MACRO_SELECT(x, y) x ## y
      |                                   ^
<scratch space>:37:1: note: expanded from here
   37 | rb_data_object_get_1
      | ^
/opt/homebrew/Cellar/ruby/4.0.3/include/ruby-4.0.0/ruby/internal/core/rdata.h:368:31: note: expanded from macro 'rb_data_object_get_1'
  368 | #define rb_data_object_get_1  rb_data_object_get_warning
      |                               ^
/opt/homebrew/Cellar/ruby/4.0.3/include/ruby-4.0.0/ruby/internal/core/rdata.h:317:1: note: 'rb_data_object_get_warning' has been explicitly marked deprecated here
  317 | RBIMPL_ATTRSET_UNTYPED_DATA_FUNC()
      | ^
/opt/homebrew/Cellar/ruby/4.0.3/include/ruby-4.0.0/ruby/internal/core/rdata.h:47:5: note: expanded from macro 'RBIMPL_ATTRSET_UNTYPED_DATA_FUNC'
   47 |     RBIMPL_ATTR_DEPRECATED(("by TypedData"))
      |     ^
/opt/homebrew/Cellar/ruby/4.0.3/include/ruby-4.0.0/ruby/internal/attr/deprecated.h:36:53: note: expanded from macro 'RBIMPL_ATTR_DEPRECATED'
   36 | # define RBIMPL_ATTR_DEPRECATED(msg) __attribute__((__deprecated__ msg))
      |                                                     ^
MPL_ATTR_DEPRECATED(msg) __attribute__((__deprecated__ msg))
      |                                                     ^
AbstractMemory.c:253:1: warning: 'rb_data_object_get_warning' is deprecated: by TypedData [-Wdeprecated-declarations]
  253 | NUM_OP(uint16, uint16_t, NUM2UINT, UINT2NUM, SWAPU16);
      | ^
AbstractMemory.c:90:5: note: expanded from macro 'NUM_OP'
   90 |     Data_Get_Struct(self, AbstractMemory, memory); \
      |     ^
/opt/homebrew/Cellar/ruby/4.0.3/include/ruby-4.0.0/ruby/internal/core/rdata.h:278:34: note: expanded from macro 'Data_Get_Struct'
  278 |     ((sval) = RBIMPL_CAST((type*)rb_data_object_get(obj)))
      |                                  ^
/opt/homebrew/Cellar/ruby/4.0.3/include/ruby-4.0.0/ruby/internal/core/rdata.h:370:31: note: expanded from macro 'rb_data_object_get'
  370 | #define rb_data_object_get    RUBY_MACRO_SELECT(rb_data_object_get_2, RUBY_UNTYPED_DATA_WARNING)
      |                               ^
note: (skipping 1 expansions in backtrace; use -fmacro-backtrace-limit=0 to see all)
/opt/homebrew/Cellar/ruby/4.0.3/include/ruby-4.0.0/ruby/internal/core/rdata.h:49:35: note: expanded from macro 'RBIMPL_MACRO_SELECT'
   49 | #define RBIMPL_MACRO_SELECT(x, y) x ## y
      |                                   ^
<scratch space>:56:1: note: expanded from here
   56 | rb_data_object_get_1
      | ^
/opt/homebrew/Cellar/ruby/4.0.3/include/ruby-4.0.0/ruby/internal/core/rdata.h:368:31: note: expanded from macro 'rb_data_object_get_1'
  368 | #define rb_data_object_get_1  rb_data_object_get_warning
      |                               ^
/opt/homebrew/Cellar/ruby/4.0.3/include/ruby-4.0.0/ruby/internal/core/rdata.h:317:1: note: 'rb_data_object_get_warning' has been explicitly marked deprecated here
  317 | RBIMPL_ATTRSET_UNTYPED_DATA_FUNC()
      | ^
/opt/homebrew/Cellar/ruby/4.0.3/include/ruby-4.0.0/ruby/internal/core/rdata.h:47:5: note: expanded from macro 'RBIMPL_ATTRSET_UNTYPED_DATA_FUNC'
   47 |     RBIMPL_ATTR_DEPRECATED(("by TypedData"))
      |     ^
/opt/homebrew/Cellar/ruby/4.0.3/include/ruby-4.0.0/ruby/internal/attr/deprecated.h:36:53: note: expanded from macro 'RBIMPL_ATTR_DEPRECATED'
   36 | # define RBIMPL_ATTR_DEPRECATED(msg) __attribute__((__deprecated__ msg))
      |                                                     ^
AbstractMemory.c:253:1: warning: 'rb_data_object_get_warning' is deprecated: by TypedData [-Wdeprecated-declarations]
  253 | NUBuffer.c:175:5: warning: 'rb_data_object_get_warning' is deprecated: by TypedData [-Wdeprecated-declarations]
  175 |     Data_Get_Struct(self, Buffer, ptr);
      |     ^
/opt/homebrew/Cellar/ruby/4.0.3/include/ruby-4.0.0/ruby/internal/core/rdata.h:278:34: note: expanded from macro 'Data_Get_Struct'
  278 |     ((sval) = RBIMPL_CAST((type*)rb_data_object_get(obj)))
      |                                  ^
/opt/homebrew/Cellar/ruby/4.0.3/include/ruby-4.0.0/ruby/internal/core/rdata.h:370:31: note: expanded from macro 'rb_data_object_get'
  370 | #define rb_data_object_get    RUBM_OP(uint16, uYin_MACt16_t, NUM2UINT, UINT2NUM, SRO_SELECT(rb_data_object_get_2, RUBY_UNTYPED_DWATAAP_UW1A6R)N;I
N      G| ^
AbstractMemory.c:99:)5
:       | note:                               ^expanded from macro 'NUM_OP'

   /opt/homebrew/Cellar/ruby/4.0.3/include/ruby-4.0.0/ruby/internal/core/rdata.h99: | 50 : 35 :  Dnote: aexpanded from macro 'RUBY_MACRO_SELECT't
a_Get_Struct(self, AbstractMemory, memory); \
      |     ^
/opt/homebrew/Cellar/ruby/4.0.3/include/ruby-4.0.0/ruby/internal/core/rdata.h   50 | #define RUBY_MACR:278:34: note: expanded from macro 'Data_Get_Struct'O_SE
  278 | LECT(x, y)   RBIMPL_MAC    ((sval) = RBIMRO_SELECT(Px, y)
      |                                   ^
/opt/homebrew/Cellar/ruby/4.0.3/include/ruby-4.0.0/ruby/internal/core/rdata.h:49:35: note: expanded from macro 'RBIMPL_MACRO_SELECT'
   49 | #define RBIMPL_MACROL_SELECT(x, y) x ## y
      |                                   ^
<scratch space>:_CAS84:1: note: expanded from hereT((type*)rb_da
ta_object_get(obj)   84 | r))b_data_object_get_1
      | ^

      |                                  ^
/opt/homebrew/Cellar/ruby/4.0.3/include/ruby-4.0.0/ruby/internal/core/rdata.h:370:31: note: expanded from macro 'rb_data_object_get'
/opt/homebrew/Cellar/ruby/4.0.3/include/ruby-4.0.0/ruby/internal/core/rdata.h:  368370:31: note: expanded from macro 'rb_data_object_get_1'
 | #define  368 | #define rb_data_object_get_1  rb_data_object_get_warning
      |                               ^
 rb_data_object_get /opt/homebrew/Cellar/ruby/4.0.3/include/ruby-4.0.0/ruby/internal/core/rdata.h :317:1: note: 'rb_data_object_get_warning' has been explicitly marked deprecated here
  317  RUBY_MACRO_SELECT(rb_data_object_get_2, RUBY_UNTYPE | RBD_DAIMPL_ATTRSET_UNTYPED_DATA_FUNC()
      | ^
TA_WARNING/opt/homebrew/Cellar/ruby/4.0.3/include/ruby-4.0.0/ruby/internal/core/rdata.h):47
      |                               ^
note: (skipping 1 expansions in backtrace; use -fmacro-backtrace-limit=0 to see all)
/opt/homebrew/Cellar/ruby/4.0.3/include/ruby-4.0.0/ruby/internal/core/rdata.h:49:35: note: expanded from macro 'RBIMPL_MACRO_SELECT'
   49 | #define RBIMPL_MACRO_SELECT(x, y) x ## y
      |                                   ^
<scratch space>:60:1: note: expanded from here
   60 | rb_data_object_get_1
      | ^
/opt/homebrew/Cellar/ruby/4.0.3/include/ruby-4.0.0/ruby/internal/core/rdata.h:368:31: note: expanded from macro 'rb_data_object_get_1'
  368 | #define rb_data_object_get_1  rb_data_object_get_warning
      |                               ^
/opt/homebrew/Cellar/ruby/4.0.3/include/ruby-4.0.0/ruby/internal/core/rdata.h:317:1: note: 'rb_data_object_get_warning' has been explicitly marked deprecated here
  317 | RBIMPL_ATTRSET_UNTYPED_DATA_FUNC()
      | ^
/opt/homebrew/Cellar/ruby/4.0.3/include/ruby-4.0.0/ruby/internal/core/rdata.h:47:5: note: expanded from macro 'RBIMPL_ATTRSET_UNTYPED_DATA_FUNC'
   47 |     RBIMPL_ATTR_DEPRECATED(("by TypedData"))
      |     ^
/opt/homebrew/Cellar/ruby/4.0.3/include/ruby-4.0.0/ruby/internal/attr/deprecated.h:36:53: note: expanded from macro 'RBIMPL_ATTR_DEPRECATED'
   36 | # define RBIMPL_ATTR_DEPRECATED(msg) __attribute__((__deprecated__ msg))
      |                                                     ^
AbstractMemory.c:253:1: warning: 'rb_data_object_get_warning' is deprecated: by TypedData [-Wdeprecated-declarations]
  253 | NUM_OP(uint16, uint16_t, NUM2UINT, UINT2NUM, SWAPU16);
      | ^
AbstractMemory.c:118:5: note: expanded from macro 'NUM_OP'
  118 |     Data_Get_Struct(self, AbstractMemory, memory); \
      |     ^
/opt/homebrew/Cellar/ruby/4.0.3/include/ruby-4.0.0/ruby/internal/core/rdata.h:278:34: note: expanded from macro 'Data_Get_Struct'
  278 |     ((sval) = RBIMPL_CAST((type*)rb_data_object_get(obj)))
      |                                  ^
/opt/homebrew/Cellar/ruby/4.0.3/include/ruby-4.0.0/ruby/internal/core/rdata.h:370:31: note: expanded from macro 'rb_data_object_get'
  370 | #define rb_data_object_get    RUBY_MACRO_SELECT(rb_data_object_get_2, RUBY_UNTYPED_DATA_WARNING)
      |                               ^
note: (skipping 1 expansions in backtrace; use -fmacro-backtrace-limit=0 to see all)
/opt/homebrew/Cellar/ruby/4.0.3/include/ruby-4.0.0/ruby/internal/core/rdata.h:49:35: note: expanded from macro 'RBIMPL_MACRO_SELECT'
   49 | #define RBIMPL_MACRO_SELECT(x, y) x ## y
      |                                   ^
<scratch space>:66:1: note: expanded from here
   66 | rb_data_object_get_1
      | ^
/opt/homebrew/Cellar/ruby/4.0.3/include/ruby-4.0.0/ruby/internal/core/rdata.h:368:31: note: expanded from macro 'rb_data_object_get_1'
  368 | #define rb_data_object_get_1  rb_data_object_get_warning
      |                               ^
/opt/homebrew/Cellar/ruby/4.0.3/include/ruby-4.0.0/ruby/internal/core/rdata.h:317:1: note: 'rb_data_object_get_warning' has been explicitly marked deprecated here
  317 | RBIMPL_ATTRSET_UNTYPED_DATA_FUNC()
      | ^
/opt/homebrew/Cellar/ruby/4.0.3/include/ruby-4.0.0/ruby/internal/core/rdata.h:47:5: note: expanded from macro 'RBIMPL_ATTRSET_UNTYPED_DATA_FUNC'
   47 |     RBIMPL_ATTR_DEPRECATED(("by TypedData"))
      |     ^
/opt/homebrew/Cellar/ruby/4.0.3/include/ruby-4.0.0/ruby/internal/attr/deprecated.h:36:53: note: expanded from macro 'RBIMPL_ATTR_DEPRECATED'
   36 | # define RBIMPL_ATTR_DEPRECATED(msg) __attribute__((__deprecated__ msg))
      |                                                     ^
AbstractMemory.c:253:1: warning: 'rb_data_object_get_warning' is deprecated: by TypedData [-Wdeprecated-declarations]
  253 | NUM_OP(u:in5t:16, uint16_t, NUM2UINT, UINT2NUM, SWAPU16);
      | ^
AbstractMemory.c:126:5 note: expanded from macro 'RBIMPL_ATTRSET_UNTYPED_DATA_FUNC'
   47 |     RBIMPL_ATTR_DEPRECATED(("by TypedData"))
      |     ^
/opt/homebrew/Cellar/ruby/4.0.3/include/ruby-4.0.0/ruby/internal/attr/deprecated.h:36:53: note: expanded from macro 'RBIMPL_ATTR_DEPRECATED'
   36 | # define RBIMPL_ATTR_DEPRECATED(msg) : note: expanded from macro 'NUM_OP'
  126 |     Data_Get_Struct(self, AbstractMemory, memory); \
      |     ^
/opt/homebrew/Cellar/ruby/4.0.3/include/ruby-4.0.0/ruby/internal/core/rdata.h:278:34: note: expanded from macro 'Data_Get_Struct'
  278 |     ((sval) = RBIMPL_CAST((type*)rb_data_object_get(obj)))
      |                                  ^
/opt/homebrew/Cellar/ruby/4.0.3/include/ruby-4.0.0/ruby/internal/core/rdata.h:370:31: note: expanded from macro 'rb_data_object_get'
__attribute__((__depreca  370 | #define rb_data_object_get    RUBY_MACRO_SELECT(rb_data_object_get_2, RUBY_UNTYPED_DATA_WARNING)
      |                               ^
note: (skipping 1 expansions in backtrace; use -fmacro-backtrace-limit=0 to see all)
/opt/homebrew/Cellar/ruby/4.0.3/include/ruby-4.0.0/ruby/internal/core/rdata.h:49:35: note: expanded from macro 'RBIMPL_MACRO_SELECT'
   49 | #define RBIMPL_MACRO_SELECT(x, y) x ## y
      |                                   ^
<scratch space>:70:1: note: expanded from here
   70 | rb_data_object_get_1
      | ^
/opt/homebrew/Cellar/ruby/4.0.3/include/ruby-4.0.0/ruby/internal/core/rdata.h:368:31: note: expanded from macro 'rb_data_object_get_1'
  368 | #define rb_data_object_get_1  rb_data_object_get_warning
      |                               ^
/opt/homebrew/Cellar/ruby/4.0.3/include/ruby-4.0.0/ruby/internal/core/rdata.h:317:1: note: 'rb_data_object_get_warning' has been explicitly marked deprecated here
  317 | RBIMPL_ATTRSET_UNTYPED_DATA_FUNC()
      | ^
/opt/homebrew/Cellar/ruby/4.0.3/include/ruby-4.0.0/ruby/internal/core/rdata.h:47:5: note: expanded from macro 'RBIMPL_ATTRSET_UNTYPED_DATA_FUNC'
   47 |     RBIMPL_ATTR_DEPRECATED(("by TypedData"))
      |     ^
/opt/homebrew/Cellar/ruby/4.0.3/include/ruby-4.0.0/ruby/internal/attr/deprecated.h:36:53: note: expanded from macro 'RBIMPL_ATTR_DEPRECATED'
   36 | # define RBIMPL_ATTR_DEPRECATED(msg) __attribute__((__deprecated__ msg))
      |                                                     ^
AbstractMemory.c:254:1: warning: 'rb_data_object_get_warning' is deprecated: by TypedData [-Wdeprecated-declarations]
  254 | NUM_OP(int32, int32_t, NUM2INT, INT2NUM, SWAPS32);
      | ^
AbstractMemory.c:90:5: note: expanded from macro 'NUM_OP'
   90 |     Data_Get_Struct(self, AbstractMemory, memory); \
      |     ^
/opt/homebrew/Cellar/ruby/4.0.3/include/ruby-4.0.0/ruby/internal/core/rdata.h:278:34: note: expanded from macro 'Data_Get_Struct'
  278 |     ((sval) = RBIMPL_CAST((type*)rb_data_object_get(obj)))
      |                                  ^
/opt/homebrew/Cellar/ruby/4.0.3/include/ruby-4.0.0/ruby/internal/core/rdata.h:370:31: note: expanded from macro 'rb_data_object_get'
  370 | #define rb_data_object_get    RUBY_MACRO_SELECT(rb_data_object_get_2, RUBY_UNTYPED_DATA_WARNING)
      |                               ^
note: (skipping 1 expansions in backtrace; use -fmacro-backtrace-limit=0 to see all)
/opt/homebrew/Cellar/ruby/4.0.3/include/ruby-4.0.0/ruby/internal/core/rdata.h:49:35: note: expanded from macro 'RBIMPL_MACRO_SELECT'
   49 | #define RBIMPL_MACRO_SELECT(x, y) x ## y
      |                                   ^
<scratch space>:89:1: note: expanded from here
t   e89d__ msg))
      |                                                     ^
Buffer.c:200:5: warning: 'rb_data_object_get_warning' is deprecated: by TypedData [-Wdeprecated-declarations]
  200 |     Data_Get_Struct(self, Buffer, ptr);
      |     ^
/opt/homebrew/Cellar/ruby/4.0.3/include/ruby-4.0.0/ruby/internal/core/rdata.h:278:34: note: expanded from macro 'Data_Get_Struct'
  278 |     ((sval) = RBIMPL_CAST((type*)rb_data_object_get(obj)))
      |                                  ^
/opt/homebrew/Cellar/ruby/4.0.3/include/ruby-4.0.0/ruby/internal/core/rdata.h:370:31: note: expanded from macro 'rb_data_object_get'
  370 | #define rb_data_object_get    RUBY_MACRO_SELECT(rb_data_object_get_2, RUBY_UNTYPED_DATA_WARNING)
      |                               ^
/opt/homebrew/Cellar/ruby/4.0.3/include/ruby-4.0.0/ruby/internal/core/rdata.h:50:35: note: expanded from macro 'RUBY_MACRO_SELECT'
   50 | #define RUBY_MACRO_SELECT(x, y)   RBIMPL_MACRO_SELECT(x, y)
      |                                   ^
/opt/homebrew/Cellar/ruby/4.0.3/include/ruby-4.0.0/ruby/internal/core/rdata.h:49:35: note: expanded from macro 'RBIMPL_MACRO_SELECT'
   49 | #define RBIMPL_MACRO_SELECT(x, y) x ## y
      |                                   ^
<scratch space>:85:1: note: expanded from here
   85 | rb_data_object_get_1
      | ^
/opt/homebrew/Cellar/ruby/4.0.3/include/ruby-4.0.0/ruby/internal/core/rdata.h:368:31: note: expanded from macro 'rb_data_object_get_1'
  368 | #define rb_data_object_get_1  rb_data_object_get_warning
      |                               ^
/opt/homebrew/Cellar/ruby/4.0.3/include/ruby-4.0.0/ruby/internal/core/rdata.h:317:1: note: 'rb_data_object_get_warning' has been explicitly marked deprecated here
  317 | RBIMPL_ATTRSET_UNTYPED_DATA_FUNC()
      | ^
/opt/homebrew/Cellar/ruby/4.0.3/include/ruby-4.0.0/ruby/internal/core/rdata.h:47:5: note: expanded from macro 'RBIMPL_ATTRSET_UNTYPED_DATA_FUNC'
   47 |     RBIMPL_ATTR_DEPRECATED(("by TypedData"))
      |     ^
/opt/homebrew/Cellar/ruby/4.0.3/include/ruby-4.0.0/ruby/internal/attr/deprecated.h:36:53: note: expanded from macro 'RBIMPL_ATTR_DEPRECATED'
   36 | # define RBIMPL_ATTR_DEPRECATED(msg) __attribute__((__deprecated__ msg))
      |                                                     ^
Buffer.c:229:5: warning: 'rb_data_object_get_warning' is deprecated: by TypedData [-Wdeprecated-declarations]
  229 |     Data_Get_Struct(self, Buffer, ptr);
      |     ^
/opt/homebrew/Cellar/ruby/4.0.3/include/ruby-4.0.0/ruby/internal/core/rdata.h:278:34: note: expanded from macro 'Data_Get_Struct'
  278 |     ((sval) = RBIMPL_CAST((type*)rb_data_object_get(obj)))
      |                                  ^
/opt/homebrew/Cellar/ruby/4.0.3/include/ruby-4.0.0/ruby/internal/core/rdata.h:370:31: note: expanded from macro 'rb_data_object_get'
  370 | #define rb_data_object_get    RUBY_MACRO_SELECT(rb_data_object_get_2, RUBY_UNTYPED_DATA_WARNING)
      |                               ^
/opt/homebrew/Cellar/ruby/4.0.3/include/ruby-4.0.0/ruby/internal/core/rdata.h:50:35: note: expanded from macro 'RUBY_MACRO_SELECT'
   50 | #define RUBY_MACRO_SELECT(x, y)   RBIMPL_MACRO_SELECT(x, y)
      |                                   ^
/opt/homebrew/Cellar/ruby/4.0.3/include/ruby-4.0.0/ruby/internal/core/rdata.h:49:35: note: expanded from macro 'RBIMPL_MACRO_SELECT'
   49 | #define RBIMPL_MACRO_SELECT(x, y) x ## y
      |                                   ^
<scratch space>:86:1: note: expanded from here
   86 | rb_data_object_get_1
      | ^
/opt/homebrew/Cellar/ruby/4.0.3/include/ruby-4.0.0/ruby/internal/core/rdata.h:368:31: note: expanded from macro 'rb_data_object_get_1'
  368 | #define rb_data_object_get_1  rb_data_object_get_warning
      |                               ^
/opt/homebrew/Cellar/ruby/4.0.3/include/ruby-4.0.0/ruby/internal/core/rdata.h:317:1: note: 'rb_data_object_get_warning' has been explicitly marked deprecated here
  317 | RBIMPL_ATTRSET_UNTYPED_DATA_FUNC()
      | ^
/opt/homebrew/Cellar/ruby/4.0.3/include/ruby-4.0.0/ruby/internal/core/rdata.h:47:5: note: expanded from macro 'RBIMPL_ATTRSET_UNTYPED_DATA_FUNC'
   47 |     RBIMPL_ATTR_DEPRECATED(("by TypedData"))
      |     ^
/opt/homebrew/Cellar/ruby/4.0.3/include/ruby-4.0.0/ruby/internal/attr/deprecated.h:36:53: note: expanded from macro 'RBIMPL_ATTR_DEPRECATED'
   36 | # define RBIMPL_ATTR_DEPRECATED(msg) __attribute__((__deprecated__ msg))
      |                                                     ^
Buffer.c:258:5: warning: 'rb_data_object_get_warning' is deprecated: by TypedData [-Wdeprecated-declarations]
  258 |     Data_Get_Struct(self, Buffer, ptr);
      |     ^
/opt/homebrew/Cellar/ruby/4.0.3/include/ruby-4.0.0/ruby/internal/core/rdata.h:278:34: note: expanded from macro 'Data_Get_Struct'
  278 |     ((sval) = RBIMPL_CAST((type*)rb_data_object_get(obj)))
      |                                  ^
/opt/homebrew/Cellar/ruby/4.0.3/include/ruby-4.0.0/ruby/internal/core/rdata.h:370:31: note: expanded from macro 'rb_data_object_get'
  370 | #define rb_data_object_get    RUBY_MACRO_SELECT(rb_data_object_get_2, RUBY_UNTYPED_DATA_WARNING)
      |                               ^
/opt/homebrew/Cellar/ruby/4.0.3/include/ruby-4.0.0/ruby/internal/core/rdata.h:50:35: note: expanded from macro 'RUBY_MACRO_SELECT'
   50 | #define RUBY_MACRO_SELECT(x, y)   RBIMPL_MACRO_SELECT(x, y)
      |                                   ^
/opt/homebrew/Cellar/ruby/4.0.3/include/ruby-4.0.0/ruby/internal/core/rdata.h:49:35: note: expanded from macro 'RBIMPL_MACRO_SELECT'
   49 | #define RBIMPL_MACRO_SELECT(x, y) x ## y
      |                                   ^
<scratch space>:87:1: note: expanded from here
   87 | rb_data_object_get_1
      | ^
/opt/homebrew/Cellar/ruby/4.0.3/include/ruby-4.0.0/ruby/internal/core/rdata.h:368:31: note: expanded from macro 'rb_data_object_get_1'
  368 | #define rb_data_object_get_1  rb_data_object_get_warning
      |                               ^
/opt/homebrew/Cellar/ruby/4.0.3/include/ruby-4.0.0/ruby/internal/core/rdata.h:317:1: note: 'rb_data_object_get_warning' has been explicitly marked deprecated here
  317 | RBIMPL_ATTRSET_UNTYPED_DATA_FUNC()
      | ^
/opt/homebrew/Cellar/ruby/4.0.3/include/ruby-4.0.0/ruby/internal/core/rdata.h:47:5: note: expanded from macro 'RBIMPL_ATTRSET_UNTYPED_DATA_FUNC'
   47 |     RBIMPL_ATTR_DEPRECATED(("by TypedData"))
      |     ^
/opt/homebrew/Cellar/ruby/4.0.3/include/ruby-4.0.0/ruby/internal/attr/deprecated.h:36:53: note: expanded from macro 'RBIMPL_ATTR_DEPRECATED'
   36 | # define RBIMPL_ATTR_DEPRECATED(msg) __attribute__((__deprecated__ msg))
      |                                                     ^
ArrayType.c:87:5: warning: 'rb_data_object_get_warning' is deprecated: by TypedData [-Wdeprecated-declarations]
   87 |     Data_Get_Struct(self, ArrayType, array);
      |     ^
/opt/homebrew/Cellar/ruby/4.0.3/include/ruby-4.0.0/ruby/internal/core/rdata.h:278:34: note: expanded from macro 'Data_Get_Struct'
  278 |     ((sval) = RBIMPL_CAST((type*)rb_data_object_get(obj)))
      |                                  ^
/opt/homebrew/Cellar/ruby/4.0.3/include/ruby-4.0.0/ruby/internal/core/rdata.h:370:31: note: expanded from macro 'rb_data_object_get'
  370 | #define rb_data_object_get    RUBY_MACRO_SELECT(rb_data_object_get_2, RUBY_UNTYPED_DATA_WARNING)
      |                               ^
/opt/homebrew/Cellar/ruby/4.0.3/include/ruby-4.0.0/ruby/internal/core/rdata.h:50:35: note: expanded from macro 'RUBY_MACRO_SELECT'
   50 | #define RUBY_MACRO_SELECT(x, y)   RBIMPL_MACRO_SELECT(x, y)
      |                                   ^
/opt/homebrew/Cellar/ruby/4.0.3/include/ruby-4.0.0/ruby/internal/core/rdata.h:49:35: note: expanded from macro 'RBIMPL_MACRO_SELECT'
   49 | #define RBIMPL_MACRO_SELECT(x, y) x ## y
      |                                   ^
<scratch space>:82:1: note: expanded from here
   82 | rb_data_object_get_1
      | ^
/opt/homebrew/Cellar/ruby/4.0.3/include/ruby-4.0.0/ruby/internal/core/rdata.h:368:31: note: expanded from macro 'rb_data_object_get_1'
  368 | #define rb_data_object_get_1  rb_data_object_get_warning
      |                               ^
/opt/homebrew/Cellar/ruby/4.0.3/include/ruby-4.0.0/ruby/internal/core/rdata.h:317:1: note: 'rb_data_object_get_warning' has been explicitly marked deprecated here
  317 | RBIMPL_ATTRSET_UNTYPED_DATA_FUNC()
      | ^
/opt/homebrew/Cellar/ruby/4.0.3/include/ruby-4.0.0/ruby/internal/core/rdata.h:47:5: note: expanded from macro 'RBIMPL_ATTRSET_UNTYPED_DATA_FUNC'
   47 |     RBIMPL_ATTR_DEPRECATED(("by TypedData"))
      |     ^
/opt/homebrew/Cellar/ruby/4.0.3/include/ruby-4.0.0/ruby/internal/attr/deprecated.h:36:53: note: expanded from macro 'RBIMPL_ATTR_DEPRECATED'
   36 | # define RBIMPL_ATTR_DEPRECATED(msg) __attribute__((__deprecated__ msg))
      |                                                     ^
ArrayType.c:91:5: warning: 'rb_data_object_get_warning' is deprecated: by TypedData [-Wdeprecated-declarations]
   91 |     Data_Get_Struct(rbComponentType, Type, array->componentType);
      |     ^
/opt/homebrew/Cellar/ruby/4.0.3/include/ruby-4.0.0/ruby/internal/core/rdata.h:278:34: note: expanded from macro 'Data_Get_Struct'
  278 |     ((sval) = RBIMPL_CAST((type*)rb_data_object_get(obj)))
      |                                  ^
/opt/homebrew/Cellar/ruby/4.0.3/include/ruby-4.0.0/ruby/internal/core/rdata.h:370:31: note: expanded from macro 'rb_data_object_get'
  370 | #define rb_data_object_get    RUBY_MACRO_SELECT(rb_data_object_get_2, RUBY_UNTYPED_DATA_WARNING)
      |                               ^
/opt/homebrew/Cellar/ruby/4.0.3/include/ruby-4.0.0/ruby/internal/core/rdata.h:50:35: note: expanded from macro 'RUBY_MACRO_SELECT'
   50 | #define RUBY_MACRO_SELECT(x, y)   RBIMPL_MACRO_SELECT(x, y)
      |                                   ^
/opt/homebrew/Cellar/ruby/4.0.3/include/ruby-4.0.0/ruby/internal/core/rdata.h:49:35: note: expanded from macro 'RBIMPL_MACRO_SELECT'
   49 | #define RBIMPL_MACRO_SELECT(x, y) x ## y
      |                                   ^
<scratch space>:83:1: note: expanded from here
   83 | rb_data_object_get_1
      | ^
/opt/homebrew/Cellar/ruby/4.0.3/include/ruby-4.0.0/ruby/internal/core/rdata.h:368:31: note: expanded from macro 'rb_data_object_get_1'
  368 | #define rb_data_object_get_1  rb_data_object_get_warning
      |                               ^
/opt/homebrew/Cellar/ruby/4.0.3/include/ruby-4.0.0/ruby/internal/core/rdata.h:317:1: note: 'rb_data_object_get_warning' has been explicitly marked deprecated here
  317 | RBIMPL_ATTRSET_UNTYPED_DATA_FUNC()
      | ^
/opt/homebrew/Cellar/ruby/4.0.3/include/ruby-4.0.0/ruby/internal/core/rdata.h:47:5: note: expanded from macro 'RBIMPL_ATTRSET_UNTYPED_DATA_FUNC'
   47 |     RBIMPL_ATTR_DEPRECATED(("by TypedData"))
      |     ^
/opt/homebrew/Cellar/ruby/4.0.3/include/ruby-4.0.0/ruby/internal/attr/deprecated.h:36:53: note: expanded from macro 'RBIMPL_ATTR_DEPRECATED'
   36 | # define RBIMPL_ATTR_DEPRECATED(msg) __attribute__((__deprecated__ msg))
      |                                                     ^
 | rb_data_object_get_1
      | ArrayType.c^
/opt/homebrew/Cellar/ruby/4.0.3/include/ruby-4.0.0/ruby/internal/core/rdata.h:368:31: note: expanded from macro 'rb_data_object_get_1'
  368 | #define rb_data_object_get_1  rb_data_object_get_warning
      |                               ^
/opt/homebrew/Cellar/ruby/4.0.3/include/ruby-4.0.0/ruby/internal/core/rdata.h:317:1: note: 'rb_data_object_get_warning' has been explicitly marked deprecated here
  317 | RBIMPL_ATTRSET_UNTYPED_DATA_FUNC()
      | ^
/opt/homebrew/Cellar/ruby/4.0.3/include/ruby-4.0.0/ruby/internal/core/rdata.h:47:5: note: expanded from macro 'RBIMPL_ATTRSET_UNTYPED_DATA_FUNC'
   47 |     RBIMPL_ATTR_DEPRECATED(("by TypedData"))
      |     ^
/opt/homebrew/Cellar/ruby/4.0.3/include/ruby-4.0.0/ruby/internal/attr/deprecated.h:36:53: note: expanded from macro 'RBIMPL_ATTR_DEPRECATED'
   36 | # define RBIMPL_ATTR_DEPRECATED(msg) __attribute__((__deprecated__ msg))
      |                                                     ^
AbstractMemory.c:254:1: warning: 'rb_data_object_get_warning' is deprecated: by TypedData [-Wdeprecated-declarations]
  254 | NUM_OP(int32, int32_t, NUM2INT, INT2NUM, SWAPS32);
      | ^
AbstractMemory.c:99:5: note: expanded from macro 'NUM_OP'
   99 |     Data_Get_Struct(self, AbstractMemory, memory); \
      |     ^
/opt/homebrew/Cellar/ruby/4.0.3/include/ruby-4.0.0/ruby/internal/core/rdata.h:278:34: note: expanded from macro 'Data_Get_Struct'
  278 |     ((sval) = RBIMPL_CAST((type*)rb_data_object_get(obj)))
      |                                  ^
/opt/homebrew/Cellar/ruby/4.0.3/include/ruby-4.0.0/ruby/internal/core/rdata.h:370:31: note: expanded from macro 'rb_data_object_get'
Buffer.c  :370 | #:115:5define rb_data_object_get    RUBY_MACRO_SELECT(rb_data_object_get_2, RUBY_UNTYPED_DATA_WARNING)
      282:| 13:                               ^
warning: 'rb_data_object_get_warning' is deprecated: by TypedData [-Wdeprecated-declarations]
note: (skipping 1 expansions in backtrace; use -fmacro-backtrace-limit=0 to see all)
/opt/homebrew/Cellar/ruby/4.0.3/include/ruby-4.0.0/ruby/internal/core/rdata.h:  282 |             Data_Get_Struct(retval, Buffer, p2);
      |             ^
/opt/homebrew/Cellar/ruby/4.0.3/include/ruby-4.0.0/ruby/internal/core/rdata.h:278:34: note: expanded from macro 'Data_Get_Struct'
  278 | 49 :   ((sval) = RBIMPL_CAST((type*)rb_data35: note: expanded from macro 'RBIMPL_MACRO_SELECT'
   49 | #define RBIMPL_MACRO_SELECT(x, y) x ## y
      |                                   ^
<scratch space>:93:1: note: expanded from here
   93 | rb_data_object_get_1
      | ^
/opt/homebrew/Cellar/ruby/4.0.3/include/ruby-4.0.0/ruby/internal/core/rdata.h:368:31: note: expanded from macro 'rb_data_object_get_1'
  368 | #define rb_data_object_get_1  rb_data_object_get_warning
      |                               ^
/opt/homebrew/Cellar/ruby/4.0.3/include/ruby-4.0.0/ruby/internal/core/rdata.h:317:1: note: 'rb_data_object_get_warning' has been explicitly marked deprecated here
  317 | RBIMPL_ATTRSET_UNTYPED_DATA_FUNC()
      | ^
/opt/homebrew/Cellar/ruby/4.0.3/include/ruby-4.0.0/ruby/internal/core/rdata.h:47:5: note: expanded from macro 'RBIMPL_ATTRSET_UNTYPED_DATA_FUNC'
   47 |     RBIMPL_ATTR_DEPRECATED(("by TypedData"))
      |     ^
/opt/homebrew/Cellar/ruby/4.0.3/include/ruby-4.0.0/ruby/internal/attr/deprecated.h:36:53: note: expanded from macro 'RBIMPL_ATTR_DEPRECATED'
   36 | # define RBIMPL_ATTR_DEPRECATED(msg) __attribute__((__deprecated__ msg))
      |                                                     ^
AbstractMemory.c:254:1: warning: 'rb_data_object_get_warning' is deprecated: by TypedData [-Wdeprecated-declarations]
  254 | NUM_OP(int32, int32_t, NUM2INT, INT2NUM, SWAPS32);
      | ^
AbstractMemory.c:118:5: note: expanded from macro 'NUM_OP'
  118 |     Data_Get_Struct(self, AbstractMemory, memory); \
      |     ^
/opt/homebrew/Cellar/ruby/4.0.3/include/ruby-4.0.0/ruby/internal/core/rdata.h:278:34: note: expanded from macro 'Data_Get_Struct'
  278 |     ((sval) = RBIMPL_CAST((type*)rb_data_object_get(obj)))
      |                                  ^
/opt/homebrew/Cellar/ruby/4.0.3/include/ruby-4.0.0/ruby/internal/core/rdata.h:370:31: note: expanded from macro 'rb_data_object_get'
  370 | #define rb_data_object_get    RUBY_MACRO_SELECT(rb_data_object_get_2, RUBY_UNTYPED_DATA_WARNING)
      |                               ^
note: (skipping 1 expansions in backtrace; use -fmacro-backtrace-limit=0 to see all)
/opt/homebrew/Cellar/ruby/4.0.3/include/ruby-4.0.0/ruby/internal/core/rdata.h:49:35: note: expanded from macro 'RBIMPL_MACRO_SELECT'
   49 | #define RBIMPL_MACRO_SELECT(x, y) x ## y
      |                                   ^
<scratch space>:99:1: note: expanded from here
   99 | rb_data_object_get_1
      | ^
_/opt/homebrew/Cellar/ruby/4.0.3/include/ruby-4.0.0/ruby/internal/core/rdata.ho:b368j:e31c:t _note: gexpanded from macro 'rb_data_object_get_1'e
t(ob  j368) | )#)d
e      f| i                                 ^n
e rb_data_obj/opt/homebrew/Cellar/ruby/4.0.3/include/ruby-4.0.0/ruby/internal/core/rdata.h:370:31: note: expanded from macro 'rb_data_object_get'
  370 | #define rb_data_object_get: warning: 'rb_data_object_get_warning' is deprecated: by TypedData [-Wdeprecated-declarations]
  115 |     Data_Get_Struct(self, ArrayType, array);
      |     ^
/opt/homebrew/Cellar/ruby/4.0.3/include/ruby-4.0.0/ruby/internal/core/rdata.h:278:34: note: expanded from macro 'Data_Get_Struct'
  278 |     ((sval) = RBIMPL_CAST((type*)rb_data_object_get(obj)))
      |                                  ^
/opt/homebrew/Cellar/ruby/4.0.3/include/ruby-4.0.0/ruby/internal/core/rdata.h:370:31: note: expanded from macro 'rb_data_object_get'
  370 | #define rb_data_object_get    RUBY_MACRO_SELECT(rb_data_object_get_2, RUBY_UNTYPED_DATA_WARNING)
      |                               ^
/opt/homebrew/Cellar/ruby/4.0.3/include/ruby-4.0.0/ruby/internal/core/rdata.h:50:35: note: expanded from macro 'RUBY_MACRO_SELECT'
   50 | #define RUBY_MACRO_SELECT(x, y)   RBIMPL_MACRO_SELECT(x, y)
      |                                   ^
/opt/homebrew/Cellar/ruby/4.0.3/include/ruby-4.0.0/ruby/internal/core/rdata.h:49:35: note: expanded from macro 'RBIMPL_MACRO_SELECT'
   49 | #define RBIMPL_MACRO_SELECT(x, y) x ## y
      |                                   ^
<scratch space>:84:1: note: expanded from here
   84 | rb_data_object_get_1
      | ^
/opt/homebrew/Cellar/ruby/4.0.3/include/ruby-4.0.0/ruby/internal/core/rdata.h:368:31: note: expanded from macro 'rb_data_object_get_1'
  368 | #define rb_data_object_get_1  rb_data_object_get_warning
      |                               ^
/opt/homebrew/Cellar/ruby/4.0.3/include/ruby-4.0.0/ruby/internal/core/rdata.h:317:1: note: 'rb_data_object_get_warning' has been explicitly marked deprecated here
  317 | RBIMPL_ATTRSET_UNTYPED_DATA_FUNC()
      | ^
/opt/homebrew/Cellar/ruby/4.0.3/include/ruby-4.0.0/ruby/internal/core/rdata.h:47:5:ect_get_1  rb_data_object_get_warning
      |                               ^
/opt/homebrew/Cellar/ruby/4.0.3/include/ruby-4.0.0/ruby/internal/core/rdata.h:317:1: note: 'rb_data_object_get_warning' has been explicitly marked deprecated here
  317 | RBIMPL_ATTRSET_UNTYPED_DATA_FUNC()
      | ^
/opt/homebrew/Cellar/ruby/4.0.3/include/ruby-4.0.0/ruby/internal/core/rdata.h:47:5: note: expanded from macro 'RBIMPL_ATTRSET_UNTYPED_DATA_FUNC'
   47 |     RBIMPL_ATTR   note: expanded from macro 'RBIMPL_ATTRSET_UNTYPED_DATA_FUNC'
   47 |     RBIMPL_ATTR_DEPRECATED_ DEPRE CRAUTBEYD_(M(A"CbRyO _TSyEpLeEdCDTa(trab"_)d)a
t      a| _    ^o
bject_get_2, RUB/opt/homebrew/Cellar/ruby/4.0.3/include/ruby-4.0.0/ruby/internal/attr/deprecated.hY:_36U:N53T:Y Pnote: Eexpanded from macro 'RBIMPL_ATTR_DEPRECATED'D
_DATA_WARNI   N36G | )#
       d| e                              ^f
ine RBIMPL_AT/opt/homebrew/Cellar/ruby/4.0.3/include/ruby-4.0.0/ruby/internal/core/rdata.hT:R50_:D35E:P Rnote: Eexpanded from macro 'RUBY_MACRO_SELECT'C
ATED(msg   50 | #define ((")by  _T_yaptetdrDiabtuat"e)_)_
(      (| _    ^_
deprecated_/opt/homebrew/Cellar/ruby/4.0.3/include/ruby-4.0.0/ruby/internal/attr/deprecated.h_: 36m:s53g:) )note: 
expanded from macro 'RBIMPL_ATTR_DEPRECATED'      
|                                                     ^
   36 | # define RBIMPL_ATTR_DEPRECATED(msg) __attribute__((__deprecated__ msg))
      |                                                     ^
RUBY_MACRO_SELECT(x, y)   RBIMPL_MACRO_SELECT(x, y)
      |                                   ^
/opt/homebrew/Cellar/ruby/4.0.3/include/ruby-4.0.0/ruby/internal/core/rdata.h:49:35: note: expanded from macro 'RBIMPL_MACRO_SELECT'
   49 | #define RBIMPLArrayType.c_:M130A:C5R:O _warning: S'rb_data_object_get_warning' is deprecated: by TypedData [-Wdeprecated-declarations]E
LECT(x  ,130  | y )   x  D#a#t ay_
G      e| t                                  ^_
Struct(self, A<scratch space>r:r88a:y1T:y pnote: eexpanded from here,
 array);
      |     ^
   88 | rb/opt/homebrew/Cellar/ruby/4.0.3/include/ruby-4.0.0/ruby/internal/core/rdata.h_:d278a:t34a:_ onote: bexpanded from macro 'Data_Get_Struct'j
ect_get  _2781 | 
        |  ^ 
((sv/opt/homebrew/Cellar/ruby/4.0.3/include/ruby-4.0.0/ruby/internal/core/rdata.h:368:31: note: expanded from macro 'rb_data_object_get_1'
  368 | #define rb_data_object_get_1  rb_data_object_get_warning
      |                               ^
/opt/homebrew/Cellar/ruby/4.0.3/include/ruby-4.0.0/ruby/internal/core/rdata.h:a317:l1):  =note:  'rb_data_object_get_warning' has been explicitly marked deprecated hereR
BIMPL_CAST((type*)rb_dat  a317 | RBIM_PoLb_jAeTcTtR_SgEeTt_(UoNbTjY)P)E)D
_      D| A                                 ^T
A_FU/opt/homebrew/Cellar/ruby/4.0.3/include/ruby-4.0.0/ruby/internal/core/rdata.hN:C370(:)31
:       | note: ^expanded from macro 'rb_data_object_get'

/opt/homebrew/Cellar/ruby/4.0.3/include/ruby-4.0.0/ruby/internal/core/rdata.h:47:5: note: expanded from macro 'RBIMPL_ATTRSET_UNTYPED_DATA_FUNC'
   47 |     RBIMP  370 | #L_deATTR_DEPRECfiATED(("bne rby_ dTaytpae_doDbajteac"t)_)g
e      t|      ^ 
  RUBY_/opt/homebrew/Cellar/ruby/4.0.3/include/ruby-4.0.0/ruby/internal/attr/deprecated.hM:A36C:R53O:_ Snote: Eexpanded from macro 'RBIMPL_ATTR_DEPRECATED'L
ECT(rb_dat   a36_ | o#b jdeecfti_ngeet_2, RUBY_UNTYPED_DATA_WARNING)
      |                               ^
/opt/homebrew/Cellar/ruby/4.0.3/include/ruby-4.0.0/ruby/internal/core/rdata.h:50:35: note: expanded from macro 'RUBY_MACRO_SELECT'AbstractMemory.c
:254:1:    RBIMPL_ATTR_DEPRECATED(msg) __attribute__((__d warning: 'rb_data_object_get_warning' is deprecated: by TypedData [-Wdeprecated-declarations]
eprec  254a | ted50__ msg))
      |                                                     ^
 | #define RUBY_MACRO_SELECT(x, y)   RBIMPL_MACRO_SELECT(x, y)
      |                                   ^
NUM_OP(int32, int32_t, NUM2INT, IBuffer.cN:T2N/opt/homebrew/Cellar/ruby/4.0.3/include/ruby-4.0.0/ruby/internal/core/rdata.h:49:35: note: expanded from macro 'RBIMPL_MACRO_SELECT'
   49 | #deUM, SWAPSfine 32);
      | ^
AbstractMemory.cR:B126:5: note: expanded from macro 'NUM_OP'
I  126 |     Data_Get_Struct(self, AbstractMemory, memory); \
      |     ^
MPL_MACRO_SEL297E/opt/homebrew/Cellar/ruby/4.0.3/include/ruby-4.0.0/ruby/internal/core/rdata.hCT:278:34: note: expanded from macro 'Data_Get_Struct'
(x, y  )278 |     ((sval) = RBIMPL_CAST((type*)rb_data_object_get(obj)))
      |                                  ^
/opt/homebrew/Cellar/ruby/4.0.3/include/ruby-4.0.0/ruby/internal/core/rdata.h :x370:31: note: expanded from macro 'rb_data_object_get'
 ##   y370 | #define rb_data_object_get    RUBY_MACRO_SELECT(rb_data_object_get_2, RUBY_UNTYPED_DATA_WARNING)
      |                               ^
note: (skipping 1 expansions in backtrace; use -fmacro-backtrace-limit=0 to see all)

/opt/homebrew/Cellar/ruby/4.0.3/include/ruby-4.0.0/ruby/internal/core/rdata.h      |                                   ^
<scratch space>:85:1:49:35:: note: expanded from here
   85 |  note: expanded from macro 'RBIMPL_MACRO_SELECT'
   49 | #derb_data_object_fine RBIMPL_MAgCRO_eStELECT(x, y) x ## y
      |                                   ^
_1<scratch space>:103:1: note: expanded from here

      | ^
/opt/homebrew/Cellar/ruby/4.0.3/include/ruby-4.0.0/ruby/internal/core/rdata.h:368:31: note: expanded from macro 'rb_data_object_get_1'
    103368 | rb_data_object_get_1
      | ^
/opt/homebrew/Cellar/ruby/4.0.3/include/ruby-4.0.0/ruby/internal/core/rdata.h | :#368:31: note: expanded from macro 'rb_data_object_get_1'
d  e368 | :f#idenfe rb_data_object_get_1  rb_data_object_get_warning
      |                               ^
ine rb_data_object/opt/homebrew/Cellar/ruby/4.0.3/include/ruby-4.0.0/ruby/internal/core/rdata.h:317:1: note: 'rb_data_object_get_warning' has been explicitly marked deprecated here
_  317 | RBIMPL_ATTRSET_UNTYPED_DATA_FUNC()
      | ^
/opt/homebrew/Cellar/ruby/4.0.3/include/ruby-4.0.0/ruby/internal/core/rdata.hg:47:5et_1: note: expanded from macro 'RBIMPL_ATTRSET_UNTYPED_DATA_FUNC'
    47 |     RBIMPL_ATTR_DEPRECATED(("by TypedData"))
      |     ^
/opt/homebrew/Cellar/ruby/4.0.3/include/ruby-4.0.0/ruby/internal/attr/deprecated.h :r36:53: note: expanded from macro 'RBIMPL_ATTR_DEPRECATED'
b_data_object_get_warning
      |                               ^   36 | 
/opt/homebrew/Cellar/ruby/4.0.3/include/ruby-4.0.0/ruby/internal/core/rdata.h:317:#1: note: 'rb_data_object_get_warning' has been explicitly marked deprecated here
  317 | RBIM define RBIMPLPL_ATTRSET_UNTYPED_DATA_FUNC()
      | ^
/opt/homebrew/Cellar/ruby/4.0.3/include/ruby-4.0.0/ruby/internal/core/rdata.h5:: 47_:A5: note: expanded from macro 'RBIMPL_ATTRSET_UNTYPED_DATA_FUNC'
   T47 |     RBIMPL_ATTR_DEPRECATED(("by TypedData"))
      |     ^
/opt/homebrew/Cellar/ruby/4.0.3/include/ruby-4.0.0/ruby/internal/attr/deprecated.h:36:53: note: expanded from macro 'RBIMPL_ATTR_DEPRECATED'
   36 | # define RBIMPL_ATR_DEPRECTTR_DEPRECATEDATED(msg) __attribute__((__depr(ecmsgate) __dat_t_r imbsugt)e)_
_      (| (                                                    ^_
_deprecated__ msg))
      |                                                     ^
warning: 'rb_data_object_get_warning' is deprecated: by TypedData [-Wdeprecated-declarations]
  297 |     Data_Get_Struct(self, Buffer, ptr);
      |     ^
/opt/homebrew/Cellar/ruby/4.0.3/include/ruby-4.0.0/ruby/internal/core/rdata.h:278:34: note: expanded from macro 'Data_Get_Struct'
  278 |     ((sval) = RBIMPL_CAST((type*)rb_data_object_get(obj)))
      |                                  ^
/opt/homebrew/Cellar/ruby/4.0.3/include/ruby-4.0.0/ruby/internal/core/rdata.h:370:31: note: expanded from macro 'rb_data_object_get'
  370 | #define rb_data_object_get    RUBY_MACRO_SELECT(rb_data_object_get_2, RUBY_UNTYPED_DATA_WARNING)
      |                               ^
/opt/homebrew/Cellar/ruby/4.0.3/include/ruby-4.0.0/ruby/internal/core/rdata.h:50:35: note: expanded from macro 'RUBY_MACRO_SELECT'
   50 | #define RUBY_MACRO_SELECT(x, y)   RBIMPL_MACRO_SELECT(x, y)
      |                                   ^
/opt/homebrew/Cellar/ruby/4.0.3/include/ruby-4.0.0/ruby/internal/core/rdata.h:49:35: note: expanded from macro 'RBIMPL_MACRO_SELECT'
   49 | #define RBIMPL_MACRO_SELECT(x, y) x ## y
      |                                   ^
<scratch space>:89:1: note: expanded from here
   89 | rb_data_object_get_1
      | ^
/opt/homebrew/Cellar/ruby/4.0.3/include/ruby-4.0.0/ruby/internal/core/rdata.h:368:31: note: expanded from macro 'rb_data_object_get_1'
  368 | #define rb_data_object_get_1  rb_data_object_get_warning
      |                               ^
/opt/homebrew/Cellar/ruby/4.0.3/include/ruby-4.0.0/ruby/internal/core/rdata.h:317:1: note: 'rb_data_object_get_warning' has been explicitly marked deprecated here
  317 | RBIMPL_ATTRSET_UNTYPED_DATA_FUNC()
      | ^
/opt/homebrew/Cellar/ruby/4.0.3/include/ruby-4.0.0/ruby/internal/core/rdata.h:47:5: note: expanded from macro 'RBIMPL_ATTRSET_UNTYPED_DATA_FUNC'
   47 |     RBIMPL_ATTR_DEPRECATED(("by TypedData"))
      |     ^
/opt/homebrew/Cellar/ruby/4.0.3/include/ruby-4.0.0/ruby/internal/attr/deprecated.h:36:53: note: expanded from macro 'RBIMPL_ATTR_DEPRECATED'
   36 | # define RBIMPL_ATTR_DEPRECATED(msg) __attribute__((__deprecated__ msg))
      |                                                     ^
AbstractMemory.c:255:1: warning: 'rb_data_object_get_warning' is deprecated: by TypedData [-Wdeprecated-declarations]
  255 | NUM_OP(uint32, uint32_t, NUM2UINT, UINT2NUM, SWAPU32);
      | ^
AbstractMemory.c:90:5: note: expanded from macro 'NUM_OP'
   90 |     Data_Get_Struct(self, AbstractMemory, memory); \
      |     ^
/opt/homebrew/Cellar/ruby/4.0.3/include/ruby-4.0.0/ruby/internal/core/rdata.h:278:34: note: expanded from macro 'Data_Get_Struct'
  278 |     ((sval) = RBIMPL_CAST((type*)rb_data_object_get(obj)))
      |                                  ^
/opt/homebrew/Cellar/ruby/4.0.3/include/ruby-4.0.0/ruby/internal/core/rdata.h:370:31: note: expanded from macro 'rb_data_object_get'
  370 | #define rb_data_object_get    RUBY_MACRO_SELECT(rb_data_object_get_2, RUBY_UNTYPED_DATA_WARNING)
      |                               ^
note: (skipping 1 expansions in backtrace; use -fmacro-backtrace-limit=0 to see all)
/opt/homebrew/Cellar/ruby/4.0.3/include/ruby-4.0.0/ruby/internal/core/rdata.h:49:35: note: expanded from macro 'RBIMPL_MACRO_SELECT'
   49 | #define RBIMPL_MACRO_SELECT(x, y) x ## y
      |                                   ^
<scratch space>:122:1: note: expanded from here
  122 | rb_data_object_get_1
      | ^
/opt/homebrew/Cellar/ruby/4.0.3/include/ruby-4.0.0/ruby/internal/core/rdata.h:368:31: note: expanded from macro 'rb_data_object_get_1'
  368 | #define rb_data_object_get_1  rb_data_object_get_warning
      |                               ^
/opt/homebrew/Cellar/ruby/4.0.3/include/ruby-4.0.0/ruby/internal/core/rdata.h:317:1: note: 'rb_data_object_get_warning' has been explicitly marked deprecated here
  317 | RBIMPL_ATTRSET_UNTYPED_DATA_FUNC()
      | ^
/opt/homebrew/Cellar/ruby/4.0.3/include/ruby-4.0.0/ruby/internal/core/rdata.h:47:5: note: expanded from macro 'RBIMPL_ATTRSET_UNTYPED_DATA_FUNC'
   47 |     RBIMPL_ATTR_DEPRECATED(("by TypedData"))
      |     ^
/opt/homebrew/Cellar/ruby/4.0.3/include/ruby-4.0.0/ruby/internal/attr/deprecated.h:36:53: note: expanded from macro 'RBIMPL_ATTR_DEPRECATED'
   36 | # define RBIMPL_ATTR_DEPRECATED(msg) __attribute__((__deprecated__ msg))
      |                                                     ^
AbstractMemory.c:255:1: warning: 'rb_data_object_get_warning' is deprecated: by TypedData [-Wdeprecated-declarations]
  255 | NUM_OP(uint32, uint32_t, NUM2UINT, UINT2NUM, SWAPU32);
      | ^
AbstractMemory.c:99:5: note: expanded from macro 'NUM_OP'
   99 |     Data_Get_Struct(self, AbstractMemory, memory); \
      |     ^
/opt/homebrew/Cellar/ruby/4.0.3/include/ruby-4.0.0/ruby/internal/core/rdata.h:278:34: note: expanded from macro 'Data_Get_Struct'
  278 |     ((sval) = RBIMPL_CAST((type*)rb_data_object_get(obj)))
      |                                  ^
/opt/homebrew/Cellar/ruby/4.0.3/include/ruby-4.0.0/ruby/internal/core/rdata.h:370:31: note: expanded from macro 'rb_data_object_get'
  370 | #define rb_data_object_get    RUBY_MACRO_SELECT(rb_data_object_get_2, RUBY_UNTYPED_DATA_WARNING)
      |                               ^
note: (skipping 1 expansions in backtrace; use -fmacro-backtrace-limit=0 to see all)
/opt/homebrew/Cellar/ruby/4.0.3/include/ruby-4.0.0/ruby/internal/core/rdata.h:49:35: note: expanded from macro 'RBIMPL_MACRO_SELECT'
   49 | #define RBIMPL_MACRO_SELECT(x, y) x ## y
      |                                   ^
<scratch space>:126:1: note: expanded from here
  126 | rb_data_object_get_1
      | ^
/opt/homebrew/Cellar/ruby/4.0.3/include/ruby-4.0.0/ruby/internal/core/rdata.h:368:31: note: expanded from macro 'rb_data_object_get_1'
  368 | #define rb_data_object_get_1  rb_data_object_get_warning
      |                               ^
/opt/homebrew/Cellar/ruby/4.0.3/include/ruby-4.0.0/ruby/internal/core/rdata.h:317:1: note: 'rb_data_object_get_warning' has been explicitly marked deprecated here
  317 | RBIMPL_ATTRSET_UNTYPED_DATA_FUNC()
      | ^
/opt/homebrew/Cellar/ruby/4.0.3/include/ruby-4.0.0/ruby/internal/core/rdata.h:47:5: note: expanded from macro 'RBIMPL_ATTRSET_UNTYPED_DATA_FUNC'
   47 |     RBIMPL_ATTR_DEPRECATED(("by TypedData"))
      |     ^
/opt/homebrew/Cellar/ruby/4.0.3/include/ruby-4.0.0/ruby/internal/attr/deprecated.h:36:53: note: expanded from macro 'RBIMPL_ATTR_DEPRECATED'
   36 | # define RBIMPL_ATTR_DEPRECATED(msg) __attribute__((__deprecated__ msg))
      |                                                     ^
AbstractMemory.c:255:1: warning: 'rb_data_object_get_warning' is deprecated: by TypedData [-Wdeprecated-declarations]
  255 | NUM_OP(uint32, uint32_t, NUM2UINT, UINT2NUM, SWAPU32);
      | ^
AbstractMemory.c:118:5: note: expanded from macro 'NUM_OP'
  118 |     Data_Get_Struct(self, AbstractMemory, memory); \
      |     ^
/opt/homebrew/Cellar/ruby/4.0.3/include/ruby-4.0.0/ruby/internal/core/rdata.h:278:34: note: expanded from macro 'Data_Get_Struct'
  278 |     ((sval) = RBIMPL_CAST((type*)rb_data_object_get(obj)))
      |                                  ^
/opt/homebrew/Cellar/ruby/4.0.3/include/ruby-4.0.0/ruby/internal/core/rdata.h:370:31: note: expanded from macro 'rb_data_object_get'
  370 | #define rb_data_object_get    RUBY_MACRO_SELECT(rb_data_object_get_2, RUBY_UNTYPED_DATA_WARNING)
      |                               ^
note: (skipping 1 expansions in backtrace; use -fmacro-backtrace-limit=0 to see all)
/opt/homebrew/Cellar/ruby/4.0.3/include/ruby-4.0.0/ruby/internal/core/rdata.h:49:35: note: expanded from macro 'RBIMPL_MACRO_SELECT'
   49 | #define RBIMPL_MACRO_SELECT(x, y) x ## y
      |                                   ^
<scratch space>:132:1: note: expanded from here
  132 | rb_data_object_get_1
      | ^
/opt/homebrew/Cellar/ruby/4.0.3/include/ruby-4.0.0/ruby/internal/core/rdata.h:368:31: note: expanded from macro 'rb_data_object_get_1'
  368 | #define rb_data_object_get_1  rb_data_object_get_warning
      |                               ^
/opt/homebrew/Cellar/ruby/4.0.3/include/ruby-4.0.0/ruby/internal/core/rdata.h:317:1: note: 'rb_data_object_get_warning' has been explicitly marked deprecated here
  317 | RBIMPL_ATTRSET_UNTYPED_DATA_FUNC()
      | ^
/opt/homebrew/Cellar/ruby/4.0.3/include/ruby-4.0.0/ruby/internal/core/rdata.h:47:5: note: expanded from macro 'RBIMPL_ATTRSET_UNTYPED_DATA_FUNC'
   47 |     RBIMPL_ATTR_DEPRECATED(("by TypedData"))
      |     ^
/opt/homebrew/Cellar/ruby/4.0.3/include/ruby-4.0.0/ruby/internal/attr/deprecated.h:36:53: note: expanded from macro 'RBIMPL_ATTR_DEPRECATED'
   36 | # define RBIMPL_ATTR_DEPRECATED(msg) __attribute__((__deprecated__ msg))
      |                                                     ^
AbstractMemory.c:255:1: warning: 'rb_data_object_get_warning' is deprecated: by TypedData [-Wdeprecated-declarations]
  255 | NUM_OP(uint32, uint32_t, NUM2UINT, UINT2NUM, SWAPU32);
      | ^
AbstractMemory.c:126:5: note: expanded from macro 'NUM_OP'
  126 |     Data_Get_Struct(self, AbstractMemory, memory); \
      |     ^
/opt/homebrew/Cellar/ruby/4.0.3/include/ruby-4.0.0/ruby/internal/core/rdata.h:278:34: note: expanded from macro 'Data_Get_Struct'
  278 |     ((sval) = RBIMPL_CAST((type*)rbFunctionInfo.c:132:5: warning: 'rb_data_object_get_warning' is deprecated: by TypedData [-Wdeprecated-declarations]
  132 |     Data_Get_Struct(self, FunctionType, fnInfo);
      |     ^
/opt/homebrew/Cellar/ruby/4.0.3/include/ruby-4.0.0/ruby/internal/core/rdata.h:278:34: note: expanded from macro 'Data_Get_Struct'
  278 |     ((sval) = RBIMPL_CAST((typ_ed*)rb_daata_objectta_ob_jget(obect_getj)))
      |                                  ^
(obj))/opt/homebrew/Cellar/ruby/4.0.3/include/ruby-4.0.0/ruby/internal/core/rdata.h:370:31:) 
      |                                  ^
note: expanded from macro 'rb_data_object_get'
  370 | /opt/homebrew/Cellar/ruby/4.0.3/include/ruby-4.0.0/ruby/internal/core/rdata.h#:d370:e31f:i nnote: eexpanded from macro 'rb_data_object_get'
 rb  _370 | #define drb_data_objecata_ot_get  bject_ g RUBY_MACRO_SELEet    RCUTB(Y_MACROrb_data_obj_SELECT(rb_data_object_get_2ect_, RUBY_UNTget_2, RYPEDU_DBAYT_AU_NWTAYRPNEIDN_GD)A
T      A| _                              ^W
ARNI/opt/homebrew/Cellar/ruby/4.0.3/include/ruby-4.0.0/ruby/internal/core/rdata.h:50:35: note: expanded from macro 'RUBY_MACRO_SELECT'NG)
      |                               ^
note: (skipping 1 expansions in backtrace; use -fmacro-backtrace-limit=0 to see all)
/opt/homebrew/Cellar/ruby/4.0.3/include/ruby-4.0.0/ruby/internal/core/rdata.h:49:35: note: expanded from macro 'RBIMPL_MACRO_SELECT'
   49 | #define RBIMPL_MACRO_SELECT(x, y) x ## y
      |                                   ^
<scratch space>:136:1: note: expanded from here
  136 | rb_data_object_get_1
      | ^
/opt/homebrew/Cellar/ruby/4.0.3/include/ruby-4.0.0/ruby/internal/core/rdata.h:368:31: note: expanded from macro 'rb_data_object_get_1'
  368 | #define rb_data_object_get_1  rb_data_object_get_warning
      |                               ^
/opt/homebrew/Cellar/ruby/4.0.3/include/ruby-4.0.0/ruby/internal/core/rdata.h:317:1: note: 'rb_data_object_get_warning' has been explicitly marked deprecated here
  317 | RBIMPL_ATTRSET_UNTYPED_DATA_FUNC()
      | ^
/opt/homebrew/Cellar/ruby/4.0.3/include/ruby-4.0.0/ruby/internal/core/rdata.h:47:5: note: expanded from macro 'RBIMPL_ATTRSET_UNTYPED_DATA_FUNC'
   47 |     RBIMPL_ATTR_DEPRECATED(("by TypedData"))
      |     ^
/opt/homebrew/Cellar/ruby/4.0.3/include/ruby-4.0.0/ruby/internal/attr/deprecated.h:36:53: note: expanded from macro 'RBIMPL_ATTR_DEPRECATED'
   36 | # define RBIMPL_ATTR_DEPRECATED(msg) __attribute__((__deprecated__ msg))
      |                                                     ^
AbstractMemory.c:256:1: warning: 'rb_data_object_get_warning' is deprecated: by TypedData [-Wdeprecated-declarations]
  256 | NUM_OP(int64, int64_t, NUM2LL, LL2NUM, SWAPS64);
      | ^
AbstractMemory.c:90:5: note: expanded from macro 'NUM_OP'
   90 |     Data_Get_Struct(self, AbstractMemory, memory); \
      |     ^
/opt/homebrew/Cellar/ruby/4.0.3/include/ruby-4.0.0/ruby/internal/core/rdata.h:278:34: note: expanded from macro 'Data_Get_Struct'
  278 |     ((sval) = RBIMPL_CAST((type*)rb_data_object_get(obj)))
      |                                  ^
/opt/homebrew/Cellar/ruby/4.0.3/include/ruby-4.0.0/ruby/internal/core/rdata.h:370:31: note: expanded from macro 'rb_data_object_get'
  370 | #define rb_data_object_get    RUBY_MACRO_SELECT(rb_data_object_get_2, RUBY_UNTYPED_DATA_WARNING)
      |                               ^
note: (skipping 1 expansions in backtrace; use -fmacro-backtrace-limit=0 to see all)
/opt/homebrew/Cellar/ruby/4.0.3/include/ruby-4.0.0/ruby/internal/core/rdata.h:49:35: note: expanded from macro 'RBIMPL_MACRO_SELECT'
   49 | #define RBIMPL_MACRO_SELECT(x, y) x ## y
      |                                   ^
<scratch space>:155:1: note: expanded from here
  155 | rb_data_object_get_1
      | ^
/opt/homebrew/Cellar/ruby/4.0.3/include/ruby-4.0.0/ruby/internal/core/rdata.h:368:31: note: expanded from macro 'rb_data_object_get_1'
  368 | #define rb_data_object_get_1  rb_data_object_get_warning
      |                               ^
/opt/homebrew/Cellar/ruby/4.0.3/include/ruby-4.0.0/ruby/internal/core/rdata.h:317:1: note: 'rb_data_object_get_warning' has been explicitly marked deprecated here
  317 | RBIMPL_ATTRSET_UNTYPED_DATA_FUNC()
      | ^
/opt/homebrew/Cellar/ruby/4.0.3/include/ruby-4.0.0/ruby/internal/core/rdata.h:47:5: note: expanded from macro 'RBIMPL_ATTRSET_UNTYPED_DATA_FUNC'
   47 |     RBIMPL_ATTR_DEPRECATED(("by TypedData"))
      |     ^
/opt/homebrew/Cellar/ruby/4.0.3/include/ruby-4.0.0/ruby/internal/attr/deprecated.h:36:53: note: expanded from macro 'RBIMPL_ATTR_DEPRECATED'
   36 | # define RBIMPL_ATTR_DEPRECATED(msg) __attribute__((__deprecated__ msg))
      |                                                     ^
AbstractMemory.c:256:1: warning: 'rb_data_object_get_warning' is deprecated: by TypedData [-Wdeprecated-declarations]
  256 | NUM_OP(int64, int64_t, NUM2LL, LL2NUM, SWAPS64);
      | ^
AbstractMemory.c:99:5: note: expanded from macro 'NUM_OP'
   99 |     Data_Get_Struct(self, AbstractMemory, memory); \
      |     ^
/opt/homebrew/Cellar/ruby/4.0.3/include/ruby-4.0.0/ruby/internal/core/rdata.h:278:34: note: expanded from macro 'Data_Get_Struct'
  278 |     ((sval) = RBIMPL_CAST((type*)rb_data_object_get(obj)))
      |                                  ^
/opt/homebrew/Cellar/ruby/4.0.3/include/ruby-4.0.0/ruby/internal/core/rdata.h:370:31: note: expanded from macro 'rb_data_object_get'
  370 | #define rb_data_object_get    RUBY_MACRO_SELECT(rb_data_object_get_2, RUBY_UNTYPED_DATA_WARNING)
      |                               ^
note: (skipping 1 expansions in backtrace; use -fmacro-backtrace-limit=0 to see all)
/opt/homebrew/Cellar/ruby/4.0.3/include/ruby-4.0.0/ruby/internal/core/rdata.h:49:35: note: expanded from macro 'RBIMPL_MACRO_SELECT'
   49 | #define RBIMPL_MACRO_SELECT(x, y) x ## y
      |                                   ^
<scratch space>:159:1: note: expanded from here
  159 | rb_data_object_get_1
      | ^
/opt/homebrew/Cellar/ruby/4.0.3/include/ruby-4.0.0/ruby/internal/core/rdata.h:368:31: note: expanded from macro 'rb_data_object_get_1'
  368 | #define rb_data_object_get_1  rb_data_object_get_warning
      |                               ^
/opt/homebrew/Cellar/ruby/4.0.3/include/ruby-4.0.0/ruby/internal/core/rdata.h:317:1: note: 'rb_data_object_get_warning' has been explicitly marked deprecated here
  317 | RBIMPL_ATTRSET_UNTYPED_DATA_FUNC()
      | ^
/opt/homebrew/Cellar/ruby/4.0.3/include/ruby-4.0.0/ruby/internal/core/rdata.h:47:5: note: expanded from macro 'RBIMPL_ATTRSET_UNTYPED_DATA_FUNC'
   47 |     RBIMPL_ATTR_DEPRECATED(("by TypedData"))
      |     ^
/opt/homebrew/Cellar/ruby/4.0.3/include/ruby-4.0.0/ruby/internal/attr/deprecated.h:36:53: note: expanded from macro 'RBIMPL_ATTR_DEPRECATED'
   36 | # define RBIMPL_ATTR_DEPRECATED(msg) __attribute__((__deprecated__ msg))
      |                                                     ^
AbstractMemory.c:256:1: warning: 'rb_data_object_get_warning' is deprecated: by TypedData [-Wdeprecated-declarations]
  256 | NUM_OP(int64, int64_t, NUM2LL, LL2NUM, SWAPS64);
      | ^
AbstractMemory.c:118:5: note: expanded from macro 'NUM_OP'
  118 |     Data_Get_Struct(self, AbstractMemory, memory); \
      |     ^
/opt/homebrew/Cellar/ruby/4.0.3/include/ruby-4.0.0/ruby/internal/core/rdata.h:278:34: note: expanded from macro 'Data_Get_Struct'
  278 |     ((sval) = RBIMPL_CAST((type*)rb_data_object_get(obj)))
      |                                  ^
/opt/homebrew/Cellar/ruby/4.0.3/include/ruby-4.0.0/ruby/internal/core/rdata.h:370:31: note: expanded from macro 'rb_data_object_get'
  370 | #define rb_data_object_get    RUBY_MACRO_SELECT(rb_data_object_get_2, RUBY_UNTYPED_DATA_WARNING)
      |                               ^
note: (skipping 1 expansions in backtrace; use -fmacro-backtrace-limit=0 to see all)
/opt/homebrew/Cellar/ruby/4.0.3/include/ruby-4.0.0/ruby/internal/core/rdata.h:49:35: note: expanded from macro 'RBIMPL_MACRO_SELECT'
   49 | #define RBIMPL_MACRO_SELECT(x, y) x ## y
      |                                   ^
<scratch space>:165:1: note: expanded from here
  165 | rb_data_object_get_1
      | ^
/opt/homebrew/Cellar/ruby/4.0.3/include/ruby-4.0.0/ruby/internal/core/rdata.h:368:31: note: expanded from macro 'rb_data_object_get_1'
  368 | #define rb_data_object_get_1  rb_data_object_get_warning
      |                               ^
/opt/homebrew/Cellar/ruby/4.0.3/include/ruby-4.0.0/ruby/internal/core/rdata.h:317:1: note: 'rb_data_object_get_warning' has been explicitly marked deprecated here
  317 | RBIMPL_ATTRSET_UNTYPED_DATA_FUNC()
      | ^
/opt/homebrew/Cellar/ruby/4.0.3/include/ruby-4.0.0/ruby/internal/core/rdata.h:47:5: note: expanded from macro 'RBIMPL_ATTRSET_UNTYPED_DATA_FUNC'
   47 |     RBIMPL_ATTR_DEPRECATED(("by TypedData"))
      |     ^
/opt/homebrew/Cellar/ruby/4.0.3/include/ruby-4.0.0/ruby/internal/attr/deprecated.h:36:53: note: expanded from macro 'RBIMPL_ATTR_DEPRECATED'
   36 | # define RBIMPL_ATTR_DEPRECATED(msg) __attribute__((__deprecated__ msg))
      |                                                     ^
AbstractMemory.c:256:1: warning: 'rb_data_object_get_warning' is deprecated: by TypedData [-Wdeprecated-declarations]
  256 | NUM_OP(int64, int64_t, NUM2LL, LL2NUM, SWAPS64);
      | ^
AbstractMemory.c:126:5: note: expanded from macro 'NUM_OP'
  126 |     Data_Get_Struct(self, AbstractMemory, memory); \
      |     ^
/opt/homebrew/Cellar/ruby/4.0.3/include/ruby-4.0.0/ruby/internal/core/rdata.h:278:34: note: expanded from macro 'Data_Get_Struct'
  278 |     ((sval) = RBIMPL_CAST((type*)rb_data_object_get(obj)))
      |                                  ^
/opt/homebrew/Cellar/ruby/4.0.3/include/ruby-4.0.0/ruby/internal/core/rdata.h:370:31: note: expanded from macro 'rb_data_object_get'
  370 | #define rb_data_object_get    RUBY_MACRO_SELECT(rb_data_object_get_2, RUBY_UNTYPED_DATA_WARNING)
      |                               ^
note: (skipping 1 expansions in backtrace; use -fmacro-backtrace-limit=0 to see all)
/opt/homebrew/Cellar/ruby/4.0.3/include/ruby-4.0.0/ruby/internal/core/rdata.h:49:35: note: expanded from macro 'RBIMPL_MACRO_SELECT'
   49 | #define RBIMPL_MACRO_SELECT(x, y) x ## y
      |                                   ^
<scratch space>:169:1: note: expanded from here
  169 | rb_data_object_get_1
      | ^
/opt/homebrew/Cellar/ruby/4.0.3/include/ruby-4.0.0/ruby/internal/core/rdata.h:368:31: note: expanded from macro 'rb_data_object_get_1'
  368 | #define rb_data_object_get_1  rb_data_object_get_warning
      |                               ^
/opt/homebrew/Cellar/ruby/4.0.3/include/ruby-4.0.0/ruby/internal/core/rdata.h:317:1: note: 'rb_data_object_get_warning' has been explicitly marked deprecated here
  317 | RBIMPL_ATTRSET_UNTYPED_DATA_FUNC()
      | ^
/opt/homebrew/Cellar/ruby/4.0.3/include/ruby-4.0.0/ruby/internal/core/rdata.h:47:5: note: expanded from macro 'RBIMPL_ATTRSET_UNTYPED_DATA_FUNC'
   47 |     RBIMPL_ATTR_DEPRECATED(("by TypedData"))
      |     ^
/opt/homebrew/Cellar/ruby/4.0.3/include/ruby-4.0.0/ruby/internal/attr/deprecated.h:36:53: note: expanded from macro 'RBIMPL_ATTR_DEPRECATED'
   36 | # define RBIMPL_ATTR_DEPRECATED(msg) __attribute__((__deprecated__ msg))
      |                                                     ^
AbstractMemory.c:257:1: warning: 'rb_data_object_get_warning' is deprecated: by TypedData [-Wdeprecated-declarations]
  257 | NUM_OP(uint64, uint64_t, NUM2ULL, ULL2NUM, SWAPU64);
      | ^
AbstractMemory.c:90:5: note: expanded from macro 'NUM_OP'
   90 |     Data_Get_Struct(self, AbstractMemory, memory); \
      |     ^
/opt/homebrew/Cellar/ruby/4.0.3/include/ruby-4.0.0/ruby/internal/core/rdata.h:278:34: note: expanded from macro 'Data_Get_Struct'
  278 |     ((sval) = RBIMPL_CAST((type*)rb_data_object_get(obj)))
      |                                  ^
/opt/homebrew/Cellar/ruby/4.0.3/include/ruby-4.0.0/ruby/internal/core/rdata.h:370:31: note: expanded from macro 'rb_data_object_get'
  370 | #define rb_data_object_get    RUBY_MACRO_SELECT(rb_data_object_get_2, RUBY_UNTYPED_DATA_WARNING)
      |                               ^
note: (skipping 1 expansions in backtrace; use -fmacro-backtrace-limit=0 to see all)
/opt/homebrew/Cellar/ruby/4.0.3/include/ruby-4.0.0/ruby/internal/core/rdata.h:49:35: note: expanded from macro 'RBIMPL_MACRO_SELECT'
   49 | #define RBIMPL_MACRO_SELECT(x, y) x ## y
      |                                   ^
<scratch space>:11:1: note: expanded from here
   11 | rb_data_object_get_1
      | ^
/opt/homebrew/Cellar/ruby/4.0.3/include/ruby-4.0.0/ruby/internal/core/rdata.h:368:31: note: expanded from macro 'rb_data_object_get_1'
  368 | #define rb_data_object_get_1  rb_data_object_get_warning
      |                               ^
/opt/homebrew/Cellar/ruby/4.0.3/include/ruby-4.0.0/ruby/internal/core/rdata.h:317:1: note: 'rb_data_object_get_warning' has been explicitly marked deprecated here
  317 | RBIMPL_ATTRSET_UNTYPED_DATA_FUNC()
      | ^
/opt/homebrew/Cellar/ruby/4.0.3/include/ruby-4.0.0/ruby/internal/core/rdata.h:47:5: note: expanded from macro 'RBIMPL_ATTRSET_UNTYPED_DATA_FUNC'
   47 |     RBIMPL_ATTR_DEPRECATED(("by TypedData"))
      |     ^
/opt/homebrew/Cellar/ruby/4.0.3/include/ruby-4.0.0/ruby/internal/attr/deprecated.h:36:53: note: expanded from macro 'RBIMPL_ATTR_DEPRECATED'
   36 | # define RBIMPL_ATTR_DEPRECATED(msg) __attribute__((__deprecated__ msg))
      |                                                     ^
AbstractMemory.c:257:1: warning: 'rb_data_object_get_warning' is deprecated: by TypedData [-Wdeprecated-declarations]
  257 | NUM_OP(uint64, uint64_t, NUM2ULL, ULL2NUM, SWAPU64);
      | ^
AbstractMemory.c:99:5: note: expanded from macro 'NUM_OP'
   99 |     Data_Get_Struct(self, AbstractMemory, memory); \
      |     ^
/opt/homebrew/Cellar/ruby/4.0.3/include/ruby-4.0.0/ruby/internal/core/rdata.h:278:34: note: expanded from macro 'Data_Get_Struct'
  278 |     ((sval) = RBIMPL_CAST((type*)rb_data_object_get(obj)))
      |                                  ^
/opt/homebrew/Cellar/ruby/4.0.3/include/ruby-4.0.0/ruby/internal/core/rdata.h:370:31: note: expanded from macro 'rb_data_object_get'
  370 | #define rb_data_object_get    RUBY_MACRO_SELECT(rb_data_object_get_2, RUBY_UNTYPED_DATA_WARNING)
      |                               ^
note: (skipping 1 expansions in backtrace; use -fmacro-backtrace-limit=0 to see all)
/opt/homebrew/Cellar/ruby/4.0.3/include/ruby-4.0.0/ruby/internal/core/rdata.h:49:35: note: expanded from macro 'RBIMPL_MACRO_SELECT'
   49 | #define RBIMPL_MACRO_SELECT(x, y) x ## y
      |                                   ^
<scratch space>:15:1: note: expanded from here
   15 | rb_data_object_get_1
      | ^
/opt/homebrew/Cellar/ruby/4.0.3/include/ruby-4.0.0/ruby/internal/core/rdata.h:368:31: note: expanded from macro 'rb_data_object_get_1'
  368 | #define rb_data_object_get_1  rb_data_object_get_warning
      |                               ^
/opt/homebrew/Cellar/ruby/4.0.3/include/ruby-4.0.0/ruby/internal/core/rdata.h:317:1: note: 'rb_data_object_get_warning' has been explicitly marked deprecated here
  317 | RBIMPL_ATTRSET_UNTYPED_DATA_FUNC()
      | ^
/opt/homebrew/Cellar/ruby/4.0.3/include/ruby-4.0.0/ruby/internal/core/rdata.h:47:5: note: expanded from macro 'RBIMPL_ATTRSET_UNTYPED_DATA_FUNC'
   47 |     RBIMPL_ATTR_DEPRECATED(("by TypedData"))
      |     ^
/opt/homebrew/Cellar/ruby/4.0.3/include/ruby-4.0.0/ruby/internal/attr/deprecated.h:36:53: note: expanded from macro 'RBIMPL_ATTR_DEPRECATED'
   36 | # define RBIMPL_ATTR_DEPRECATED(msg) __attribute__((__deprecated__ msg))
      |                                                     ^
AbstractMemory.c:257:1: warning: 'rb_data_object_get_warning' is deprecated: by TypedData [-Wdeprecated-declarations]
  257 | NUM_OP(uint64, uint64_t, NUM2ULL, ULL2NUM, SWAPU64);
      | ^
AbstractMemory.c:118:5: note: expanded from macro 'NUM_OP'
  118 |     Data_Get_Struct(self, AbstractMemory, memory); \
      |     ^
/opt/homebrew/Cellar/ruby/4.0.3/include/ruby-4.0.0/ruby/internal/core/rdata.h:278:34: note: expanded from macro 'Data_Get_Struct'
  278 |     ((sval) = RBIMPL_CAST((type*)rb_data_object_get(obj)))
      |                                  ^
/opt/homebrew/Cellar/ruby/4.0.3/include/ruby-4.0.0/ruby/internal/core/rdata.h:370:31: note: expanded from macro 'rb_data_object_get'
  370 | #define rb_data_object_get    RUBY_MACRO_SELECT(rb_data_object_get_2, RUBY_UNTYPED_DATA_WARNING)
      |                               ^
note: (skipping 1 expansions in backtrace; use -fmacro-backtrace-limit=0 to see all)
/opt/homebrew/Cellar/ruby/4.0.3/include/ruby-4.0.0/ruby/internal/core/rdata.h:49:35: note: expanded from macro 'RBIMPL_MACRO_SELECT'
   49 | #define RBIMPL_MACRO_SELECT(x, y) x ## y
      |                                   ^
<scratch space>:21:1: note: expanded from here
   21 | rb_data_object_get_1
      | ^
/opt/homebrew/Cellar/ruby/4.0.3/include/ruby-4.0.0/ruby/internal/core/rdata.h:368:31: note: expanded from macro 'rb_data_object_get_1'
  368 | #define rb_data_object_get_1  rb_data_object_get_warning
      |                               ^
/opt/homebrew/Cellar/ruby/4.0.3/include/ruby-4.0.0/ruby/internal/core/rdata.h:317:1: note: 'rb_data_object_get_warning' has been explicitly marked deprecated here
  317 | RBIMPL_ATTRSET_UNTYPED_DATA_FUNC()
      | ^
/opt/homebrew/Cellar/ruby/4.0.3/include/ruby-4.0.0/ruby/internal/core/rdata.h:47:5: note: expanded from macro 'RBIMPL_ATTRSET_UNTYPED_DATA_FUNC'
   47 |     RBIMPL_ATTR_DEPRECATED(("by TypedData"))
      |     ^
/opt/homebrew/Cellar/ruby/4.0.3/include/ruby-4.0.0/ruby/internal/attr/deprecated.h:36:53: note: expanded from macro 'RBIMPL_ATTR_DEPRECATED'
   36 | # define RBIMPL_ATTR_DEPRECATED(msg) __attribute__((__deprecated__ msg))
      |                                                     ^
AbstractMemory.c:257:1: warning: 'rb_data_object_get_warning' is deprecated: by TypedData [-Wdeprecated-declarations]
  257 | NUM_OP(uint64, uint64_t, NUM2ULL, ULL2NUM, SWAPU64);
      | ^
AbstractMemory.c:126:5: note: expanded from macro 'NUM_OP'
  126 |     Data_Get_Struct(self, AbstractMemory, memory); \
      |     ^
/opt/homebrew/Cellar/ruby/4.0.3/include/ruby-4.0.0/ruby/internal/core/rdata.h:278:34: note: expanded from macro 'Data_Get_Struct'
  278 |     ((sval) = RBIMPL_CAST((type*)rb_data_object_get(obj)))
      |                                  ^
/opt/homebrew/Cellar/ruby/4.0.3/include/ruby-4.0.0/ruby/internal/core/rdata.h:370:31: note: expanded from macro 'rb_data_object_get'
  370 | #define rb_data_object_get    RUBY_MACRO_SELECT(rb_data_object_get_2, RUBY_UNTYPED_DATA_WARNING)
      |                               ^
note: (skipping 1 expansions in backtrace; use -fmacro-backtrace-limit=0 to see all)
/opt/homebrew/Cellar/ruby/4.0.3/include/ruby-4.0.0/ruby/internal/core/rdata.h:49:35: note: expanded from macro 'RBIMPL_MACRO_SELECT'
   49 | #define RBIMPL_MACRO_SELECT(x, y) x ## y
      |                                   ^
<scratch space>:25:1: note: expanded from here
   25 | rb_data_object_get_1
      | ^
/opt/homebrew/Cellar/ruby/4.0.3/include/ruby-4.0.0/ruby/internal/core/rdata.h:368:31: note: expanded from macro 'rb_data_object_get_1'
  368 | #define rb_data_object_get_1  rb_data_object_get_warning
      |                               ^
/opt/homebrew/Cellar/ruby/4.0.3/include/ruby-4.0.0/ruby/internal/core/rdata.h:317:1: note: 'rb_data_object_get_warning' has been explicitly marked deprecated here
  317 | RBIMPL_ATTRSET_UNTYPED_DATA_FUNC()
      | ^
/opt/homebrew/Cellar/ruby/4.0.3/include/ruby-4.0.0/ruby/internal/core/rdata.h:47:5: note: expanded from macro 'RBIMPL_ATTRSET_UNTYPED_DATA_FUNC'
   47 |     RBIMPL_ATTR_DEPRECATED(("by TypedData"))
      |     ^
/opt/homebrew/Cellar/ruby/4.0.3/include/ruby-4.0.0/ruby/internal/attr/deprecated.h:36:53: note: expanded from macro 'RBIMPL_ATTR_DEPRECATED'
   36 | # define RBIMPL_ATTR_DEPRECATED(msg) __attribute__((__deprecated__ msg))
      |                                                     ^
AbstractMemory.c:258:1: warning: 'rb_data_object_get_warning' is deprecated: by TypedData [-Wdeprecated-declarations]
  258 | NUM_OP(long, long, NUM2LONG, LONG2NUM, SWAPSLONG);
      | ^
AbstractMemory.c:90:5: note: expanded from macro 'NUM_OP'
   90 |     Data_Get_Struct(self, AbstractMemory, memory); \
      |     ^
/opt/homebrew/Cellar/ruby/4.0.3/include/ruby-4.0.0/ruby/internal/core/rdata.h:278:34: note: expanded from macro 'Data_Get_Struct'
  278 |     ((sval) = RBIMPL_CAST((type*)rb_data_object_get(obj)))
      |                                  ^
/opt/homebrew/Cellar/ruby/4.0.3/include/ruby-4.0.0/ruby/internal/core/rdata.h:370:31: note: expanded from macro 'rb_data_object_get'
  370 | #define rb_data_object_get    RUBY_MACRO_SELECT(rb_data_object_get_2, RUBY_UNTYPED_DATA_WARNING)
      |                               ^
note: (skipping 1 expansions in backtrace; use -fmacro-backtrace-limit=0 to see all)
/opt/homebrew/Cellar/ruby/4.0.3/include/ruby-4.0.0/ruby/internal/core/rdata.h:49:35: note: expanded from macro 'RBIMPL_MACRO_SELECT'
   49 | #define RBIMPL_MACRO_SELECT(x, y) x ## y
      |                                   ^
<scratch space>:44:1: note: expanded from here
   44 | rb_data_object_get_1
      | ^
/opt/homebrew/Cellar/ruby/4.0.3/include/ruby-4.0.0/ruby/internal/core/rdata.h:368:31: note: expanded from macro 'rb_data_object_get_1'
  368 | #define rb_data_object_get_1  rb_data_object_get_warning
      |                               ^
/opt/homebrew/Cellar/ruby/4.0.3/include/ruby-4.0.0/ruby/internal/core/rdata.h:317:1: note: 'rb_data_object_get_warning' has been explicitly marked deprecated here
  317 | RBIMPL_ATTRSET_UNTYPED_DATA_FUNC()
      | ^
/opt/homebrew/Cellar/ruby/4.0.3/include/ruby-4.0.0/ruby/internal/core/rdata.h:47:5: note: expanded from macro 'RBIMPL_ATTRSET_UNTYPED_DATA_FUNC'
   47 |     RBIMPL_ATTR_DEPRECATED(("by TypedData"))
      |     ^
/opt/homebrew/Cellar/ruby/4.0.3/include/ruby-4.0.0/ruby/internal/attr/deprecated.h:36:53: note: expanded from macro 'RBIMPL_ATTR_DEPRECATED'
   36 | # define RBIMPL_ATTR_DEPRECATED(msg) __attribute__((__deprecated__ msg))
      |                                                     ^
AbstractMemory.c:258:1: warning: 'rb_data_object_get_warning' is deprecated: by TypedData [-Wdeprecated-declarations]
  258 | NUM_OP(long, long, NUM2LONG, LONG2NUM, SWAPSLONG);
      | ^
AbstractMemory.c:99:5: note: expanded from macro 'NUM_OP'
   99 |     Data_Get_Struct(self, AbstractMemory, memory); \
      |     ^
/opt/homebrew/Cellar/ruby/4.0.3/include/ruby-4.0.0/ruby/internal/core/rdata.h:278:34: note: expanded from macro 'Data_Get_Struct'
  278 |     ((sval) = RBIMPL_CAST((type*)rb_data_object_get(obj)))
      |                                  ^
/opt/homebrew/Cellar/ruby/4.0.3/include/ruby-4.0.0/ruby/internal/core/rdata.h:370:31: note: expanded from macro 'rb_data_object_get'
  370 | #define rb_data_object_get    RUBY_MACRO_SELECT(rb_data_object_get_2, RUBY_UNTYPED_DATA_WARNING)
      |                               ^
note: (skipping 1 expansions in backtrace; use -fmacro-backtrace-limit=0 to see all)
/opt/homebrew/Cellar/ruby/4.0.3/include/ruby-4.0.0/ruby/internal/core/rdata.h:49:35: note: expanded from macro 'RBIMPL_MACRO_SELECT'
   49 | #define RBIMPL_MACRO_SELECT(x, y) x ## y
      |                                   ^
<scratch space>:48:1: note: expanded from here
   48 | rb_data_object_get_1
      | ^
/opt/homebrew/Cellar/ruby/4.0.3/include/ruby-4.0.0/ruby/internal/core/rdata.h:368:31: note: expanded from macro 'rb_data_object_get_1'
  368 | #define rb_data_object_get_1  rb_data_object_get_warning
      |                               ^
/opt/homebrew/Cellar/ruby/4.0.3/include/ruby-4.0.0/ruby/internal/core/rdata.h:317:1: note: 'rb_data_object_get_warning' has been explicitly marked deprecated here
  317 | RBIMPL_ATTRSET_UNTYPED_DATA_FUNC()
      | ^
/opt/homebrew/Cellar/ruby/4.0.3/include/ruby-4.0.0/ruby/internal/core/rdata.h:47:5: note: expanded from macro 'RBIMPL_ATTRSET_UNTYPED_DATA_FUNC'
   47 |     RBIMPL_ATTR_DEPRECATED(("by TypedData"))
      |     ^
/opt/homebrew/Cellar/ruby/4.0.3/include/ruby-4.0.0/ruby/internal/attr/deprecated.h:36:53: note: expanded from macro 'RBIMPL_ATTR_DEPRECATED'
   36 | # define RBIMPL_ATTR_DEPRECATED(msg) __attribute__((__deprecated__ msg))
      |                                                     ^
AbstractMemory.c:258:1: warning: 'rb_data_object_get_warning' is deprecated: by TypedData [-Wdeprecated-declarations]
  258 | NUM_OP(long, long, NUM2LONG, LONG2NUM, SWAPSLONG);
      | ^
AbstractMemory.c:118:5: note: expanded from macro 'NUM_OP'
  118 |     Data_Get_Struct(self, AbstractMemory, memory); \
      |     ^
/opt/homebrew/Cellar/ruby/4.0.3/include/ruby-4.0.0/ruby/internal/core/rdata.h:278:34: note: expanded from macro 'Data_Get_Struct'
  278 |     ((sval) = RBIMPL_CAST((type*)rb_data_object_get(obj)))
      |                                  ^
/opt/homebrew/Cellar/ruby/4.0.3/include/ruby-4.0.0/ruby/internal/core/rdata.h:370:31: note: expanded from macro 'rb_data_object_get'
  370 | #define rb_data_object_get    RUBY_MACRO_SELECT(rb_data_object_get_2, RUBY_UNTYPED_DATA_WARNING)
      |                               ^
note: (skipping 1 expansions in backtrace; use -fmacro-backtrace-limit=0 to see all)
/opt/homebrew/Cellar/ruby/4.0.3/include/ruby-4.0.0/ruby/internal/core/rdata.h:49:35: note: expanded from macro 'RBIMPL_MACRO_SELECT'
   49 | #define RBIMPL_MACRO_SELECT(x, y) x ## y
      |                                   ^
<scratch space>:54:1: note: expanded from here
   54 | rb_data_object_get_1
      | ^
/opt/homebrew/Cellar/ruby/4.0.3/include/ruby-4.0.0/ruby/internal/core/rdata.h:368:31: note: expanded from macro 'rb_data_object_get_1'
  368 | #define rb_data_object_get_1  rb_data_object_get_warning
      |                               ^
/opt/homebrew/Cellar/ruby/4.0.3/include/ruby-4.0.0/ruby/internal/core/rdata.h:317:1: note: 'rb_data_object_get_warning' has been explicitly marked deprecated here
  317 | RBIMPL_A
   50 | #define RUBY_MACRO_SELECT(x, y)   RBIMPL_MACRO_SELECT(x, y)
      |                                   ^
/opt/homebrew/Cellar/ruby/4.0.3/include/ruby-4.0.0/ruby/internal/core/rdata.h:49:35: note: expanded from macro 'RBIMPL_MACRO_SELECT'
   49 | #define RBIMPL_MACRO_STTRSET_UNTYPED_DATA_FUNC()
      | ^
/opt/homebrew/Cellar/ruby/4.0.3/include/ruby-4.0.0/ruby/internal/core/rdata.h:47:5: note: expanded from macro 'RBIMPL_ATTRSET_UNTYPED_DATA_FUNC'
   47 |     RBIMPL_ATTR_DEPRECATED(("by TypedData"))
      |     ^
/opt/homebrew/Cellar/ruby/4.0.3/include/ruby-4.0.0/ruby/internal/attr/deprecated.h:36:53: note: expanded from macro 'RBIMPL_ATTR_DEPRECATED'
   36 | # define RBIMPL_ATTR_DEPRECATED(msg) __attribute__((__deprecated__ msg))
      |                                                     ^
AbstractMemory.c:258:1: warning: 'rb_data_object_get_warning' is deprecated: by TypedData [-Wdeprecated-declarations]
  258 | NUM_OP(long, long, NUM2LONG, LONG2NUM, SWAPSLONG);
      | ^
AbstractMemory.c:126:5: note: expanded from macro 'NUM_OP'
  126 |     Data_Get_StELECT(x, y) x ## y
      |                                   ^
<scratch space>:100:1: note: expanded from here
  100 | rb_data_object_get_1
      | ^
/opt/homebrew/Cellar/ruby/4.0.3/include/ruby-4.0.0/ruby/internal/core/rdata.h:368:31: note: expanded from macro 'rb_data_object_get_1'
  368 | #define rb_data_object_get_1  rb_data_object_get_warning
      |                               ^
/opt/homebrew/Cellar/ruby/4.0.3/include/ruby-4.0.0/ruby/internal/core/rdata.h:317:1: note: 'rb_data_object_get_warning' has been explicitly marked deprecated here
  317 | RBIMPL_ATTRSET_UNTYPED_DATA_FUNC()
      | ^
/opt/homebrew/Cellar/ruby/4.0.3/include/ruby-4.0.0/ruby/internal/core/rdata.h:47:5: note: expanded from macro 'RBIMPL_ATTRSET_UNTYPED_DATA_FUNC'
   47 |     RBIMPL_ATTR_DEPRECATED(("by TypedData"))
      |     ^
/opt/homebrew/Cellar/ruby/4.0.3/include/ruby-4.0.0/ruby/internal/attr/deprecated.h:36:53: note: expanded from macro 'RBIMPL_ATTR_DEPRECATED'
   36 | # define RBIMPL_ATTR_DEPRECATED(msg) __attribute__((__deprecated__ msg))
      |                                                     ^
Call.c:469:9: warning: 'rb_data_object_get_warning' is deprecated: by TypedData [-Wdeprecated-declarations]
  469 |         Data_Get_Struct(proc, AbstractMemory, ptr);
      |         ^
/opt/homebrew/Cellar/ruby/4.0.3/include/ruby-4.0.0/ruby/internal/core/rdata.h:278:34: note: expanded from macro 'Data_Get_Struct'
  278 |     ((sval) = RBIMPL_CAST((type*)rb_data_object_get(obj)))
      |                                  ^
/opt/homebrew/Cellar/ruby/4.0.3/include/ruby-4.0.0/ruby/internal/core/rdata.h:370:31: note: expanded from macro 'rb_data_object_get'
  370 | #define rb_data_object_get    RUBY_MACRO_SELECTruct(self, AbstractMemory, (rb_data_object_get_2, RUBY_UNTYPED_DATA_mFunctionInfo.c:161:9: warning: 'rb_data_object_get_warning' is deprecated: by TypedData [-Wdeprecated-declarations]
  161 |         Data_GeWARNING)
      |                               ^
/opt/homebrew/Cellar/ruby/4.0.3/include/ruby-4.0.0/ruby/internal/core/rdata.h:50:35: note: expanded from macro 'RUBY_MACRO_SELECT'
   50 | #define RUBY_MACRO_SELECT(x, y)   RBIMPL_MACRO_SELECT(x, y)
      |                                   ^
/opt/homebrew/Cellar/ruby/4.0.3/include/ruby-4.0.0/ruby/internal/core/rdata.h:49:35: note: expanded from macro 'RBIMPL_MACRO_SELECT'
   49 | #define RBIMPL_MACRO_SELECT(x, y) x ## y
      |                                   ^
<scratch space>:94:1: note: expanded from here
   94 | rb_data_object_get_1
      | ^
/opt/homebrew/Cellar/ruby/4.0.3/include/ruby-4.0.0/ruby/internal/core/rdata.h:368:31: note: expanded from macro 'rb_data_object_get_1'
  368 | #define rb_data_object_get_1  rb_data_object_get_warning
      |                               ^
/opt/homebrew/Cellar/ruby/4.0.3/include/ruby-4.0.0/ruby/internal/core/rdata.h:317:1: note: 'rb_data_object_get_warning' has been explicitly marked deprecated here
  317 | RBIMPL_ATTRSET_UNTYPED_DATA_FUNC()
      | ^
/opt/homebrew/Cellar/ruby/4.0.3/include/ruby-4.0.0/ruby/internal/core/rdata.h:47:5: note: expanded from macro 'RBIMPL_ATTRSET_UNTYPED_DATA_FUNC'
   47 |     RBIMPL_ATTR_DEPRECATED(("by TypedData"))
      |     ^
/opt/homebrew/Cellar/ruby/4.0.3/include/ruby-4.0.0/ruby/internal/attr/deprecated.h:36:53: note: expanded from macro 'RBIMPL_ATTR_DEPRECATED'
   36 | # define RBIMPL_ATTR_DEPRECATED(msg) __attribute__((__deprecated__ msg))
      |                                                     ^
emoryt_Struct(type, Typ); \
      |     ^
e/opt/homebrew/Cellar/ruby/4.0.3/include/ruby-4.0.0/ruby/internal/core/rdata.h:278:34: note: expanded from macro 'Data_Get_Struct'
  278 | , fnInfo-> pa rameterTypes[i]);
      |         ^
  ((sval) = /opt/homebrew/Cellar/ruby/4.0.3/include/ruby-4.0.0/ruby/internal/core/rdata.hRB:I278M:P34L:_ CAST((tnote: expanded from macro 'Data_Get_Struct'
y  p278e | * ) r b _(d(astva_object_getal) = R(BIoMbPjL)_)C)A
S      T| (                                 ^(
type/opt/homebrew/Cellar/ruby/4.0.3/include/ruby-4.0.0/ruby/internal/core/rdata.h*:)rb_da370ta_object_get(obj)):31: note: )
      |                                  ^
/opt/homebrew/Cellar/ruby/4.0.3/include/ruby-4.0.0/ruby/internal/core/rdata.h:370:31:expanded from macro 'rb_data_object_get' note: expanded from macro 'rb_data_object_get'

  370 | #define rb_  370data | _#odefine rb_bject_dgaetta _  object RUBY_MAC_get    RURBOY__SMEALCERO_SELCECTT((rrbb__ddaattaa__oobbjjecte_cgte_tg_e2t_2, RU,B YR_UUBNTYYPE_DU_NDTAYTPAE_DW_DATA_WARNING)
      |                               ^
note: (skipping 1 expansions in backtrace; use -fmacro-backtrace-limit=0 to see all)
/opt/homebrew/Cellar/ruby/4.0.3/include/ruby-4.0.0/ruby/internal/core/rdata.h:ARN49:35: note: expanded from macro 'RBIMPL_MACRO_SELECT'
   49I | #dNeGf)i
      |                               ^
ne R/opt/homebrew/Cellar/ruby/4.0.3/include/ruby-4.0.0/ruby/internal/core/rdata.hB:I50MPL_MACRO_SELECT(x, y) x ## y
      | :                                  ^
35: note: expanded from macro 'RUBY_MACRO_SELECT'
   <scratch space>50: | 58#:d1efine R: note: expanded from here
UBY_MACRO_SELECT(x,    y58)   | rb_ data_RoBbIjMePcLt__MgAeCtR_O1_
S      E| L^E
CT(x, y/opt/homebrew/Cellar/ruby/4.0.3/include/ruby-4.0.0/ruby/internal/core/rdata.h:368:31): note: 
expanded from macro 'rb_data_object_get_1'      
|                                   ^
  368 | /opt/homebrew/Cellar/ruby/4.0.3/include/ruby-4.0.0/ruby/internal/core/rdata.h#:d49e:fi35ne: rb _note: dexpanded from macro 'RBIMPL_MACRO_SELECT'a
   49 | t#ad_eofbijneec tRBIMPL_MACRO_SELECT(x, y) x ## _yg
et_1  rb_      |                                   ^
data_objec<scratch space>t:_101g:e1t:_ wnote: aexpanded from herer
ning
      |                               ^
  101 | rb_data_object_get_1
      /opt/homebrew/Cellar/ruby/4.0.3/include/ruby-4.0.0/ruby/internal/core/rdata.h| :^317
:1: note: 'rb_data_object_get_warning' has been explicitly marked deprecated here/opt/homebrew/Cellar/ruby/4.0.3/include/ruby-4.0.0/ruby/internal/core/rdata.h
:368:31: note: expanded from macro 'rb_data_object_get_1'
  368 | #define rb_data_ob  317 | jRect_geBtI_M1P L _ATTRrSbE_Td_aUtNa_objeTcYtP_EgDe_tD_AwTaAr_nFiUnNgC
      |                               ^
()
      | ^
/opt/homebrew/Cellar/ruby/4.0.3/include/ruby-4.0.0/ruby/internal/core/rdata.h:317/opt/homebrew/Cellar/ruby/4.0.3/include/ruby-4.0.0/ruby/internal/core/rdata.h:47:5:: note: expanded from macro 'RBIMPL_ATTRSET_UNTYPED_DATA_FUNC'
1: note: 'rb_data_object_get_warning' has been explicitly marked deprecated here   
47 |     RB  IMPL_317A | RBTTR_IDMEPPLR_EACTATED(("bTyR STET_UNypedTYPEDDa_tDa"))
A      TA_FU| N    ^C
()
      | /opt/homebrew/Cellar/ruby/4.0.3/include/ruby-4.0.0/ruby/internal/attr/deprecated.h:36:53: note: expanded from macro 'RBIMPL_ATTR_DEPRECATED'
^
/opt/homebrew/Cellar/ruby/4.0.3/include/ruby-4.0.0/ruby/internal/core/rdata.h:47   36 | #: def5: note: expanded from macro 'RBIMPL_ATTRSET_UNTYPED_DATA_FUNC'
   47ine |      RRBBIIMMPL_ATTR_DEPRECATPL_ATTR_DEPRECATED(msg) __attribute__((__deprecED(("by ated__ msg)T)ype
dData"))
      |                                                     ^
      |     ^
/opt/homebrew/Cellar/ruby/4.0.3/include/ruby-4.0.0/ruby/internal/attr/deprecated.h:36:53: note: expanded from macro 'RBIMPL_ATTR_DEPRECATED'
   36 | # define RBIMPL_ATTR_DEPRECATED(msg) __attribute__((__deprecated__ msg))
      |                                                     ^
FunctionInfo.c:176:5: warning: 'rb_data_object_get_warning' is deprecated: by TypedData [-Wdeprecated-declarations]
  176 |     Data_Get_Struct(fnInfo->rbReturnType, Type, fnInfo->returnType);
      |     ^
/opt/homebrew/Cellar/ruby/4.0.3/include/ruby-4.0.0/ruby/internal/core/rdata.h:278:34: note: expanded from macro 'Data_Get_Struct'
  278 |     ((sval) = RBIMPL_CAST((type*)rb_data_object_get(obj)))
      |                                  ^
/opt/homebrew/Cellar/ruby/4.0.3/include/ruby-4.0.0/ruby/internal/core/rdata.h:370:31: note: expanded from macro 'rb_data_object_get'
  370 | #define rb_data_object_get    RUBY_MACRO_SELECT(rb_data_object_get_2, RUBY_UNTYPED_DATA_WARNING)
      |                               ^
/opt/homebrew/Cellar/ruby/4.0.3/include/ruby-4.0.0/ruby/internal/core/rdata.h:50:35: note: expanded from macro 'RUBY_MACRO_SELECT'
   50 | #define RUBY_MACRO_SELECT(x, y)   RBIMPL_MACRO_SELECT(x, y)
      |                                   ^
/opt/homebrew/Cellar/ruby/4.0.3/include/ruby-4.0.0/ruby/internal/core/rdata.h:49:35: note: expanded from macro 'RBIMPL_MACRO_SELECT'
   49 | #define RBIMPL_MACRO_SELECT(x, y) x ## y
      |                                   ^
<scratch space>:102:1: note: expanded from here
  102 | rb_data_object_get_1
      | ^
/opt/homebrew/Cellar/ruby/4.0.3/include/ruby-4.0.0/ruby/internal/core/rdata.h:368:31: note: expanded from macro 'rb_data_object_get_1'
  368 | #define rb_data_object_get_1  rb_data_object_get_warning
      |                               ^
/opt/homebrew/Cellar/ruby/4.0.3/include/ruby-4.0.0/ruby/internal/core/rdata.h:317:1: note: 'rb_data_object_get_warning' has been explicitly marked deprecated here
  317 | RBIMPL_ATTRSET_UNTYPED_DATA_FUNC()
      | ^
/opt/homebrew/Cellar/ruby/4.0.3/include/ruby-4.0.0/ruby/internal/core/rdata.h:47:5: note: expanded from macro 'RBIMPL_ATTRSET_UNTYPED_DATA_FUNC'
   47 |     RBIMPL_ATTR_DEPRECATED(("by TypedData"))
      |     ^
/opt/homebrew/Cellar/ruby/4.0.3/include/ruby-4.0.0/ruby/internal/attr/deprecated.h:36:53: note: expanded from macro 'RBIMPL_ATTR_DEPRECATED'
   36 | # define RBIMPL_ATTR_DEPRECATED(msg) __attribute__((__deprecated__ msg))
      |                                                     ^
AbstractMemory.c:259:1: warning: 'rb_data_object_get_warning' is deprecated: by TypedData [-Wdeprecated-declarations]
  259 | NUM_OP(ulong, unsigned long, NUM2ULONG, ULONG2NUM, SWAPULONG);
      | ^
AbstractMemory.c:90:5: note: expanded from macro 'NUM_OP'
   90 |     Data_Get_Struct(self, AbstractMemory, memory); \
      |     ^
/opt/homebrew/Cellar/ruby/4.0.3/include/ruby-4.0.0/ruby/internal/core/rdata.h:278:34: note: expanded from macro 'Data_Get_Struct'
  278 |     ((sval) = RBIMPL_CAST((type*)rb_data_object_get(obj)))
      |                                  ^
/opt/homebrew/Cellar/ruby/4.0.3/include/ruby-4.0.0/ruby/internal/core/rdata.h:370:31: note: expanded from macro 'rb_data_object_get'
  370 | #define rb_data_object_get    RUBY_MACRO_SELECT(rb_data_object_get_2, RUBY_UNTYPED_DATA_WARNING)
      |                               ^
note: (skipping 1 expansions in backtrace; use -fmacro-backtrace-limit=0 to see all)
/opt/homebrew/Cellar/ruby/4.0.3/include/ruby-4.0.0/ruby/internal/core/rdata.h:49:35: note: expanded from macro 'RBIMPL_MACRO_SELECT'
   49 | #define RBIMPL_MACRO_SELECT(x, y) x ## y
      |                                   ^
<scratch space>:77:1: note: expanded from here
   77 | rb_data_object_get_1
      | ^
/opt/homebrew/Cellar/ruby/4.0.3/include/ruby-4.0.0/ruby/internal/core/rdata.h:368:31: note: expanded from macro 'rb_data_object_get_1'
  368 | #define rb_data_object_get_1  rb_data_object_get_warning
      |                               ^
/opt/homebrew/Cellar/ruby/4.0.3/include/ruby-4.0.0/ruby/internal/core/rdata.h:317:1: note: 'rb_data_object_get_warning' has been explicitly marked deprecated here
  317 | RBIMPL_ATTRSET_UNTYPED_DATA_FUNC()
      | ^
/opt/homebrew/Cellar/ruby/4.0.3/include/ruby-4.0.0/ruby/internal/core/rdata.h:47:5: note: expanded from macro 'RBIMPL_ATTRSET_UNTYPED_DATA_FUNC'
   47 |     RBIMPL_ATTR_DEPRECATED(("FunctionInfo.c:215:5: warning: 'rb_data_object_get_warning' is deprecated: by TypedData [-Wdeprecated-declarations]
  215 |     Data_Get_Struct(self, FunctionType, ft);
      |     ^
/opt/homebrew/Cellar/ruby/4.0.3/include/ruby-4.0.0/ruby/internal/core/rdata.h:278:34: note: expanded from macro 'Data_Get_Struct'
  278 |     ((sval) = RBIMPL_CAST((type*)rb_data_object_get(obj)))
      |                                  ^
/opt/homebrew/Cellar/ruby/4.0.3/include/ruby-4.0.0/ruby/internal/core/rdata.h:370:31: note: expanded from macro 'rb_data_object_get'
  370 | #define rb_data_object_get    RUBY_MACRO_SELECT(rb_data_object_get_2, RUBY_UNTYPED_DATA_WARNING)
      |                               ^
/opt/homebrew/Cellar/ruby/4.0.3/include/ruby-4.0.0/ruby/internal/core/rdata.h:50DynamicLibrary.c:116:5: warning: 'rb_data_object_get_warning' is deprecated: by TypedData [-Wdeprecated-declarations]
  116 |     Data_Get_Struct(self4, Library, library);
      |     ^
/opt/homebrew/Cellar/ruby/4.0.3/include/ruby-4.0.0/ruby/internal/core/rdata.h:278:34: note: expanded from macro 'Data_Get_Struct'
  278 |     ((sval) = RBIMPL_CAST((type*)rb_data_object_get(obj)))
      |                                  ^
/opt/homebrew/Cellar/ruby/4.0.3/include/ruby-4.0.0/ruby/internal/core/rdata.h:370:31: note: expanded from macro 'rb_data_object_get'
  370 | #define rb_data_object_get    RUBY_MACRO_SELECT(rb_data_object_get_2, RUBY_UNTYPED_DATA_WARNING)
      |                               ^
/opt/homebrew/Cellar/ruby/4.0.3/include/ruby-4.0.0/ruby/internal/core/rdata.h:50:35: note: expanded from macro 'RUBY_MACRO_SELECT'
   50 | #define RUBY_MACRO_SELECT(x, y)   RBIMPL_MACRO_SELECT(x, y)
      |                                   ^
/opt/homebrew/Cellar/ruby/4.0.3/include/ruby-4.0.0/ruby/internal/core/rdata.h:49:35: note: expanded from macro 'RBIMPL_MACRO_SELECT'
   49 | #define RBIMPL_MACRO_SELECT(x, y) x ## y
      |                                   ^
<scratch space>:92:1: note: expanded from here
   92 | rb_data_object_get_1
      | ^
/opt/homebrew/Cellar/ruby/4.0.3/include/ruby-4.0.0/ruby/internal/core/rdata.h:368:31: note: expanded from macro 'rb_data_object_get_1'
  368 | #define rb_data_object_get_1  rb_data_object_get_warning
      |                               ^
/opt/homebrew/Cellar/ruby/4.0.3/include/ruby-4.0.0/ruby/internal/core/rdata.h:317:1: note: 'rb_data_object_get_warning' has been explicitly marked deprecated here
  317 | RBIMPL_ATTRSET_UNTYPED_DATA_FUNC()
      | ^
/opt/homebrew/Cellar/ruby/4.0.3/include/ruby-4.0.0/ruby/internal/core/rdata.h:47:5: note: expanded from macro 'RBIMPL_ATTRSET_UNTYPED_DATA_FUNC'
   47 |     RBIMPL_ATTR_DEPRECATED(("by TypedData"))
      |     ^
/opt/homebrew/Cellar/ruby/4.0.3/include/ruby-4.0.0/ruby/internal/attr/deprecated.h:36:53: note: expanded from macro 'RBIMPL_ATTR_DEPRECATED'
   36 | # define RBIMPL_ATTR_DEPRECATED(msg) __attribute__((__deprecated__ msg))
      |                                                     ^
DynamicLibrary.c:147:5: warning: 'rb_data_object_get_warning' is deprecated: by TypedData [-Wdeprecated-declarations]
  147 |     Data_Get_Struct(self, Library, library);
      |     ^
/opt/homebrew/Cellar/ruby/4.0.3/include/ruby-4.0.0/ruby/internal/core/rdata.h:278:34: note: expanded from macro 'Data_Get_Struct'
  278 |     ((sval) = RBIMPL_CAST((type*)rb_data_object_get(obj)))
      |                                  ^
/opt/homebrew/Cellar/ruby/4.0.3/include/ruby-4.0.0/ruby/internal/core/rdata.h:by TypedData370:31: note: expanded from macro 'rb_data_object_get'
  370 | #define rb_data_object_get    RUBY_MACRO_SELECT(rb_data_object_get_2, RUBY_UNTYPED_DATA_WARNING)
      |                               ^
/opt/homebrew/Cellar/ruby/4.0.3/include/ruby-4.0.0/ruby/internal/core/rdata.h:50:35: note: expanded from macro 'RUBY_MACRO_SELECT'
   50 | #define RUBY_MACRO_SELECT(x, y)   RBIMPL_MACRO_SELECT(x, y)
      |                                   ^
/opt/homebrew/Cellar/ruby/4.0.3/include/ruby-4.0.0/ruby/internal/core/rdata.h:49:35: note: expanded from macro 'RBIMPL_MACRO_SELECT'
   49 | #define RBIMPL_MACRO_SELECT(x, y) x ## y
      |                                   ^
<scratch space>:93:1: note: expanded from here
   93 | rb_data_object_get_1
      | ^
/opt/homebrew/Cellar/ruby/4.0.3/include/ruby-4.0.0/ruby/internal/core/rdata.h:368:31: note: expanded from macro 'rb_data_object_get_1'
  368 | #define rb_data_object_get_1  rb_data_object_get_warning
      |                               ^
/opt/homebrew/Cellar/ruby/4.0.3/include/ruby-4.0.0/ruby/internal/core/rdata.h:317:1: note: 'rb_data_object_get_warning' has been explicitly marked deprecated here
  317 | RBIMPL_ATTRSET_UNTYPED_DATA_FUNC()
      | ^
/opt/homebrew/Cellar/ruby/4.0.3/include/ruby-4.0.0/ruby/internal/core/rdata.h:47:5: note: expanded from macro 'RBIMPL_ATTRSET_UNTYPED_DATA_FUNC'
   47 |     RBIMPL_ATTR_DEPRECATED(("by TypedData"))
      |     ^
/opt/homebrew/Cellar/ruby/4.0.3/include/ruby-4.0.0/ruby/internal/attr/deprecated.h:36:53: note: expanded from macro 'RBIMPL_ATTR_DEPRECATED'
   36 | # define RBIMPL_ATTR_DEPRECATED(msg) __attribute__((__deprecated__ msg))
      |                                                     ^
DynamicLibrary.c:257:5: warning: 'rb_data_object_get_warning' is deprecated: by TypedData [-Wdeprecated-declarations]
  257 |     Data_Get_Struct(self, LibrarySymbol, sym);
      |     ^
/opt/homebrew/Cellar/ruby/4.0.3/include/ruby-4.0.0/ruby/internal/core/rdata.h:278:34: note: expanded from macro 'Data_Get_Struct'
  278 |     ((sval) = RBIMPL_CAST((type*)rb_data_object_get(obj)))
      |                                  ^
/opt/homebrew/Cellar/ruby/4.0.3/include/ruby-4.0.0/ruby/internal/core/rdata.h:370:31: note: expanded from macro 'rb_data_object_get'
  370 | #define rb_data_object_get    RUBY_MACRO_SELECT(rb_data_object_get_2, RUBY_UNTYPED_DATA_WARNING)
      |                               ^
/opt/homebrew/Cellar/ruby/4.0.3/include/ruby-4.0.0/ruby/internal/core/rdata.h:50:35: note: expanded from macro 'RUBY_MACRO_SELECT'
   50 | #define RUBY_MACRO_SELECT(x, y)   RBIMPL_MACRO_SELECT(x, y)
      |                                   ^
/opt/homebrew/Cellar/ruby/4.0.3/include/ruby-4.0.0/ruby/internal/core/rdata.h:49:35: note: expanded from macro 'RBIMPL_MACRO_SELECT'
   49 | #define RBIMPL_MACRO_SELECT(x, y) x ## y
      |                                   ^
<scratch space>:94:1: note: expanded from here
   94 | rb_data_object_get_1
      | ^
/opt/homebrew/Cellar/ruby/4.0.3/include/ruby-4.0.0/ruby/internal/core/rdata.h:368:31: note: expanded from macro 'rb_data_object_get_1'
  368 | #define rb_data_object_get_1  rb_data_object_get_warning
      |                               ^
/opt/homebrew/Cellar/ruby/4.0.3/include/ruby-4.0.0/ruby/internal/core/rdata.h:317:1: note: 'rb_data_object_get_warning' has been explicitly marked deprecated here
  317 | RBIMPL_ATTRSET_UNTYPED_DATA_FUNC()
      | ^
/opt/homebrew/Cellar/ruby/4.0.3/include/ruby-4.0.0/ruby/internal/core/rdata.h:47:5: note: expanded from macro 'RBIMPL_ATTRSET_UNTYPED_DATA_FUNC'
   47 |     RBIMPL_ATTR_DEPRECATED(("by TypedData"))
      |     ^
/opt/homebrew/Cellar/ruby/4.0.3/include/ruby-4.0.0/ruby/internal/attr/deprecated.h:36:53: note: expanded from macro 'RBIMPL_ATTR_DEPRECATED'
   36 | # define RBIMPL_ATTR_DEPRECATED(msg) __attribute__((__deprecated__ msg))
      |                                                     ^
:35: note: expanded from macro 'RUBY_MACRO_SELECT'
   50 | #define RUBY_MACRO_SELECT(x, y)   RBIMPL_MACRO_SELECT(x, y)
      |                                   ^
/opt/homebrew/Cellar/ruby/4.0.3/include/ruby-4.0.0/ruby/internal/core/rdata.h:49:35: note: expanded from macro 'RBIMPL_MACRO_SELECT'
   49 | #define RBIMPL_MACRO_SELECT(x, y) x ## y
      |                                   ^
<scratch space>:103:1: note: expanded from here
  103 | rb_data_object_get_1
      | ^
/opt/homebrew/Cellar/ruby/4.0.3/include/ruby-4.0.0/ruby/internal/core/rdata.h:368:31: note: expanded from macro 'rb_data_object_get_1'
  368 | #define rb_data_object_get_1  rb_data_object_get_warning
      |                               ^
/opt/homebrew/Cellar/ruby/4.0.3/include/ruby-4.0.0/ruby/internal/core/rdata.h:317:1: note: 'rb_data_object_get_warning' has been explicitly marked deprecated here
  317 | RBIMPL_ATTRSET_UNTYPED_DATA_FUNC()
      | ^
/opt/homebrew/Cellar/ruby/4.0.3/include/ruby-4.0.0/ruby/internal/core/rdata.h:47:5: note: expanded from macro 'RBIMPL_ATTRSET_UNTYPED_DATA_FUNC'
   47 |     RBIMPL_ATTR_DEPRECATED(("by TypedData"))
      |     ^
/opt/homebrew/Cellar/ruby/4.0.3/include/ruby-4.0.0/ruby/internal/attr/deprecated.h:36:53: note: expanded from macro 'RBIMPL_ATTR_DEPRECATED'
   36 | # define RBIMPL_ATTR_DEPRECATED(msg) __attribute__((__deprecated__ msg))
      |                                                     ^
FunctionInfo.c:230:5: warning: 'rb_data_object_get_warning' is deprecated: by TypedData [-Wdeprecated-declarations]
  230 |     Data_Get_Struct(self, FunctionType, ft);
      |     ^
/opt/homebrew/Cellar/ruby/4.0.3/include/ruby-4.0.0/ruby/internal/core/rdata.h:278:34: note: expanded from macro 'Data_Get_Struct'
  278 |     ((sval) = RBIMPL_CAST((type*)rb_data_object_get(obj)))
      |                                  ^
/opt/homebrew/Cellar/ruby/4.0.3/include/ruby-4.0.0/ruby/internal/core/rdata.h:370:31: note: expanded from macro 'rb_data_object_get'
  370 | #define rb_data_object_get    RUBY_MACRO_SELECT(rb_data_object_get_2, RUBY_UNTYPED_DATA_WARNING)
      |                               ^
/opt/homebrew/Cellar/ruby/4.0.3/include/ruby-4.0.0/ruby/internal/core/rdata.h:50:35: note: expanded from macro 'RUBY_MACRO_SELECT'
   50 | #define RUBY_MACRO_SELECT(x, y)   RBIMPL_MACRO_SELECT(x, y)
      |                                   ^
/opt/homebrew/Cellar/ruby/4.0.3/include/ruby-4.0.0/ruby/internal/core/rdata.h:49:35: note: expanded from macro 'RBIMPL_MACRO_SELECT'
   49 | #define RBIMPL_MACRO_SELECT(x, y) x ## y
      |                                   ^
<scratch space>:104:1: note: expanded from here
  104 | rb_data_object_get_1
      | ^
/opt/homebrew/Cellar/ruby/4.0.3/include/ruby-4.0.0/ruby/internal/core/rdata.h:368:31: note: expanded from macro 'rb_data_object_get_1'
  368 | #define rb_data_object_get_1  rb_data_object_get_warning
      |                               ^
/opt/homebrew/Cellar/ruby/4.0.3/include/ruby-4.0.0/ruby/internal/core/rdata.h:317:1: note: 'rb_data_object_get_warning' has been explicitly marked deprecated here
  317 | RBIMPL_ATTRSET_UNTYPED_DATA_FUNC()
      | ^
/opt/homebrew/Cellar/ruby/4.0.3/include/ruby-4.0.0/ruby/internal/core/rdata.h:47:5: note: expanded from macro 'RBIMPL_ATTRSET_UNTYPED_DATA_FUNC'
   47 |     RBIMPL_ATTR_DEPRECATED(("by TypedData"))
      |     ^
/opt/homebrew/Cellar/ruby/4.0.3/include/ruby-4.0.0/ruby/internal/attr/deprecated.h:36:53: note: expanded from macro 'RBIMPL_ATTR_DEPRECATED'
   36 | # define RBIMPL_ATTR_DEPRECATED(msg) __attribute__((__deprecated__ msg))
      |                                                     ^
 warnings generated.
"))
      |     ^
/opt/homebrew/Cellar/ruby/4.0.3/include/ruby-4.0.0/ruby/internal/attr/deprecated.h:36:53: note: expanded from macro 'RBIMPL_ATTR_DEPRECATED'
   36 | # define RBIMPL_ATTR_DEPRECATED(msg) __attribute__((__deprecated__ msg))
      |                                                     ^
AbstractMemory.c:259:1: warning: 'rb_data_object_get_warning' is deprecated: by TypedData [-Wdeprecated-declarations]
  259 | NUM_OP(ulong, unsigned long, NUM2ULONG, ULONG2NUM, SWAPULONG);
      | ^
AbstractMemory.c:99:5: note: expanded from macro 'NUM_OP'
   99 |     Data_Get_Struct(self, AbstractMemory, memory); \
      |     ^
/opt/homebrew/Cellar/ruby/4.0.3/include/ruby-4.0.0/ruby/internal/core/rdata.h:278:34: note: expanded from macro 'Data_Get_Struct'
  278 |     ((sval) = RBIMPL_CAST((type*)rb_data_object_get(obj)))
      |                                  ^
/opt/homebrew/Cellar/ruby/4.0.3/include/ruby-4.0.0/ruby/internal/core/rdata.h:370:31: note: expanded from macro 'rb_data_object_get'
  370 | #define rb_data_object_get    RUBY_MACRO_SELECT(rb_data_object_get_2, RUBY_UNTYPED_DATA_WARNING)
      |                               ^
note: (skipping 1 expansions in backtrace; use -fmacro-backtrace-limit=0 to see all)
/opt/homebrew/Cellar/ruby/4.0.3/include/ruby-4.0.0/ruby/internal/core/rdata.h:49:35: note: expanded from macro 'RBIMPL_MACRO_SELECT'
   49 | #define RBIMPL_MACRO_SELECT(x, y) x ## y
      |                                   ^
<scratch space>:81:1: note: expanded from here
   81 | rb_data_object_get_1
      | ^
/opt/homebrew/Cellar/ruby/4.0.3/include/ruby-4.0.0/ruby/internal/core/rdata.h:368:31: note: expanded from macro 'rb_data_object_get_1'
  368 | #define rb_data_object_get_1  rb_data_object_get_warning
      |                               ^
/opt/homebrew/Cellar/ruby/4.0.3/include/ruby-4.0.0/ruby/internal/core/rdata.h:317:1: note: 'rb_data_object_get_warning' has been explicitly marked deprecated here
  317 | RBIMPL_ATTRSET_UNTYPED_DATA_FUNC()
      | ^
/opt/homebrew/Cellar/ruby/4.0.3/include/ruby-4.0.0/ruby/internal/core/rdata.h:47:5: note: expanded from macro 'RBIMPL_ATTRSET_UNTYPED_DATA_FUNC'
   47 |     RBIMPL_ATTR_DEPRECATED(("by TypedData"))
      |     ^
/opt/homebrew/Cellar/ruby/4.0.3/include/ruby-4.0.0/ruby/internal/attr/deprecated.h:36:53: note: expanded from macro 'RBIMPL_ATTR_DEPRECATED'
   36 | # define RBIMPL_ATTR_DEPRECATED(msg) __attribute__((__deprecated__ msg))
      |                                                     ^
AbstractMemory.c:259:1: warning: 'rb_data_object_get_warning' is deprecated: by TypedData [-Wdeprecated-declarations]
  259 | NUM_OP(ulong, unsigned long, NUM2ULONG, ULONG2NUM, SWAPULONG);
      | ^
AbstractMemory.c:118:5: note: expanded from macro 'NUM_OP'
  118 |     Data_Get_Struct(self, AbstractMemory, memory); \
      |     ^
/opt/homebrew/Cellar/ruby/4.0.3/include/ruby-4.0.0/ruby/internal/core/rdata.h:278:34: note: expanded from macro 'Data_Get_Struct'
  278 |     ((sval) = RBIMPL_CAST((type*)rb_data_object_get(obj)))
      |                                  ^
/opt/homebrew/Cellar/ruby/4.0.3/include/ruby-4.0.0/ruby/internal/core/rdata.h:370:31: note: expanded from macro 'rb_data_object_get'
  370 | #define rb_data_object_get    RUBY_MACRO_SELECT(rb_data_object_get_2, RUBY_UNTYPED_DATA_WARNING)
      |                               ^
note: (skipping 1 expansions in backtrace; use -fmacro-backtrace-limit=0 to see all)
/opt/homebrew/Cellar/ruby/4.0.3/include/ruby-4.0.0/ruby/internal/core/rdata.h:49:35: note: expanded from macro 'RBIMPL_MACRO_SELECT'
   49 | #define RBIMPL_MACRO_SELECT(x, y) x ## y
      |                                   ^
<scratch space>:87:1: note: expanded from here
   87 | rb_data_object_get_1
      | ^
/opt/homebrew/Cellar/ruby/4.0.3/include/ruby-4.0.0/ruby/internal/core/rdata.h:368:31: note: expanded from macro 'rb_data_object_get_1'
  368 | #define rb_data_object_get_1  rb_data_object_get_warning
      |                               ^
/opt/homebrew/Cellar/ruby/4.0.3/include/ruby-4.0.0/ruby/internal/core/rdata.h:317:1: note: 'rb_data_object_get_warning' has been explicitly marked deprecated here
  317 | RBIMPL_ATTRSET_UNTYPED_DATA_FUNC()
      | ^
/opt/homebrew/Cellar/ruby/4.0.3/include/ruby-4.0.0/ruby/internal/core/rdata.h:47:5: note: expanded from macro 'RBIMPL_ATTRSET_UNTYPED_DATA_FUNC'
   47 |     RBIMPL_ATTR_DEPRECATED(("by TypedData"))
      |     ^
/opt/homebrew/Cellar/ruby/4.0.3/include/ruby-4.0.0/ruby/internal/attr/deprecated.h:36:53: note: expanded from macro 'RBIMPL_ATTR_DEPRECATED'
   36 | # define RBIMPL_ATTR_DEPRECATED(msg) __attribute__((__deprecated__ msg))
      |                                                     ^
AbstractMemory.c:259:1: warning: 'rb_data_object_get_warning' is deprecated: by TypedData [-Wdeprecated-declarations]
  259 | NUM_OP(ulong, unsigned long, NUM2ULONG, ULONG2NUM, SWAPULONG);
      | ^
AbstractMemory.c:126:5: note: expanded from macro 'NUM_OP'
  126 |     Data_Get_Struct(self, AbstractMemory, memory); \
      |     ^
/opt/homebrew/Cellar/ruby/4.0.3/include/ruby-4.0.0/ruby/internal/core/rdata.h:278:34: note: expanded from macro 'Data_Get_Struct'
  278 |     ((sval) = RBIMPL_CAST((type*)rb_data_object_get(obj)))
      |                                  ^
/opt/homebrew/Cellar/ruby/4.0.3/include/ruby-4.0.0/ruby/internal/core/rdata.h:370:31: note: expanded from macro 'rb_data_object_get'
  370 | #define rb_data_object_get    RUBY_MACRO_SELECT(rb_data_object_get_2, RUBY_UNTYPED_DATA_WARNING)
      |                               ^
note: (skipping 1 expansions in backtrace; use -fmacro-backtrace-limit=0 to see all)
/opt/homebrew/Cellar/ruby/4.0.3/include/ruby-4.0.0/ruby/internal/core/rdata.h:49:35: note: expanded from macro 'RBIMPL_MACRO_SELECT'
   49 | #define RBIMPL_MACRO_SELECT(x, y) x ## y
      |                                   ^
<scratch space>:91:1: note: expanded from here
   91 | rb_data_object_get_1
      | ^
/opt/homebrew/Cellar/ruby/4.0.3/include/ruby-4.0.0/ruby/internal/core/rdata.h:368:31: note: expanded from macro 'rb_data_object_get_1'
  368 | #define rb_data_object_get_1  rb_data_object_get_warning
      |                               ^
/opt/homebrew/Cellar/ruby/4.0.3/include/ruby-4.0.0/ruby/internal/core/rdata.h:317:1: note: 'rb_data_object_get_warning' has been explicitly marked deprecated here
  317 | RBIMPL_ATTRSET_UNTYPED_DATA_FUNC()
      | ^
/opt/homebrew/Cellar/ruby/4.0.3/include/ruby-4.0.0/ruby/internal/core/rdata.h:47:5: note: expanded from macro 'RBIMPL_ATTRSET_UNTYPED_DATA_FUNC'
   47 |     RBIMPL_ATTR_DEPRECATED(("by TypedData"))
      |     ^
/opt/homebrew/Cellar/ruby/4.0.3/include/ruby-4.0.0/ruby/internal/attr/deprecated.h:36:53: note: expanded from macro 'RBIMPL_ATTR_DEPRECATED'
   36 | # define RBIMPL_ATTR_DEPRECATED(msg) __attribute__((__deprecated__ msg))
      |                                                     ^
AbstractMemory.c:260:1: warning: 'rb_data_object_get_warning' is deprecated: by TypedData [-Wdeprecated-declarations]
  260 | NUM_OP(float32, float, NUM2DBL, rb_float_new, NOSWAP);
      | ^
AbstractMemory.c:90:5: note: expanded from macro 'NUM_OP'
   90 |     Data_Get_Struct(self, AbstractMemory, memory); \
      |     ^
/opt/homebrew/Cellar/ruby/4.0.3/include/ruby-4.0.0/ruby/internal/core/rdata.h:278:34: note: expanded from macro 'Data_Get_Struct'
  278 |     ((sval) = RBIMPL_CAST((type*)rb_data_object_get(obj)))
      |                                  ^
/opt/homebrew/Cellar/ruby/4.0.3/include/ruby-4.0.0/ruby/internal/core/rdata.h:370:31: note: expanded from macro 'rb_data_object_get'
  370 | #define rb_data_object_get    RUBY_MACRO_SELECT(rb_data_object_get_2, RUBY_UNTYPED_DATA_WARNING)
      |                               ^
note: (skipping 1 expansions in backtrace; use -fmacro-backtrace-limit=0 to see all)
/opt/homebrew/Cellar/ruby/4.0.3/include/ruby-4.0.0/ruby/internal/core/rdata.h:49:35: note: expanded from macro 'RBIMPL_MACRO_SELECT'
   49 | #define RBIMPL_MACRO_SELECT(x, y) x ## y
      |                                   ^
<scratch space>:110:1: note: expanded from here
  110 | rb_data_object_get_1
      | ^
/opt/homebrew/Cellar/ruby/4.0.3/include/ruby-4.0.0/ruby/internal/core/rdata.h:368:31: note: expanded from macro 'rb_data_object_get_1'
  368 | #define rb_data_object_get_1  rb_data_object_get_warning
      |                               ^
/opt/homebrew/Cellar/ruby/4.0.3/include/ruby-4.0.0/ruby/internal/core/rdata.h:317:1: note: 'rb_data_object_get_warning' has been explicitly marked deprecated here
  317 | RBIMPL_ATTRSET_UNTYPED_DATA_FUNC()
      | ^
/opt/homebrew/Cellar/ruby/4.0.3/include/ruby-4.0.0/ruby/internal/core/rdata.h:47:5: note: expanded from macro 'RBIMPL_ATTRSET_UNTYPED_DATA_FUNC'
   47 |     RBIMPL_ATTR_DEPRECATED(("by TypedData"))
      |     ^
/opt/homebrew/Cellar/ruby/4.0.3/include/ruby-4.0.0/ruby/internal/attr/deprecated.h:36:53: note: expanded from macro 'RBIMPL_ATTR_DEPRECATED'
   36 | # define RBIMPL_ATTR_DEPRECATED(msg) __attribute__((__deprecated__ msg))
      |                                                     ^
AbstractMemory.c:260:1: warning: 'rb_data_object_get_warning' is deprecated: by TypedData [-Wdeprecated-declarations]
  260 | NUM_OP(float32, float, NUM2DBL, rb_float_new, NOSWAP);
      | ^
AbstractMemory.c:99:5: note: expanded from macro 'NUM_OP'
   99 |     Data_Get_Struct(self, AbstractMemory, memory); \
      |     ^
/opt/homebrew/Cellar/ruby/4.0.3/include/ruby-4.0.0/ruby/internal/core/rdata.h:278:34: note: expanded from macro 'Data_Get_Struct'
  278 |     ((sval) = RBIMPL_CAST((type*)rb_data_object_get(obj)))
      |                                  ^
/opt/homebrew/Cellar/ruby/4.0.3/include/ruby-4.0.0/ruby/internal/core/rdata.h:370:31: note: expanded from macro 'rb_data_object_get'
  370 | #define rb_data_object_get    RUBY_MACRO_SELECT(rb_data_object_get_2, RUBY_UNTYPED_DATA_WARNING)
      |                               ^
note: (skipping 1 expansions in backtrace; use -fmacro-backtrace-limit=0 to see all)
/opt/homebrew/Cellar/ruby/4.0.3/include/ruby-4.0.0/ruby/internal/core/rdata.h:49:35: note: expanded from macro 'RBIMPL_MACRO_SELECT'
   49 | #define RBIMPL_MACRO_SELECT(x, y) x ## y
      |                                   ^
<scratch space>:114:1: note: expanded from here
  114 | rb_data_object_get_1
      | ^
/opt/homebrew/Cellar/ruby/4.0.3/include/ruby-4.0.0/ruby/internal/core/rdata.h:368:31: note: expanded from macro 'rb_data_object_get_1'
  368 | #define rb_data_object_get_1  rb_data_object_get_warning
      |                               ^
/opt/homebrew/Cellar/ruby/4.0.3/include/ruby-4.0.0/ruby/internal/core/rdata.h:317:1: note: 'rb_data_object_get_warning' has been explicitly marked deprecated here
  317 | RBIMPL_ATTRSET_UNTYPED_DATA_FUNC()
      | ^
/opt/homebrew/Cellar/ruby/4.0.3/include/ruby-4.0.0/ruby/internal/core/rdata.h:47:5: note: expanded from macro 'RBIMPL_ATTRSET_UNTYPED_DATA_FUNC'
   47 |     RBIMPL_ATTR_DEPRECATED(("by TypedData"))
      |     ^
/opt/homebrew/Cellar/ruby/4.0.3/include/ruby-4.0.0/ruby/internal/attr/deprecated.h:36:53: note: expanded from macro 'RBIMPL_ATTR_DEPRECATED'
   36 | # define RBIMPL_ATTR_DEPRECATED(msg) __attribute__((__deprecated__ msg))
      |                                                     ^
AbstractMemory.c:260:1: warning: 'rb_data_object_get_warning' is deprecated: by TypedData [-Wdeprecated-declarations]
  260 | NUM_OP(float32, float, NUM2DBL, rb_float_new, NOSWAP);
      | ^
AbstractMemory.c:118:5: note: expanded from macro 'NUM_OP'
  118 |     Data_Get_Struct(self, AbstractMemory, memory); \
      |     ^
/opt/homebrew/Cellar/ruby/4.0.3/include/ruby-4.0.0/ruby/internal/core/rdata.h:278:34: note: expanded from macro 'Data_Get_Struct'
  278 |     ((sval) = RBIMPL_CAST((type*)rb_data_object_get(obj)))
      |                                  ^
/opt/homebrew/Cellar/ruby/4.0.3/include/ruby-4.0.0/ruby/internal/core/rdata.h:370:31: note: expanded from macro 'rb_data_object_get'
  370 | #define rb_data_object_get    RUBY_MACRO_SELECT(rb_data_object_get_2, RUBY_UNTYPED_DATA_WARNING)
      |                               ^
note: (skipping 1 expansions in backtrace; use -fmacro-backtrace-limit=0 to see all)
/opt/homebrew/Cellar/ruby/4.0.3/include/ruby-4.0.0/ruby/internal/core/rdata.h:49:35: note: expanded from macro 'RBIMPL_MACRO_SELECT'
   49 | #define RBIMPL_MACRO_SELECT(x, y) x ## y
      |                                   ^
<scratch space>:120:1: note: expanded from here
  120 | rb_data_object_get_1
      | ^
/opt/homebrew/Cellar/ruby/4.0.3/include/ruby-4.0.0/ruby/internal/core/rdata.h:368:31: note: expanded from macro 'rb_data_object_get_1'
  368 | #define rb_data_object_get_1  rb_data_object_get_warning
      |                               ^
/opt/homebrew/Cellar/ruby/4.0.3/include/ruby-4.0.0/ruby/internal/core/rdata.h:317:1: note: 'rb_data_object_get_warning' has been explicitly marked deprecated here
  317 | RBIMPL_ATTRSET_UNTYPED_DATA_FUNC()
      | ^
/opt/homebrew/Cellar/ruby/4.0.3/include/ruby-4.0.0/ruby/internal/core/rdata.h:47:5: note: expanded from macro 'RBIMPL_ATTRSET_UNTYPED_DATA_FUNC'
   47 |     RBIMPL_ATTR_DEPRECATED(("by TypedData"))
      |     ^
/opt/homebrew/Cellar/ruby/4.0.3/include/ruby-4.0.0/ruby/internal/attr/deprecated.h:36:53: note: expanded from macro 'RBIMPL_ATTR_DEPRECATED'
   36 | # define RBIMPL_ATTR_DEPRECATED(msg) __attribute__((__deprecated__ msg))
      |                                                     ^
AbstractMemory.c:260:1: warning: 'rb_data_object_get_warning' is deprecated: by TypedData [-Wdeprecated-declarations]
  260 | NUM_OP(float32, float, NUM2DBL, rb_float_new, NOSWAP);
      | ^
AbstractMemory.c:126:5: note: expanded from macro 'NUM_OP'
  126 |     Data_Get_Struct(self, AbstractMemory, memory); \
      |     ^
/opt/homebrew/Cellar/ruby/4.0.3/include/ruby-4.0.0/ruby/internal/core/rdata.h:278:34: note: expanded from macro 'Data_Get_Struct'
  278 |     ((sval) = RBIMPL_CAST((type*)rb_data_object_get(obj)))
      |                                  ^
/opt/homebrew/Cellar/ruby/4.0.3/include/ruby-4.0.0/ruby/internal/core/rdata.h:370:31: note: expanded from macro 'rb_data_object_get'
  370 | #define rb_data_object_get    RUBY_MACRO_SELECT(rb_data_object_get_2, RUBY_UNTYPED_DATA_WARNING)
      |                               ^
note: (skipping 1 expansions in backtrace; use -fmacro-backtrace-limit=0 to see all)
/opt/homebrew/Cellar/ruby/4.0.3/include/ruby-4.0.0/ruby/internal/core/rdata.h:49:35: note: expanded from macro 'RBIMPL_MACRO_SELECT'
   49 | #define RBIMPL_MACRO_SELECT(x, y) x ## y
      |                                   ^
<scratch space>:124:1: note: expanded from here
  124 | rb_data_object_get_1
      | ^
/opt/homebrew/Cellar/ruby/4.0.3/include/ruby-4.0.0/ruby/internal/core/rdata.h:368:31: note: expanded from macro 'rb_data_object_get_1'
  368 | #define rb_data_object_get_1  rb_data_object_get_warning
      |                               ^
/opt/homebrew/Cellar/ruby/4.0.3/include/ruby-4.0.0/ruby/internal/core/rdata.h:317:1: note: 'rb_data_object_get_warning' has been explicitly marked deprecated here
  317 | RBIMPL_ATTRSET_UNTYPED_DATA_FUNC()
      | ^
/opt/homebrew/Cellar/ruby/4.0.3/include/ruby-4.0.0/ruby/internal/core/rdata.h:47:5: note: expanded from macro 'RBIMPL_ATTRSET_UNTYPED_DATA_FUNC'
   47 |     RBIMPL_ATTR_DEPRECATED(("by TypedData"))
      |     ^
/opt/homebrew/Cellar/ruby/4.0.3/include/ruby-4.0.0/ruby/internal/attr/deprecated.h:36:53: note: expanded from macro 'RBIMPL_ATTR_DEPRECATED'
   36 | # define RBIMPL_ATTR_DEPRECATED(msg) __attribute__((__deprecated__ msg))
      |                                                     ^
AbstractMemory.c:261:1: warning: 'rb_data_object_get_warning' is deprecated: by TypedData [-Wdeprecated-declarations]
  261 | NUM_OP(float64, double, NUM2DBL, rb_float_new, NOSWAP);
      | ^
AbstractMemory.c:90:5: note: expanded from macro 'NUM_OP'
   90 |     Data_Get_Struct(self, AbstractMemory, memory); \
      |     ^
/opt/homebrew/Cellar/ruby/4.0.3/include/ruby-4.0.0/ruby/internal/core/rdata.h:278:34: note: expanded from macro 'Data_Get_Struct'
  278 |     ((sval) = RBIMPL_CAST((type*)rb_data_object_get(obj)))
      |                                  ^
/opt/homebrew/Cellar/ruby/4.0.3/include/ruby-4.0.0/ruby/internal/core/rdata.h:370:31: note: expanded from macro 'rb_data_object_get'
  370 | #define rb_data_object_get    RUBY_MACRO_SELECT(rb_data_object_get_2, RUBY_UNTYPED_DATA_WARNING)
      |                               ^
note: (skipping 1 expansions in backtrace; use -fmacro-backtrace-limit=0 to see all)
/opt/homebrew/Cellar/ruby/4.0.3/include/ruby-4.0.0/ruby/internal/core/rdata.h:49:35: note: expanded from macro 'RBIMPL_MACRO_SELECT'
   49 | #define RBIMPL_MACRO_SELECT(x, y) x ## y
      |                                   ^
<scratch space>:143:1: note: expanded from here
  143 | rb_data_object_get_1
      | ^
/opt/homebrew/Cellar/ruby/4.0.3/include/ruby-4.0.0/ruby/internal/core/rdata.h:368:31: note: expanded from macro 'rb_data_object_get_1'
  368 | #define rb_data_object_get_1  rb_data_object_get_warning
      |                               ^
/opt/homebrew/Cellar/ruby/4.0.3/include/ruby-4.0.0/ruby/internal/core/rdata.h:317:1: note: 'rb_data_object_get_warning' has been explicitly marked deprecated here
  317 | RBIMPL_ATTRSET_UNTYPED_DATA_FUNC()
      | ^
/opt/homebrew/Cellar/ruby/4.0.3/include/ruby-4.0.0/ruby/internal/core/rdata.h:47:5: note: expanded from macro 'RBIMPL_ATTRSET_UNTYPED_DATA_FUNC'
   47 |     RBIMPL_ATTR_DEPRECATED(("by TypedData"))
      |     ^
/opt/homebrew/Cellar/ruby/4.0.3/include/ruby-4.0.0/ruby/internal/attr/deprecated.h:36:53: note: expanded from macro 'RBIMPL_ATTR_DEPRECATED'
   36 | # define RBIMPL_ATTR_DEPRECATED(msg) __attribute__((__deprecated__ msg))
      |                                                     ^
Function.c:257:9: warning: 'rb_data_object_get_warning' is deprecated: by TypedData [-Wdeprecated-declarations]
AbstractMemory.c:261:1: warning: 'rb_data_object_get_warning' is deprecated: by TypedData [-Wdeprecated-declarations]
  261 | NUM_OP(float64, double, NUM2DBL, rb_float_new, NOSWAP);
      | ^
AbstractMemory.c:99:5: note: expanded from macro 'NUM_OP'
   99 |     Data_Get_Struct(self, AbstractMemory, memory); \
      |     ^
/opt/homebrew/Cellar/ruby/4.0.3/include/ruby-4.0.0/ruby/internal/core/rdata.h:278:34: note: expanded from macro 'Data_Get_Struct'
  278 |     ((sval) = RBIMPL_CAST((type*)rb_data_object_get(obj)))
      |                                  ^
/opt/homebrew/Cellar/ruby/4.0.3/include/ruby-4.0.0/ruby/internal/core/rdata.h:370:31: note: expanded from macro 'rb_data_object_get'
  370 | #define rb_data_object_get    RUBY_MACRO_SELECT(rb_data_object_get_2, RUBY_UNTYPED_DATA_WARNING)
      |                               ^
note: (skipping 1 expansions in backtrace; use -fmacro-backtrace-limit=0 to see all)
/opt/homebrew/Cellar/ruby/4.0.3/include/ruby-4.0.0/ruby/internal/core/rdata.h:49:35: note: expanded from macro 'RBIMPL_MACRO_SELECT'
   49 | #define RBIMPL_MACRO_SELECT(x, y) x ## y
      |                                   ^
<scratch space>:147:1: note: expanded from here
  147 | rb_data_object_get_1
      | ^
/opt/homebrew/Cellar/ruby/4.0.3/include/ruby-4.0.0/ruby/internal/core/rdata.h:368:31: note: expanded from macro 'rb_data_object_get_1'
  368 | #define rb_data_object_get_1  rb_data_object_get_warning
      |                               ^
/opt/homebrew/Cellar/ruby/4.0.3/include/ruby-4.0.0/ruby/internal/core/rdata.h:317:1: note: 'rb_data_object_get_warning' has been explicitly marked deprecated here
  317 | RBIM  257 |         Data_Get_Struct(cbref, Function, fp);
      |         ^
/opt/homebrew/Cellar/ruby/4.0.3/include/ruby-4.0.0/ruby/internal/core/rdata.h:278:34: note: expanded from macro 'Data_Get_Struct'
  278 |     ((sval) = RBIMPL_CAST((type*)rb_data_object_get(obj)))
      |                                  ^
/opt/homebrew/Cellar/ruby/4.0.3/include/ruby-4.0.0/ruby/internal/core/rdata.h:370:31: note: expanded from macro 'rb_data_object_get'
  370 | #define rb_data_object_get    RUBY_MACRO_SELECT(rb_data_object_get_2, RUBY_UNTYPED_DATA_WARNING)
      |                               ^
/opt/homebrew/Cellar/ruby/4.0.3/include/ruby-4.0.0/ruby/internal/core/rdata.h:50:35: note: expanded from macro 'RUBY_MACRO_SELECT'
   50 | #define RUBY_MACRO_SELECT(x, y)   RBIMPL_MACRO_SELECT(x, y)
      |                                   ^
/opt/homebrew/Cellar/ruby/4.0.3/include/ruby-4.0.0/ruby/internal/core/rdata.h:49:35: note: expanded from macro 'RBIMPL_MACRO_SELECT'
   49 | #define RBIMPL_MACRO_SELECT(x, y) x ## y
      |                                   ^
<scratch space>:110:1: note: expanded from here
  110 | rb_data_object_get_1
      | ^
/opt/homebrew/Cellar/ruby/4.0.3/include/ruby-4.0.0/ruby/internal/core/rdata.h:368:31: note: expanded from macro 'rb_data_object_get_1'
  368 | #define rb_data_object_get_1  rb_data_object_get_warning
      |                               ^
/opt/homebrew/Cellar/ruby/4.0.3/include/ruby-4.0.0/ruby/internal/core/rdata.h:317:1: note: 'rb_data_object_get_warning' has been explicitly marked deprecated here
  317 | RBIMPL_ATTRSET_UNTYPED_DATA_FUNC()
      | ^
/opt/homebrew/Cellar/ruby/4.0.3/include/ruby-4.0.0/ruby/internal/core/rdata.h:47:5: note: expanded from macro 'RBIMPL_ATTRSET_UNTYPED_DATA_FUNC'
   47 |     RBIMPL_ATTR_DEPRECATED(("by TypedData"))
      |     ^
/opt/homebrew/Cellar/ruby/4.0.3/include/ruby-4.0.0/ruby/internal/attr/deprecated.h:36:53: note: expanded from macro 'RBIMPL_ATTR_DEPRECATED'
   36 | # define RBIMPL_ATTR_DEPRECATED(msg) __attribute__((__deprecated__ msg))
      |                                                     ^
Function.c:301:5: warning: 'rb_data_object_get_warning' is deprecated: by TypedData [-Wdeprecated-declarations]
  301 |     Data_Get_Struct(self, Function, fn);
      |     ^
/opt/homebrew/Cellar/ruby/4.0.3/include/ruby-4.0.0/ruby/internal/core/rdata.h:278:34: note: expanded from macro 'Data_Get_Struct'
  278 |     ((sval) = RBIMPL_CAST((type*)rb_data_object_get(obj)))
      |                                  ^
/opt/homebrew/Cellar/ruby/4.0.3/include/ruby-4.0.0/ruby/internal/core/rdata.h:370:31: note: expanded from macro 'rb_data_object_get'
  370 | #define rb_data_object_get    RUBY_MACRO_SELECT(rb_data_object_get_2, RUBY_UNTYPED_DATA_WARNING)
      |                               ^
/opt/homebrew/Cellar/ruby/4.0.3/include/ruby-4.0.0/ruby/internal/core/rdata.h:50:35: note: expanded from macro 'RUBY_MACRO_SELECT'
   50 | #define RUBY_MACRO_SELECT(x, y)   RBIMPL_MACRO_SELECT(x, y)
      |                                   ^
/opt/homebrew/Cellar/ruby/4.0.3/include/ruby-4.0.0/ruby/internal/core/rdata.h:49:35: note: expanded from macro 'RBIMPL_MACRO_SELECT'
   49 | #define RBIMPL_MACRO_SELECT(x, y) x ## y
      |                                   ^
<scratch space>:111:1: note: expanded from here
  111 | rb_data_object_get_1
      | ^
/opt/homebrew/Cellar/ruby/4.0.3/include/ruby-4.0.0/ruby/internal/core/rdata.h:368:31: note: expanded from macro 'rb_data_object_get_1'
  368 | #define rb_data_object_get_1  rb_data_object_get_warning
      |                               ^
/opt/homebrew/Cellar/ruby/4.0.3/include/ruby-4.0.0/ruby/internal/core/rdata.h:317:1: note: 'rb_data_object_get_warning' has been explicitly marked deprecated here
  317 | RBIMPL_ATTRSET_UNTYPED_DATA_FUNC()
      | ^
/opt/homebrew/Cellar/ruby/4.0.3/include/ruby-4.0.0/ruby/internal/core/rdata.h:47:5: note: expanded from macro 'RBIMPL_ATTRSET_UNTYPED_DATA_FUNC'
   47 |     RBIMPL_ATTR_DEPRECATED(("by TypedData"))
      |     ^
/opt/homebrew/Cellar/ruby/4.0.3/include/ruby-4.0.0/ruby/internal/attr/deprecated.h:36:53: note: expanded from macro 'RBIMPL_ATTR_DEPRECATED'
   36 | # define RBIMPL_ATTR_DEPRECATED(msg) __attribute__((__deprecated__ msg))
      |                                                     ^
Function.c:305:5: warning: 'rb_data_object_get_warning' is deprecated: by TypedData [-Wdeprecated-declarations]
  305 |     Data_Get_Struct(fn->rbFunctionInfo, FunctionType, fn->info);
      |     ^
/opt/homebrew/Cellar/ruby/4.0.3/include/ruby-4.0.0/ruby/internal/core/rdata.h:278:34: note: expanded from macro 'Data_Get_Struct'
  278 |     ((sval) = RBIMPL_CAST((type*)rb_data_object_get(obj)))
      |                                  ^
/opt/homebrew/Cellar/ruby/4.0.3/include/ruby-4.0.0/ruby/internal/core/rdata.h:370:31: note: expanded from macro 'rb_data_object_get'
  370 | #define rb_data_object_get    RUBY_MACRO_SELECT(rb_data_object_get_2, RUBY_UNTYPED_DATA_WARNING)
      |                               ^
/opt/homebrew/Cellar/ruby/4.0.3/include/ruby-4.0.0/ruby/internal/core/rdata.h:50:35: note: expanded from macro 'RUBY_MACRO_SELECT'
   50 | #define RUBY_MACRO_SELECT(x, y)   RBIMPL_MACRO_SELECT(x, y)
      |                                   ^
/opt/homebrew/Cellar/ruby/4.0.3/include/ruby-4.0.0/ruby/internal/core/rdata.h:49:35: note: expanded from macro 'RBIMPL_MACRO_SELECT'
   49 | #define RBIMPL_MACRO_SELECT(x, y) x ## y
      |                                   ^
<scratch space>:112:1: note: expanded from here
  112 | rb_data_object_get_1
      | ^
/opt/homebrew/Cellar/ruby/4.0.3/include/ruby-4.0.0/ruby/internal/core/rdata.h:368:31: note: expanded from macro 'rb_data_object_get_1'
  368 | #define rb_data_object_get_1  rb_data_object_get_warning
      |                               ^
/opt/homebrew/Cellar/ruby/4.0.3/include/ruby-4.0.0/ruby/internal/core/rdata.h:317:1: note: 'rb_data_object_get_warning' has been explicitly marked deprecated here
  317 | RBIMPL_ATTRSET_UNTYPED_DATA_FUNC()
      | ^
/opt/homebrew/Cellar/ruby/4.0.3/include/ruby-4.0.0/ruby/internal/core/rdata.h:47:5: note: expanded from macro 'RBIMPL_ATTRSET_UNTYPED_DATA_FUNC'
   47 |     RBIMPL_ATTR_DEPRECATED(("by TypedData"))
      |     ^
/opt/homebrew/Cellar/ruby/4.0.3/include/ruby-4.0.0/ruby/internal/attr/deprecated.h:36:53: note: expanded from macro 'RBIMPL_ATTR_DEPRECATED'
   36 | # define RBIMPL_ATTR_DEPRECATED(msg) __attribute__((__deprecated__ msg))
      |                                                     ^
Function.c:309:9: warning: 'rb_data_object_get_warning' is deprecated: by TypedData [-Wdeprecated-declarations]
  309 |         Data_Get_Struct(rbProc, Pointer, orig);
      |         ^
/opt/homebrew/Cellar/ruby/4.0.3/include/ruby-4.0.0/ruby/internal/core/rdata.h:278:34: note: expanded from macro 'Data_Get_Struct'
  278 |     ((sval) = RBIMPL_CAST((type*)rb_data_object_get(obj)))
      |                                  ^
/opt/homebrew/Cellar/ruby/4.0.3/include/ruby-4.0.0/ruby/internal/core/rdata.h:370:31: note: expanded from macro 'rb_data_object_get'
  370 | #define rb_data_object_get    RUBY_MACRO_SELECT(rb_data_object_get_2, RUBY_UNTYPED_DATA_WARNING)
      |                               ^
/opt/homebrew/Cellar/ruby/4.0.3/include/ruby-4.0.0/ruby/internal/core/rdata.h:50:35: note: expanded from macro 'RUBY_MACRO_SELECT'
   50 | #define RUBY_MACRO_SELECT(x, y)   RBIMPL_MACRO_SELECT(x, y)
      |                                   ^
/opt/homebrew/Cellar/ruby/4.0.3/include/ruby-4.0.0/ruby/internal/core/rdata.h:49:35: note: expanded from macro 'RBIMPL_MACRO_SELECT'
   49 | #define RBIMPL_MACRO_SELECT(x, y) x ## y
      |                                   ^
<scratch space>:113:1: note: expanded from here
  113 | rb_data_object_get_1
      | ^
/opt/homebrew/Cellar/ruby/4.0.3/include/ruby-4.0.0/ruby/internal/core/rdata.h:368:31: note: expanded from macro 'rb_data_object_get_1'
  368 | #define rb_data_object_get_1  rb_data_object_get_warning
      |                               ^
/opt/homebrew/Cellar/ruby/4.0.3/include/ruby-4.0.0/ruby/internal/core/rdata.h:317:1: note: 'rb_data_object_get_warning' has been explicitly marked deprecated here
  317 | RBIMPL_ATTRSET_UNTYPED_DATA_FUNC()
      | ^
/opt/homebrew/Cellar/ruby/4.0.3/include/ruby-4.0.0/ruby/internal/core/rdata.h:47:5: note: expanded from macro 'RBIMPL_ATTRSET_UNTYPED_DATA_FUNC'
   47 |     RBIMPL_ATTR_DEPRECATED(("by TypedData"))
      |     ^
/opt/homebrew/Cellar/ruby/4.0.3/include/ruby-4.0.0/ruby/internal/attr/deprecated.h:36:53: note: expanded from macro 'RBIMPL_ATTR_DEPRECATED'
   36 | # define RBIMPL_ATTR_DEPRECATED(msg) __attribute__((__deprecated__ msg))
      |                                                     ^
compiling LongDouble.c
Function.c:363:5: warning: 'rb_data_object_get_warning' is deprecated: by TypedData [-Wdeprecated-declarations]
  363 |     Data_Get_Struct(self, Function, fn);
      |     ^
/opt/homebrew/Cellar/ruby/4.0.3/include/ruby-4.0.0/ruby/internal/core/rdata.h:278:34: note: expanded from macro 'Data_Get_Struct'
  278 |     ((sval) = RBIMPL_CAST((type*)rb_data_object_get(obj)))
      |                                  ^
/opt/homebrew/Cellar/ruby/4.0.3/include/ruby-4.0.0/ruby/internal/core/rdata.h:370:31: note: expanded from macro 'rb_data_object_get'
  370 | #define rb_data_object_get    RUBY_MACRO_SELECT(rb_data_object_get_2, RUBY_UNTYPED_DATA_WARNING)
      |                               ^
/opt/homebrew/Cellar/ruby/4.0.3/include/ruby-4.0.0/ruby/internal/core/rdata.h:50:35: note: expanded from macro 'RUBY_MACRO_SELECT'
   50 | #define RUBY_MACRO_SELECT(x, y)   RBIMPL_MACRO_SELECT(x, y)
      |                                   ^
/opt/homebrew/Cellar/ruby/4.0.3/include/ruby-4.0.0/ruby/internal/core/rdata.h:49:35: note: expanded from macro 'RBIMPL_MACRO_SELECT'
   49 | #define RBIMPL_MACRO_SELECT(x, y) x ## y
      |                                   ^
<scratch space>:114:1: note: expanded from here
  114 | rb_data_object_get_1
      | ^
/opt/homebrew/Cellar/ruby/4.0.3/include/ruby-4.0.0/ruby/internal/core/rdata.h:368:31: note: expanded from macro 'rb_data_object_get_1'
  368 | #define rb_data_object_get_1  rb_data_object_get_warning
      |                               ^
/opt/homebrew/Cellar/ruby/4.0.3/include/ruby-4.0.0/ruby/internal/core/rdata.h:317:1: note: 'rb_data_object_get_warning' has been explicitly marked deprecated here
  317 | RBIMPL_ATTRSET_UNTYPED_DATA_FUNC()
      | ^
/opt/homebrew/Cellar/ruby/4.0.3/include/ruby-4.0.0/ruby/internal/core/rdata.h:47:5: note: expanded from macro 'RBIMPL_ATTRSET_UNTYPED_DATA_FUNC'
   47 |     RBIMPL_ATTR_DEPRECATED(("by TypedData"))
      |     ^
/opt/homebrew/Cellar/ruby/4.0.3/include/ruby-4.0.0/ruby/internal/attr/deprecated.h:36:53: note: expanded from macro 'RBIMPL_ATTR_DEPRECATED'
   36 | # define RBIMPL_ATTR_DEPRECATED(msg) __attribute__((__deprecated__ msg))
      |                                                     ^
Function.c:381:5: warning: 'rb_data_object_get_warning' is deprecated: by TypedData [-Wdeprecated-declarations]
  381 |     Data_Get_Struct(self, Function, fn);
      |     ^
/opt/homebrew/Cellar/ruby/4.0.3/include/ruby-4.0.0/ruby/internal/core/rdata.h:278:34: note: expanded from macro 'Data_Get_Struct'
  278 |     ((sval) = RBIMPL_CAST((type*)rb_data_object_get(obj)))
      |                                  ^
/opt/homebrew/Cellar/ruby/4.0.3/include/ruby-4.0.0/ruby/internal/core/rdata.h:370:31: note: expanded from macro 'rb_data_object_get'
  370 | #define rb_data_object_get    RUBY_MACRO_SELECT(rb_data_object_get_2, RUBY_UNTYPED_DATA_WARNING)
      |                               ^
/opt/homebrew/Cellar/ruby/4.0.3/include/ruby-4.0.0/ruby/internal/core/rdata.h:50:35: note: expanded from macro 'RUBY_MACRO_SELECT'
   50 | #define RUBY_MACRO_SELECT(x, y)   RBIMPL_MACRO_SELECT(x, y)
      |                                   ^
/opt/homebrew/Cellar/ruby/4.0.3/include/ruby-4.0.0/ruby/internal/core/rdata.h:49:35: note: expanded from macro 'RBIMPL_MACRO_SELECT'
   49 | #define RBIMPL_MACRO_SELECT(x, y) x ## y
      |                                   ^
<scratch space>:115:1: note: expanded from here
  115 | rb_data_object_gPL_ATTRSET_UNTYPED_DATA_FUNC()
      | ^
/opt/homebrew/Cellar/ruby/4.0.3/include/ruby-4.0.0/ruby/internal/core/rdata.h:47:5: note: expanded from macro 'RBIMPL_ATTRSET_UNTYPED_DATA_FUNC'
   47 |     RBIMPL_eATTtR_DEPRECATED(("by_1
      | ^
/opt/homebrew/Cellar/ruby/4.0.3/include/ruby-4.0.0/ruby/internal/core/rdata.h:368:31: note: expanded from macro 'rb_data_object_get_1'
  368 | #define rb_data_object_get_1  rb_data_object_get_warning
      |                               ^
/opt/homebrew/Cellar/ruby/4.0.3/include/ruby-4.0.0/ruby/internal/core/rdata.h:317:1: note: 'rb_data_object_get_warning' has been explicitly marked deprecated here
  317 | RBIMPL_ATTRSET_UNTYPED_DATA_FUNC()
      | ^
/opt/homebrew/Cellar/ruby/4.0.3/include/ruby-4.0.0/ruby/internal/core/rdata.h:47:5: note: expanded from macro 'RBIMPL_ATTRSET_UNTYPED_DATA_FUNC'
   47 |     RBIMPL_ATTR_DEPRECATED(("by TypedData"))
      |     ^
/opt/homebrew/Cellar/ruby/4.0.3/include/ruby-4.0.0/ruby/internal/attr/deprecated.h:36:53: note: expanded from macro 'RBIMPL_ATTR_DEPRECATED'
   36 | # define RBIMPL_ATTR_DEPRECATED(msg) __attribute__((__deprecated__ msg))
      |                                                     ^
 TypedData"))
      |     ^
/opt/homebrew/Cellar/ruby/4.0.3/include/ruby-4.0.0/ruby/internal/attr/deprecated.h:36:53: note: expanded from macro 'RBIMPL_ATTR_DEPRECATED'
   36 | # define RBIMPL_ATTR_DEPRECATED(msg) __attribute__((__deprecated__ msg))
      |                                                     ^
Function.c:424:5: warning: 'rb_data_object_get_warning' is deprecated: by TypedData [-Wdeprecated-declarations]
  424 | AbstractMemory.c:261:1: warning: 'rb_data_object_get_warning' is deprecated: by TypedData [-Wdeprecated-declarations]
  261 | NUM_OP(float64, double,     Data_Get_Struct(self, Function,NUM2DBL, rb_float_new, NOSWAP);
      | ^
AbstractMemory.c:118:5: note: expanded from macro 'NUM_OP'
  118 |     Data_Get fn);
      |     ^
/opt/homebrew/Cellar/ruby/4.0.3/include/ruby-4.0.0/ruby/internal/core/rdata.h:278:34: note: expanded from macro 'Data_Get_Struct'
  278 |     ((sval) = RBIMPL_CAST((type*)rb_data_object_get(obj)))
      |                                  ^
/opt/homebrew/Cellar/ruby/4.0.3/include/ruby-4.0.0/ruby/internal/core/rdata.h:370:31: note: expanded from macro 'rb_data_object_get'
  370 | #define rb_data_object_get    RUBY_M_Struct(self, AbACRO_SELECT(rb_datast_obractMemject_geot_2, RUBY_UNTYPED_DATA_WARNING)
      |                               ^
/opt/homebrew/Cellar/ruby/4.0.3/include/ruby-4.0.0/ruby/internal/core/rdata.h:50:35: note: expanded from macro 'RUBY_MACRO_SELECT'
   50 | #define RUBY_MACRO_SELECT(x, y)   RBIMPL_MACRO_SELECT(x, y)
      |                                   ^
/opt/homebrew/Cellar/ruby/4.0.3/include/ruby-4.0.0/ruby/internal/core/rdata.h:49:35: note: expanded from macro 'RBIMPL_MACRO_SELECT'
   compiling MappedType.c
49 | #define RBIMPL_MACRO_SELECT(x, y) x ## y
      |                                   ^
<scratch space>:116:1: note: expanded from here
  116 | rb_data_object_get_1
      | ^
/opt/homebrew/Cellar/ruby/4.0.3/include/ruby-4.0.0/ruby/internal/core/rdata.h:368:31: note: expanded from macro 'rb_data_object_get_1'
  368 | #define rb_data_object_get_1  rb_data_object_get_warning
      |                               ^
/opt/homebrew/Cellar/ruby/4.0.3/include/ruby-4.0.0/ruby/internal/core/rdata.h:317:1: note: 'rb_data_object_get_warning' has been explicitly marked deprecated here
  317 | RBIMPL_ATTRSET_UNTYPED_DATA_FUNC()
      | ^
/opt/homebrew/Cellar/ruby/4.0.3/include/ruby-4.0.0/ruby/internal/core/rdata.h:47:5: note: expanded from macro 'RBIMPL_ATTRSET_UNTYPED_DATA_FUNC'
   47 |     RBIMPL_ATTR_DEPRECATED(("by TypedData"))
      |     ^
/opt/homebrew/Cellar/ruby/4.0.3/include/ruby-4.0.0/ruby/internal/attr/deprecated.h:36:53: note: expanded from macro 'RBIMPL_ATTR_DEPRECATED'
   36 | # define RBIMPL_ATTR_DEPRECATED(msg) __attribute__((__deprecated__ msg))
      |                                                     ^
Function.c:436:5: warning: 'rb_data_object_get_warning' is deprecated: by TypedData [-Wdeprecated-declarations]
  436 |     Data_Get_Struct(self, Function, fn);
      |     ^
/opt/homebrew/Cellar/ruby/4.0.3/include/ruby-4.0.0/ruby/internal/core/rdata.h:278:34: note: expanded from macro 'Data_Get_Struct'
  278 |     ((sval) = RBIMPL_CAST((type*)rb_data_object_get(obj)))
      |                                  ^
/opt/homebrew/Cellar/ruby/4.0.3/include/ruby-4.0.0/ruby/internal/core/rdata.h:370:31:ry, memory); \
      |     ^
/opt/homebrew/Cellar/ruby/4.0.3/include/ruby-4.0.0/ruby/internal/core/rdata.h:278:34: note: expanded from macro 'Data_Get_Struct'
  278 |    note: expanded from macro 'rb_data_object_get'
  370 | #define rb_data_object_get    RUBY  ((sval) = RBIMPL_CAST((type*)rb_da_MACRO_SELECT(rb_data_object_get_2, RUBY_UNTYPED_DATA_WARNING)
      |                               ^
/opt/homebrew/Cellar/ruby/4.0.3/include/ruby-4.0.0/ruby/internal/core/rdata.h:50:35: note: expanded from macro 'RUBY_MACRO_SELECT'
   50 | #define RUBY_MACRO_SELECT(x, y)   RBIMPL_MACRO_SELECT(x, y)
      |                                   ^
/opt/homebrew/Cellar/ruby/4.0.3/include/ruby-4.0.0/ruby/internal/core/rdata.h:49:35: note: expanded from macro 'RBIMPL_MACRO_SELECT'
   49 | #define RBIMPL_MACRO_SELECT(x, y) x ## y
      |                                   ^
<scratch space>:117:1: note: expanded from here
  117 | rb_data_object_get_1
      | ^
/opt/homebrew/Cellar/ruby/4.0.3/include/ruby-4.0.0/ruby/internal/core/rdata.h:368:31: note: expanded from macro 'rb_data_object_get_1'
  368 | #define rb_data_object_get_1  rb_data_object_get_warning
      |                               ^
/opt/homebrew/Cellar/ruby/4.0.3/include/ruby-4.0.0/ruby/internal/core/rdata.h:317:1: note: 'rb_data_object_get_warning' has been explicitly marked deprecated here
  317 | RBIMPL_ATTRSET_UNTYPED_DATA_FUNC()
      | ^
/opt/homebrew/Cellar/ruby/4.0.3/include/ruby-4.0.0/ruby/internal/core/rdata.h:47:5: note: expanded from macro 'RBIMPL_ATTRSET_UNTYPED_DATA_FUNC'
   47 |     RBIMPL_ATTR_DEPRECATED(("by TypedData"))
      |     ^
/opt/homebrew/Cellar/ruby/4.0.3/include/ruby-4.0.0/ruby/internal/attr/deprecated.h:36:53: note: expanded from macro 'RBIMPL_ATTR_DEPRECATED'
   36 | # define RBIMPL_ATTR_DEPRECATED(msg) __attribute__((__deprecated__ msg))
      |                                                     ^
Function.c:451:5: warning: 'rb_data_object_get_warning' is deprecated: by TypedData [-Wdeprecated-declarations]
  451 |     Data_Get_Struct(self, Function, fn);
      |     ^
/opt/homebrew/Cellar/ruby/4.0.3/include/ruby-4.0.0/ruby/internal/core/rdata.h:278:34: note: expanded from macro 'Data_Get_Struct'
  278 |     ((sval) = RBIMPL_CAST((type*)rb_data_object_get(obj)))
      |                                  ^
/opt/homebrew/Cellar/ruby/4.0.3/include/ruby-4.0.0/ruby/internal/core/rdata.h:370:31: note: expanded from macro 'rb_data_object_get'
  370 | #define rb_data_object_get    RUBY_MACRO_SELECT(rb_data_object_get_2, RUBY_UNTYPED_DATA_WARNING)
      |                               ^
/opt/homebrew/Cellar/ruby/4.0.3/include/ruby-4.0.0/ruby/internal/core/rdata.h:50:35: note: expanded from macro 'RUBY_MACRO_SELECT'
   50 | #define RUBY_MACRO_SELECT(x, y)   RBIMta_object_get(obj)))
      |                                  ^
/opt/homebrew/Cellar/ruby/4.0.3/include/ruby-4.0.0/ruby/internal/core/rdata.h:370:31: note: expanded from macro 'rb_data_object_get'
  370 | #define rb_data_object_get    RUBY_MACRO_SELECT(rb_data_object_get_2, RUBY_UNTYPED_DATA_WARNING)
      |                               ^
note: (skipping 1 expansions in backtrace; use -fmacro-backtrace-limit=0 to see all)
/opt/homebrew/Cellar/ruby/4.0.3/include/ruby-4.0.0/ruby/internal/core/rdata.h:49:35: note: expanded from macro 'RBIMPL_MACRO_SELECT'
   49 | #define RBIMPL_MACRPL_MACRO_SELECT(xO_SELECT(x, y), y) x ## y
      |                                   ^

<scratch space>:153:1: note: expanded from here
        153 | rb_data_ob|                                   ^
j/opt/homebrew/Cellar/ruby/4.0.3/include/ruby-4.0.0/ruby/internal/core/rdata.h:49:35: note: expanded from macro 'RBIMPL_MACRO_SELECT'
   49 | #define RBIMect_get_1
P      | ^
/opt/homebrew/Cellar/ruby/4.0.3/include/ruby-4.0.0/ruby/internal/core/rdata.h:368:31: note: L_MAexpanded from macro 'rb_data_object_get_1'CRO_SELECT(x, y) x ## y
      | 
  368 | #                                  ^defin
<scratch space>:118:1: note: expanded from here
e  118 | rb_data_ rb_odata_objectbject_get_1
      _get_1  rb_data_objec| ^
/opt/homebrew/Cellar/ruby/4.0.3/include/ruby-4.0.0/ruby/internal/core/rdata.h:368:31: t_get_warning
      |                               ^
note: /opt/homebrew/Cellar/ruby/4.0.3/include/ruby-4.0.0/ruby/internal/core/rdata.h:317:1: note: 'rb_data_object_get_warning' has been explicitly marked deprecated here
  317 | RBIexpanded from macro 'rb_data_object_get_1'
M  368 | #defPL_AiTTRSET_UNTYne rbP_data_object_get_1  rb_ED_DATA_FUNC()
      | data_object_get_warning
      |                               ^^
/opt/homebrew/Cellar/ruby/4.0.3/include/ruby-4.0.0/ruby/internal/core/rdata.h:47:5: note: 
expanded from macro 'RBIMPL_ATTRSET_UNTYPED_DATA_FUNC'
   47 |     RBIMP/opt/homebrew/Cellar/ruby/4.0.3/include/ruby-4.0.0/ruby/internal/core/rdata.hL_ATTR_D:317:1: note: 'rb_data_object_get_warning' has been explicitly marked deprecated here
  317 | RBIMPL_EATTRPRECATSED((ET"by Typed_Data"))
      |     ^
/opt/homebrew/Cellar/ruby/4.0.3/include/ruby-4.0.0/ruby/internal/attr/deprecated.h:36:53: note: expanded from macro 'RBIMPL_ATTR_DEPRECATED'
   36 | # UNTYdPED_DATA_FUNC()
      | efi^
/opt/homebrew/Cellar/ruby/4.0.3/include/ruby-4.0.0/ruby/internal/core/rdata.h:47:5: ne RBIMPL_ATTnote: R_DEPRECATED(msg) __attributeexpanded from macro 'RBIMPL_ATTRSET_UNTYPED_DATA_FUNC'
   47__(( | __de    RBIprecaMPL_Ated__ mTsg))TR
      |                                                     ^
_DEPRECATED(("by TypedDAbstractMemory.c:261:1: warning: 'rb_data_object_get_warning' is deprecated: by TypedData [-Wdeprecated-declarations]
  261 | NUM_aOP(ftloat64,a"))
      |     ^
/opt/homebrew/Cellar/ruby/4.0.3/include/ruby-4.0.0/ruby/internal/attr/deprecated.h:36:53: note: expanded from macro 'RBIMPL_ATTR_DEPRECATED'
   36 | # define RBIMPL_ATTR_DEPRECATED(msg) __attribute__((__deprecated__ msg))
      |                                                     ^
8 warnings generated.
compiling MemoryPointer.c
 double, NUM2DBL, rb_float_new, NOSWAP);
      | ^
AbstractMemory.c:126:5: note: expanded from macro 'NUM_OP'
  126 |     Data_Get_Struct(self, AbstractMemory, memory); \
      |     ^
/opt/homebrew/Cellar/ruby/4.0.3/include/ruby-4.0.0/ruby/internal/core/rdata.h:278:34: note: expanded from macro 'Data_Get_Struct'
  278 |     ((sval) = RBIMPL_CAST((type*)rb_data_object_get(obj)))
      |                                  ^
/opt/homebrew/Cellar/ruby/4.0.3/include/ruby-4.0.0/ruby/internal/core/rdata.h:370:31: note: expanded from macro 'rb_data_object_get'
  370 | #define rb_data_object_get    RUBY_MACRO_SELECT(rb_data_object_get_2, RUBY_UNTYPED_DATA_WARNING)
      |                               ^
note: (skipping 1 expansions in backtrace; use -fmacro-backtrace-limit=0 to see all)
/opt/homebrew/Cellar/ruby/4.0.3/include/ruby-4.0.0/ruby/internal/core/rdata.h:49:35: note: expanded from macro 'RBIMPL_MACRO_SELECT'
   49 | #define RBIMPL_MACRO_SELECT(x, y) x ## y
      |                                   ^
<scratch space>:157:1: note: expanded from here
  157 | rb_data_object_get_1
      | ^
/opt/homebrew/Cellar/ruby/4.0.3/include/ruby-4.0.0/ruby/internal/core/rdata.h:368:31: note: expanded from macro 'rb_data_object_get_1'
  368 | #define rb_data_object_get_1  rb_data_object_get_warning
      |                               ^
/opt/homebrew/Cellar/ruby/4.0.3/include/ruby-4.0.0/ruby/internal/core/rdata.h:317:1: note: 'rb_data_object_get_warning' has been explicitly marked deprecated here
  317 | RBIMPL_ATTRSET_UNTYPED_DATA_FUNC()
      | ^
/opt/homebrew/Cellar/ruby/4.0.3/include/ruby-4.0.0/ruby/internal/core/rdata.h:47:5: note: expanded from macro 'RBIMPL_ATTRSET_UNTYPED_DATA_FUNC'
   47 |     RBIMPL_ATTR_DEPRECATED(("by TypedData"))
      |     ^
/opt/homebrew/Cellar/ruby/4.0.3/include/ruby-4.0.0/ruby/internal/attr/deprecated.h:36:53: note: expanded from macro 'RBIMPL_ATTR_DEPRECATED'
   36 | # define RBIMPL_ATTR_DEPRECATED(msg) __attribute__((__deprecated__ msg))
      |                                                     ^
AbstractMemory.c:262:1: warning: 'rb_data_object_get_warning' is deprecated: by TypedData [-Wdeprecated-declarations]
  262 | NUM_OP(longdouble, long double, rbffi_num2longdouble, rbffi_longdouble_new, NOSWAP);
      | ^
AbstractMemory.c:90:5: note: expanded from macro 'NUM_OP'
   90 |     Data_Get_Struct(self, AbstractMemory, memory); \
      |     ^
/opt/homebrew/Cellar/ruby/4.0.3/include/ruby-4.0.0/ruby/internal/core/rdata.h:278:34: note: expanded from macro 'Data_Get_Struct'
  278 |     ((sval) = RBIMPL_CAST((type*)rb_data_object_get(obj)))
      |                                  ^
/opt/homebrew/Cellar/ruby/4.0.3/include/ruby-4.0.0/ruby/internal/core/rdata.h:370:31: note: expanded from macro 'rb_data_object_get'
  370 | #define rb_data_object_get    RUBY_MACRO_SELECT(rb_data_object_get_2, RUBY_UNTYPED_DATA_WARNING)
      |                               ^
note: (skipping 1 expansions in backtrace; use -fmacro-backtrace-limit=0 to see all)
/opt/homebrew/Cellar/ruby/4.0.3/include/ruby-4.0.0/ruby/internal/core/rdata.h:49:35: note: expanded from macro 'RBIMPL_MACRO_SELECT'
   49 | #define RBIMPL_MACRO_SELECT(x, y) x ## y
      |                                   ^
<scratch space>:2:1: note: expanded from here
    2 | rb_data_object_get_1
      | ^
/opt/homebrew/Cellar/ruby/4.0.3/include/ruby-4.0.0/ruby/internal/core/rdata.h:368:31: note: expanded from macro 'rb_data_object_get_1'
  368 | #define rb_data_object_get_1  rb_data_object_get_warning
      |                               ^
/opt/homebrew/Cellar/ruby/4.0.3/include/ruby-4.0.0/ruby/internal/core/rdata.h:317:1: note: 'rb_data_object_get_warning' has been explicitly marked deprecated here
  317 | RBIMPL_ATTRSET_UNTYPED_DATA_FUNC()
      | ^
/opt/homebrew/Cellar/ruby/4.0.3/include/ruby-4.0.0/ruby/internal/core/rdata.h:47:5: note: expanded from macro 'RBIMPL_ATTRSET_UNTYPED_DATA_FUNC'
   47 |     RBIMPL_ATTR_DEPRECATED(("by TypedData"))
      |     ^
/opt/homebrew/Cellar/ruby/4.0.3/include/ruby-4.0.0/ruby/internal/attr/deprecated.h:36:53: note: expanded from macro 'RBIMPL_ATTR_DEPRECATED'
   36 | # define RBIMPL_ATTR_DEPRECATED(msg) __attribute__((__deprecated__ msg))
      |                                                     ^
AbstractMemory.c:262:1: warning: 'rb_data_object_get_warning' is deprecated: by TypedData [-Wdeprecated-declarations]
  262 | NUM_OP(longdouble, long double, rbffi_num2longdouble, rbffi_longdouble_new, NOSWAP);
      | ^
AbstractMemory.c:99:5: note: expanded from macro 'NUM_OP'
   99 |     Data_Get_Struct(self, AbstractMemory, memory); \
      |     ^
/opt/homebrew/Cellar/ruby/4.0.3/include/ruby-4.0.0/ruby/internal/core/rdata.h:278:34: note: expanded from macro 'Data_Get_Struct'
  278 |     ((sval) = RBIMPL_CAST((type*)rb_data_object_get(obj)))
      |                                  ^
/opt/homebrew/Cellar/ruby/4.0.3/include/ruby-4.0.0/ruby/internal/core/rdata.h:370:31: note: expanded from macro 'rb_data_object_get'
  370 | #define rb_data_object_get    RUBY_MACRO_SELECT(rb_data_object_get_2, RUBY_UNTYPED_DATA_WARNING)
      |                               ^
note: (skipping 1 expansions in backtrace; use -fmacro-backtrace-limit=0 to see all)
/opt/homebrew/Cellar/ruby/4.0.3/include/ruby-4.0.0/ruby/internal/core/rdata.h:49:35: note: expanded from macro 'RBIMPL_MACRO_SELECT'
   49 | #define RBIMPL_MACRO_SELECT(x, y) x ## y
      |                                   ^
<scratch space>:6:1: note: expanded from here
    6 | rb_data_object_get_1
      | ^
/opt/homebrew/Cellar/ruby/4.0.3/include/ruby-4.0.0/ruby/internal/core/rdata.h:368:31: note: expanded from macro 'rb_data_object_get_1'
  368 | #define rb_data_object_get_1  rb_data_object_get_warning
      |                               ^
/opt/homebrew/Cellar/ruby/4.0.3/include/ruby-4.0.0/ruby/internal/core/rdata.h:317:1: note: 'rb_data_object_get_warning' has been explicitly marked deprecated here
  317 | RBIMPL_ATTRSET_UNTYPED_DATA_FUNC()
      | ^
/opt/homebrew/Cellar/ruby/4.0.3/include/ruby-4.0.0/ruby/internal/core/rdata.h:47:5: note: expanded from macro 'RBIMPL_ATTRSET_UNTYPED_DATA_FUNC'
   47 |     RBIMPL_ATTR_DEPRECATED(("by TypedData"))
      |     ^
/opt/homebrew/Cellar/ruby/4.0.3/include/ruby-4.0.0/ruby/internal/attr/deprecated.h:36:53: note: expanded from macro 'RBIMPL_ATTR_DEPRECATED'
   36 | # define RBIMPL_ATTR_DEPRECATED(msg) __attribute__((__deprecated__ msg))
      |                                                     ^
AbstractMemory.c:262:1compiling MethodHandle.c
: warning: 'rb_data_object_get_warning' is deprecated: by TypedData [-Wdeprecated-declarations]
  262 | NUM_OP(longdouble, long double, rbffi_num2longdouble, rbffi_longdouble_new, NOSWAP);
      | ^
AbstractMemory.c:118:5: note: expanded from macro 'NUM_OP'
  118 |     Data_Get_Struct(self, AbstractMemory, memory); \
      |     ^
/opt/homebrew/Cellar/ruby/4.0.3/include/ruby-4.0.0/ruby/internal/core/rdata.h:278:34: note: expanded from macro 'Data_Get_Struct'
  278 |     ((sval) = RBIMPL_CAST((type*)rb_data_object_get(obj)))
      |                                  ^
/opt/homebrew/Cellar/ruby/4.0.3/include/ruby-4.0.0/ruby/internal/core/rdata.h:370:31: note: expanded from macro 'rb_data_object_get'
  370 | #define rb_data_object_get    RUBY_MACRO_SELECT(rb_data_object_get_2, RUBY_UNTYPED_DATA_WARNING)
      |                               ^
note: (skipping 1 expansions in backtrace; use -fmacro-backtrace-limit=0 to see all)
/opt/homebrew/Cellar/ruby/4.0.3/include/ruby-4.0.0/ruby/internal/core/rdata.h:49:35: note: expanded from macro 'RBIMPL_MACRO_SELECT'
   49 | #define RBIMPL_MACRO_SELECT(x, y) x ## y
      |                                   ^
<scratch space>:12:1: note: expanded from here
   12 | rb_data_object_get_1
      | ^
/opt/homebrew/Cellar/ruby/4.0.3/include/ruby-4.0.0/ruby/internal/core/rdata.h:368:31: note: expanded from macro 'rb_data_object_get_1'
  368 | #define rb_data_object_get_1  rb_data_object_get_warning
      |                               ^
/opt/homebrew/Cellar/ruby/4.0.3/include/ruby-4.0.0/ruby/internal/core/rdata.h:317:1: note: 'rb_data_object_get_warning' has been explicitly marked deprecated here
  317 | RBIMPL_ATTRSET_UNTYPED_DATA_FUNC()
      | ^
/opt/homebrew/Cellar/ruby/4.0.3/include/ruby-4.0.0/ruby/internal/core/rdata.h:47:5: note: expanded from macro 'RBIMPL_ATTRSET_UNTYPED_DATA_FUNC'
   47 |     RBIMPL_ATTR_DEPRECATED(("by TypedData"))
      |     ^
/opt/homebrew/Cellar/ruby/4.0.3/include/ruby-4.0.0/ruby/internal/attr/deprecated.h:36:53: note: expanded from macro 'RBIMPL_ATTR_DEPRECATED'
   36 | # define RBIMPL_ATTR_DEPRECATED(msg) __attribute__((__deprecated__ msg))
      |                                                     ^
AbstractMemory.c:262:1: warning: 'rb_data_object_get_warning' is deprecated: by TypedData [-Wdeprecated-declarations]
  262 | NUM_OP(longdouble, long double, rbffi_num2longdouble, rbffi_longdouble_new, NOSWAP);
      | ^
AbstractMemory.c:126:5: note: expanded from macro 'NUM_OP'
  126 |     Data_Get_Struct(self, AbstractMemory, memory); \
      |     ^
/opt/homebrew/Cellar/ruby/4.0.3/include/ruby-4.0.0/ruby/internal/core/rdata.h:278:34: note: expanded from macro 'Data_Get_Struct'
  278 |     ((sval) = RBIMPL_CAST((type*)rb_data_object_get(obj)))
      |                                  ^
/opt/homebrew/Cellar/ruby/4.0.3/include/ruby-4.0.0/ruby/internal/core/rdata.h:370:31: note: expanded from macro 'rb_data_object_get'
  370 | #define rb_data_object_get    RUBY_MACRO_SELECT(rb_data_object_get_2, RUBY_UNTYPED_DATA_WARNING)
      |                               ^
note: (skipping 1 expansions in backtrace; use -fmacro-backtrace-limit=0 to see all)
/opt/homebrew/Cellar/ruby/4.0.3/include/ruby-4.0.0/ruby/internal/core/rdata.h:49:35: note: expanded from macro 'RBIMPL_MACRO_SELECT'
   49 | #define RBIMPL_MACRO_SELECT(x, y) x ## y
      |                                   ^
<scratch space>:16:1: note: expanded from here
   16 | rb_data_object_get_1
      | ^
/opt/homebrew/Cellar/ruby/4.0.3/include/ruby-4.0.0/ruby/internal/core/rdata.h:368:31: note: expanded from macro 'rb_data_object_get_1'
  368 | #define rb_data_object_get_1  rb_data_object_get_warning
      |                               ^
/opt/homebrew/Cellar/ruby/4.0.3/include/ruby-4.0.0/ruby/internal/core/rdata.h:317:1: note: 'rb_data_object_get_warning' has been explicitly marked deprecated here
  317 | RBIMPL_ATTRSET_UNTYPED_DATA_FUNC()
      | ^
/opt/homebrew/Cellar/ruby/4.0.3/include/ruby-4.0.0/ruby/internal/core/rdata.h:47:5: note: expanded from macro 'RBIMPL_ATTRSET_UNTYPED_DATA_FUNC'
   47 |     RBIMPL_ATTR_DEPRECATED(("by TypedData"))
      |     ^
/opt/homebrew/Cellar/ruby/4.0.3/include/ruby-4.0.0/ruby/internal/attr/deprecated.h:36:53: note: expanded from macro 'RBIMPL_ATTR_DEPRECATED'
   36 | # define RBIMPL_ATTR_DEPRECATED(msg) __attribute__((__deprecated__ msg))
      |                                                     ^
AbstractMemory.c:284:1: warning: 'rb_data_object_get_warning' is deprecated: by TypedData [-Wdeprecated-declarations]
  284 | NUM_OP(pointer, void *, get_pointer_value, rbffi_Pointer_NewInstance, NOSWAP);
      | ^
AbstractMemory.c:90:5: note: expanded from macro 'NUM_OP'
   90 |     Data_Get_Struct(self, AbstractMemory, m3 warnings generated.
emory); \
      |     ^
/opt/homebrew/Cellar/ruby/4.0.3/include/ruby-4.0.0/ruby/internal/core/rdata.h:278:34: note: expanded from macro 'Data_Get_Struct'
  278 |     ((sval) = RBIMPL_CAST((type*)rb_data_object_get(obj)))
      |                                  ^
/opt/homebrew/Cellar/ruby/4.0.3/include/ruby-4.0.0/ruby/internal/core/rdata.h:370:31: note: expanded from macro 'rb_data_object_get'
  370 | #define rb_data_object_get    RUBY_MACRO_SELECT(rb_data_object_get_2, RUBY_UNTYPED_DATA_WARNING)
      |                               ^
note: (skipping 1 expansions in backtrace; use -fmacro-backtrace-limit=0 to see all)
/opt/homebrew/Cellar/ruby/4.0.3/include/ruby-4.0.0/ruby/internal/core/rdata.h:49:35: note: expanded from macro 'RBIMPL_MACRO_SELECT'
   49 | #define RBIMPL_MACRO_SELECT(x, y) x ## y
      |                                   ^
<scratch space>:35:1: note: expanded from here
   35 | rb_data_object_get_1
      | ^
/opt/homebrew/Cellar/ruby/4.0.3/include/ruby-4.0.0/ruby/internal/core/rdata.h:368:31: note: expanded from macro 'rb_data_object_get_1'
  368 | #define rb_data_object_get_1  rb_data_object_get_warning
      |                               ^
/opt/homebrew/Cellar/ruby/4.0.3/include/ruby-4.0.0/ruby/internal/core/rdata.h:317:1: note: 'rb_data_object_get_warning' has been explicitly marked deprecated here
  317 | RBIMPL_ATTRSET_UNTYPED_DATA_FUNC()
      | ^
/opt/homebrew/Cellar/ruby/4.0.3/include/ruby-4.0.0/ruby/internal/core/rdata.h:47:5: note: expanded from macro 'RBIMPL_ATTRSET_UNTYPED_DATA_FUNC'
   47 |     RBIMPL_ATTR_DEPRECATED(("by TypedData"))
      |     ^
/opt/homebrew/Cellar/ruby/4.0.3/include/ruby-4.0.0/ruby/internal/attr/deprecated.h:36:53: note: expanded from macro 'RBIMPL_ATTR_DEPRECATED'
   36 | # define RBIMPL_ATTR_DEPRECATED(msg) __attribute__((__deprecated__ msg))
      |                                                     ^
AbstractMemory.c:284:1: warning: 'rb_data_object_get_warning' is deprecated: by TypedData [-Wdeprecated-declarations]
  284 | NUM_OP(pointer, void *, get_pointer_value, rbffi_Pointer_NewInstance, NOSWAP);
      | ^
AbstractMemory.c:99:5: note: expanded from macro 'NUM_OP'
   99 |     Data_Get_Struct(self, AbstractMemory, memory); \
      |     ^
/opt/homebrew/Cellar/ruby/4.0.3/include/ruby-4.0.0/ruby/internal/core/rdata.h:278:34: note: expanded from macro 'Data_Get_Struct'
  278 |     ((sval) = RBIMPL_CAST((type*)rb_data_object_get(obj)))
      |                                  ^
/opt/homebrew/Cellar/ruby/4.0.3/include/ruby-4.0.0/ruby/internal/core/rdata.h:370:31: note: expanded from macro 'rb_data_object_get'
  370 | #define rb_data_object_get    RUBY_MACRO_SELECT(rb_data_object_get_2, RUBY_UNTYPED_DATA_WARNING)
      |                               ^
note: (skipping 1 expansions in backtrace; use -fmacro-backtrace-limit=0 to see all)
/opt/homebrew/Cellar/ruby/4.0.3/include/ruby-4.0.0/ruby/internal/core/rdata.h:49:35: note: expanded from macro 'RBIMPL_MACRO_SELECT'
   49 | #define RBIMPL_MACRO_SELECT(x, y) x ## y
      |                                   ^
<scratch space>:39:1: note: expanded from here
   39 | rb_data_object_get_1
      | ^
/opt/homebrew/Cellar/ruby/4.0.3/include/ruby-4.0.0/ruby/internal/core/rdata.h:368:31: note: expanded from macro 'rb_data_object_get_1'
  368 | #define rb_data_object_get_1  rb_data_object_get_warning
      |                               ^
/opt/homebrew/Cellar/ruby/4.0.3/include/ruby-4.0.0/ruby/internal/core/rdata.h:317:1: note: 'rb_data_object_get_warning' has been explicitly marked deprecated here
  317 | RBIMPL_ATTRSET_UNTYPED_DATA_FUNC()
      | ^
/opt/homebrew/Cellar/ruby/4.0.3/include/ruby-4.0.0/ruby/internal/core/rdata.h:5 warnings generated.
47:5: note: expanded from macro 'RBIMPL_ATTRSET_UNTYPED_DATA_FUNC'
   47 |     RBIMPL_ATTR_DEPRECATED(("by TypedData"))
      |     ^
/opt/homebrew/Cellar/ruby/4.0.3/include/ruby-4.0.0/ruby/internal/attr/deprecated.h:36:53: note: expanded from macro 'RBIMPL_ATTR_DEPRECATED'
   36 | # define RBIMPL_ATTR_DEPRECATED(msg) __attribute__((__deprecated__ msg))
      |                                                     ^
AbstractMemory.c:284:1: warning: 'rb_data_object_get_warning' is deprecated: by TypedData [-Wdeprecated-declarations]
  284 | NUM_OP(pointer, void *, get_pointer_value, rbffi_Pointer_NewInstance, NOSWAP);
      | ^
AbstractMemory.c:118:5: note: expanded from macro 'NUM_OP'
  118 |     Data_Get_Struct(self, AbstractMemory, memory); \
      |     ^
/opt/homebrew/Cellar/ruby/4.0.3/include/ruby-4.0.0/ruby/internal/core/rdata.h:278:34: note: expanded from macro 'Data_Get_Struct'
  278 |     ((sval) = RBIMPL_CAST((type*)rb_data_object_get(obj)))
      |                                  ^
/opt/homebrew/Cellar/ruby/4.0.3/include/ruby-4.0.0/ruby/internal/core/rdata.h:370:31: note: expanded from macro 'rb_data_object_get'
  370 | #define rb_data_object_get    RUBY_MACRO_SELECT(rb_data_object_get_2, RUBY_UNTYPED_DATA_WARNING)
      |                               ^
note: (skipping 1 expansions in backtrace; use -fmacro-backtrace-limit=0 to see all)
/opt/homebrew/Cellar/ruby/4.0.3/include/ruby-4.0.0/ruby/internal/core/rdata.h:49:35: note: expanded from macro 'RBIMPL_MACRO_SELECT'
   49 | #define RBIMPL_MACRO_SELECT(x, y) x ## y
      |                                   ^
<scratch space>:45:1: note: expanded from here
   45 | rb_data_object_get_1
      | ^
/opt/homebrew/Cellar/ruby/4.0.3/include/ruby-4.0.0/ruby/internal/core/rdata.h:368:31: note: expanded from macro 'rb_data_object_get_1'
  368 | #define rb_data_object_get_1  rb_data_object_get_warning
      |                               ^
/opt/homebrew/Cellar/ruby/4.0.3/include/ruby-4.0.0/ruby/internal/core/rdata.h:317:1: note: 'rb_data_object_get_warning' has been explicitly marked deprecated here
  317 | RBIMPL_ATTRSET_UNTYPED_DATA_FUNC()
      | ^
/opt/homebrew/Cellar/ruby/4.0.3/include/ruby-4.0.0/ruby/internal/core/rdata.h:47:5: note: expanded from macro 'RBIMPL_ATTRSET_UNTYPED_DATA_FUNC'
   47 |     RBIMPL_ATTR_DEPRECATED(("by TypedData"))
      |     ^
/opt/homebrew/Cellar/ruby/4.0.3/include/ruby-4.0.0/ruby/internal/attr/deprecated.h:36:53: note: expanded from macro 'RBIMPL_ATTR_DEPRECATED'
   36 | # define RBIMPL_ATTR_DEPRECATED(msg) __attribute__((__deprecated__ msg))
      |                                                     ^
AbstractMemory.c:284:1: warning: 'rb_data_object_get_warning' is deprecated: by TypedData [-Wdeprecated-declarations]
  284 | NUM_OP(pointer, void *, get_pointer_value, rbffi_Pointer_NewInstance, NOSWAP);
      | ^
AbstractMemory.c:126:5: note: expanded from macro 'NUM_OP'
  126 |     Data_Get_Struct(self, AbstractMemory, memory); \
      |     ^
/opt/homebrew/Cellar/ruby/4.0.3/include/ruby-4.0.0/ruby/internal/core/rdata.h:278:34: note: expanded from macro 'Data_Get_Struct'
  278 |     ((sval) = RBIMPL_CAST((type*)rb_data_object_get(obj)))
      |                                  ^
/opt/homebrew/Cellar/ruby/4.0.3/include/ruby-4.0.0/ruby/internal/core/rdata.h:370:31: note: expanded from macro 'rb_data_object_get'
  370 | #define rb_data_object_get    RUBY_MACRO_SELECT(rb_data_object_get_2, RUBY_UNTYPED_DATA_WARNING)
      |                               ^
note: (skipping 1 expansions in backtrace; use -fmacro-backtrace-limit=0 to see all)
/opt/homebrew/Cellar/ruby/4.0.3/include/ruby-4.0.0/ruby/internal/core/rdata.h:49:35: note: expanded from macro 'RBIMPL_MACRO_SELECT'
   49 | #define RBIMPL_MACRO_SELECT(x, y) x ## y
      |                                   ^
<scratch space>:49:1: note: expanded from here
   49 | rb_data_object_get_1
      | ^
/opt/homebrew/Cellar/ruby/4.0.3/include/ruby-4.0.0/ruby/internal/core/rdata.h:368:31: note: expanded from macro 'rb_data_object_get_1'
  368 | #define rb_data_object_get_1  rb_data_object_get_warning
      |                               ^
/opt/homebrew/Cellar/ruby/4.0.3/include/ruby-4.0.0/ruby/internal/core/rdata.h:317:1: note: 'rb_data_object_get_warning' has been explicitly marked deprecated here
  317 | RBIMPL_ATTRSET_UNTYPED_DATA_FUNC()
      | ^
/opt/homebrew/Cellar/ruby/4.0.3/include/ruby-4.0.0/ruby/internal/core/rdata.h:47:5: note: expanded from macro 'RBIMPL_ATTRSET_UNTYPED_DATA_FUNC'
   47 |     RBIMPL_ATTR_DEPRECATED(("by TypedData"))
      |     ^
/opt/homebrew/Cellar/ruby/4.0.3/include/ruby-4.0.0/ruby/internal/attr/deprecated.h:36:53: note: expanded from macro 'RBIMPL_ATTR_DEPRECATED'
   36 | # define RBIMPL_ATTR_DEPRECATED(msg) __attribute__((__deprecated__ msg))
      |                                                     ^
compiling Platform.c
AbstractMemory.c:298:1: warning: 'rb_data_object_get_warning' is deprecated: by TypedData [-Wdeprecated-declarations]
  298 | NUM_OP(bool, unsigned char, rbffi_bool_value, rbffi_bool_new, NOSWAP);
      | ^
AbstractMemory.c:90:5: note: expanded from macro 'NUM_OP'
   90 |     Data_Get_Struct(self, AbstractMemory, memory); \
      |     ^
/opt/homebrew/Cellar/ruby/4.0.3/include/ruby-4.0.0/ruby/internal/core/rdata.h:278:34: note: expanded from macro 'Data_Get_Struct'
  278 |     ((sval) = RBIMPL_CAST((type*)rb_data_object_get(obj)))
      |                                  ^
/opt/homebrew/Cellar/ruby/4.0.3/include/ruby-4.0.0/ruby/internal/core/rdata.h:370:31: note: expanded from macro 'rb_data_object_get'
  370 | #define rb_data_object_get    RUBY_MACRO_SELECT(rb_data_object_get_2, RUBY_UNTYPED_DATA_WARNING)
      |                               ^
note: (skipping 1 expansions in backtrace; use -fmacro-backtrace-limit=0 to see all)
/opt/homebrew/Cellar/ruby/4.0.3/include/ruby-4.0.0/ruby/internal/core/rdata.h:49:35: note: expanded from macro 'RBIMPL_MACRO_SELECT'
   49 | #define RBIMPL_MACRO_SELECT(x, y) x ## y
      |                                   ^
<scratch space>:68:1: note: expanded from here
   68 | rb_data_object_get_1
      | ^
/opt/homebrew/Cellar/ruby/4.0.3/include/ruby-4.0.0/ruby/internal/core/rdata.h:368:31: note: expanded from macro 'rb_data_object_get_1'
  368 | #define rb_data_object_get_1  rb_data_object_get_warning
      |                               ^
/opt/homebrew/Cellar/ruby/4.0.3/include/ruby-4.0.0/ruby/internal/core/rdata.h:317:1: note: 'rb_data_object_get_warning' has been explicitly marked deprecated here
  317 | RBIMPL_ATTRSET_UNTYPED_DATA_FUNC()
      | ^
/opt/homebrew/Cellar/ruby/4.0.3/include/ruby-4.0.0/ruby/internal/core/rdata.h:47:5: note: expanded from macro 'RBIMPL_ATTRSET_UNTYPED_DATA_FUNC'
   47 |     RBIMPL_ATTR_DEPRECATED(("by TypedData"))
      |     ^
/opt/homebrew/Cellar/ruby/4.0.3/include/ruby-4.0.0/ruby/internal/attr/deprecated.h:36:53: note: expanded from macro 'RBIMPL_ATTR_DEPRECATED'
   36 | # define RBIMPL_ATTR_DEPRECATED(msg) __attribute__((__deprecated__ msg))
      |                                                     ^
AbstractMemory.c:298:1: warning: 'rb_data_object_get_warning' is deprecated: by TypedData [-Wdeprecated-declarations]
  298 | NUM_OP(bool, unsigned char, rbffi_bool_value, rbffi_bool_new, NOSWAP);
      | ^
AbstractMemory.c:99:5: note: expanded from macro 'NUM_OP'
   99 |     Data_Get_Struct(self, AbstractMemory, memory); \
      |     ^
/opt/homebrew/Cellar/ruby/4.0.3/include/ruby-4.0.0/ruby/internal/core/rdata.h:278:34: note: expanded from macro 'Data_Get_Struct'
  278 |     ((sval) = RBIMPL_CAST((type*)rb_data_object_get(obj)))
      |                                  ^
/opt/homebrew/Cellar/ruby/4.0.3/include/ruby-4.0.0/ruby/internal/core/rdata.h:370:31: note: expanded from macro 'rb_data_object_get'
  370 | #define rb_data_object_get    RUBY_MACRO_SELECT(rb_data_object_get_2, RUBY_UNTYPED_DATA_WARNING)
      |                               ^
note: (skipping 1 expansions in backtrace; use -fmacro-backtrace-limit=0 to see all)
/opt/homebrew/Cellar/ruby/4.0.3/include/ruby-4.0.0/ruby/internal/core/rdata.h:49:35: note: expanded from macro 'RBIMPL_MACRO_SELECT'
   49 | #define RBIMPL_MACRO_SELECT(x, y) x ## y
      |                                   ^
<scratch space>:72:1: note: expanded from here
   72 | rb_data_object_get_1
      | ^
/opt/homebrew/Cellar/ruby/4.0.3/include/ruby-4.0.0/ruby/internal/core/rdata.h:368:31: note: expanded from macro 'rb_data_object_get_1'
  368 | #define rb_data_object_get_1  rb_data_object_get_warning
      |                               ^
/opt/homebrew/Cellar/ruby/4.0.3/include/ruby-4.0.0/ruby/internal/core/rdata.h:317:1: note: 'rb_data_object_get_warning' has been explicitly marked deprecated here
  317 | RBIMPL_ATTRSET_UNTYPED_DATA_FUNC()
      | ^
/opt/homebrew/Cellar/ruby/4.0.3/include/ruby-4.0.0/ruby/internal/core/rdata.h:47:5: note: expanded from macro 'RBIMPL_ATTRSET_UNTYPED_DATA_FUNC'
   47 |     RBIMPL_ATTR_DEPRECATED(("by TypedData"))
      |     ^
/opt/homebrew/Cellar/ruby/4.0.3/include/ruby-4.0.0/ruby/internal/attr/deprecated.h:36:53: note: expanded from macro 'RBIMPL_ATTR_DEPRECATED'
   36 | # define RBIMPL_ATTR_DEPRECATED(msg) __attribute__((__deprecated__ msg))
      |                                                     ^
AbstractMemory.c:298:1: warning: 'rb_data_object_get_warning' is deprecated: by TypedData [-Wdeprecated-declarations]
  298 | NUM_OP(bool, unsigned char, rbffi_bool_value, rbffi_bool_new, NOSWAP);
      | ^
AbstractMemory.c:118:5: note: expanded from macro 'NUM_OP'
  118 |     Data_Get_Struct(self, AbstractMemory, memory); \
      |     ^
/opt/homebrew/Cellar/ruby/4.0.3/include/ruby-4.0.0/ruby/internal/core/rdata.h:278:34: note: expanded from macro 'Data_Get_Struct'
  278 |     ((sval) = RBIMPL_CAST((type*)rb_data_object_get(obj)))
      |                                  ^
/opt/homebrew/Cellar/ruby/4.0.3/include/ruby-4.0.0/ruby/internal/core/rdata.h:370:31: note: expanded from macro 'rb_data_object_get'
  370 | #define rb_data_object_get    RUBY_MACRO_SELECT(rb_data_object_get_2, RUBY_UNTYPED_DATA_WARNING)
      |                               ^
note: (skipping 1 expansions in backtrace; use -fmacro-backtrace-limit=0 to see all)
/opt/homebrew/Cellar/ruby/4.0.3/include/ruby-4.0.0/ruby/internal/core/rdata.h:49:35: note: expanded from macro 'RBIMPL_MACRO_SELECT'
   49 | #define RBIMPL_MACRO_SELECT(x, y) x ## y
      |                                   ^
<scratch space>:78:1: note: expanded from here
   78 | rb_data_object_get_1
      | ^
/opt/homebrew/Cellar/ruby/4.0.3/include/ruby-4.0.0/ruby/internal/core/rdata.h:368:31: note: expanded from macro 'rb_data_object_get_1'
  368 | #define rb_data_object_get_1  rb_data_object_get_warning
      |                               ^
/opt/homebrew/Cellar/ruby/4.0.3/include/ruby-4.0.0/ruby/internal/core/rdata.h:317:1: note: 'rb_data_object_get_warning' has been explicitly marked deprecated here
  317 | RBIMPL_ATTRSET_UNTYPED_DATA_FUNC()
      | ^
/opt/homebrew/Cellar/ruby/4.0.3/include/ruby-4.0.0/ruby/internal/core/rdata.h:47:5: note: expanded from macro 'RBIMPL_ATTRSET_UNTYPED_DATA_FUNC'
   47 |     RBIMPL_ATTR_DEPRECATED(("by TypedData"))
      |     ^
/opt/homebrew/Cellar/ruby/4.0.3/include/ruby-4.0.0/ruby/internal/attr/deprecated.h:36:53: note: expanded from macro 'RBIMPL_ATTR_DEPRECATED'
   36 | # define RBIMPL_ATTR_DEPRECATED(msg) __attribute__((__deprecated__ msg))
      |                                                     ^
AbstractMemory.c:298:1: warning: 'rb_data_object_get_warning' is deprecated: by TypedData [-Wdeprecated-declarations]
  298 | NUM_OP(bool, unsigned char, rbffi_bool_value, rbffi_bool_new, NOSWAP);
      | ^
AbstractMemory.c:126:5: note: expanded from macro 'NUM_OP'
  126 |     Data_Get_Struct(self, AbstractMemory, memory); \
      |     ^
/opt/homebrew/Cellar/ruby/4.0.3/include/ruby-4.0.0/ruby/internal/core/rdata.h:278:34: note: expanded from macro 'Data_Get_Struct'
  278 |     ((sval) = RBIMPL_CAST((type*)rb_data_object_get(obj)))
      |                                  ^
/opt/homebrew/Cellar/ruby/4.0.3/include/ruby-4.0.0/ruby/internal/core/rdata.h:370:31: note: expanded from macro 'rb_data_object_get'
  370 | #define rb_data_object_get    RUBY_MACRO_SELECT(rb_data_object_get_2, RUBY_UNTYPED_DATA_WARNING)
      |                               ^
note: (skipping 1 expansions in backtrace; use -fmacro-backtrace-limit=0 to see all)
/opt/homebrew/Cellar/ruby/4.0.3/include/ruby-4.0.0/ruby/internal/core/rdata.h:49:35: note: expanded from macro 'RBIMPL_MACRO_SELECT'
   49 | #define RBIMPL_MACRO_SELECT(x, y) x ## y
      |                                   ^
<scratch space>:82:1: note: expanded from here
   82 | rb_data_object_get_1
      | ^
/opt/homebrew/Cellar/ruby/4.0.3/include/ruby-4.0.0/ruby/internal/core/rdata.h:368:31: note: expanded from macro 'rb_data_object_get_1'
  368 | #define rb_data_object_get_1  rb_data_object_get_warning
      |                               ^
/opt/homebrew/Cellar/ruby/4.0.3/include/ruby-4.0.0/ruby/internal/core/rdata.h:317:1: note: 'rb_data_object_get_warning' has been explicitly marked deprecated here
  317 | RBIMPL_ATTRSET_UNTYPED_DATA_FUNC()
      | ^
/opt/homebrew/Cellar/ruby/4.0.3/include/ruby-4.0.0/ruby/internal/core/rdata.h:47:5: note: expanded from macro 'RBIMPL_ATTRSET_UNTYPED_DATA_FUNC'
   47 |     RBIMPL_ATTR_DEPRECATED(("by TypedData"))
      |     ^
/opt/homebrew/Cellar/ruby/4.0.3/include/ruby-4.0.0/ruby/internal/attr/deprecated.h:36:53: note: expanded from macro 'RBIMPL_ATTR_DEPRECATED'
   36 | # define RBIMPL_ATTR_DEPRECATED(msg) __attribute__((__deprecated__ msg))
      |                                                     ^
AbstractMemory.c:324:5: warning: 'rb_data_object_get_warning' is deprecated: by TypedData [-Wdeprecated-declarations]
  324 |     Data_Get_Struct(self, AbstractMemory, ptr);
      |     ^
/opt/homebrew/Cellar/ruby/4.0.3/include/ruby-4.0.0/ruby/internal/core/rdata.h:278:34: note: expanded from macro 'Data_Get_Struct'
  278 |     ((sval) = RBIMPL_CAST((type*)rb_data_object_get(obj)))
      |                                  ^
/opt/homebrew/Cellar/ruby/4.0.3/include/ruby-4.0.0/ruby/internal/core/rdata.h:370:31: note: expanded from macro 'rb_data_object_get'
  370 | #define rb_data_object_get    RUBY_MACRO_SELECT(rb_data_object_get_2, RUBY_UNTYPED_DATA_WARNING)
      |                               ^
/opt/homebrew/Cellar/ruby/4.0.3/include/ruby-4.0.0/ruby/internal/core/rdata.h:50:35: note: expanded from macro 'RUBY_MACRO_SELECT'
   50 | #define RUBY_MACRO_SELECT(x, y)   RBIMPL_MACRO_SELECT(x, y)
      |                                   ^
/opt/homebrew/Cellar/ruby/4.0.3/include/ruby-4.0.0/ruby/internal/core/rdata.h:49:35: note: expanded from macro 'RBIMPL_MACRO_SELECT'
   49 | #define RBIMPL_MACRO_SELECT(x, y) x ## y
      |                                   ^
<scratch space>:97:1: note: expanded from here
   97 | rb_data_object_get_1
      | ^
/opt/homebrew/Cellar/ruby/4.0.3/include/ruby-4.0.0/ruby/internal/core/rdata.h:368:31: note: expanded from macro 'rb_data_object_get_1'
  368 | #define rb_data_object_get_1  rb_data_object_get_warning
      |                               ^
/opt/homebrew/Cellar/ruby/4.0.3/include/ruby-4.0.0/ruby/internal/core/rdata.h:317:1: note: 'rb_data_object_get_warning' has been explicitly marked deprecated here
  317 | RBIMPL_ATTRSET_UNTYPED_DATA_FUNC()
      | ^
/opt/homebrew/Cellar/ruby/4.0.3/include/ruby-4.0.0/ruby/internal/core/rdata.h:47:5: note: expanded from macro 'RBIMPL_ATTRSET_UNTYPED_DATA_FUNC'
   47 |     RBIMPL_ATTR_DEPRECATED(("by TypedData"))
      |     ^
/opt/homebrew/Cellar/ruby/4.0.3/include/ruby-4.0.0/ruby/internal/attr/deprecated.h:36:53: note: expanded from macro 'RBIMPL_ATTR_DEPRECATED'
   36 | # define RBIMPL_ATTR_DEPRECATED(msg) __attribute__((__deprecated__ msg))
      |                                                     ^
AbstractMemory.c:347:5: warning: 'rb_data_object_get_warning' is deprecated: by TypedData [-Wdeprecated-declarations]
  347 |     Data_Get_Struct(self, AbstractMemory, ptr);
      |     ^
/opt/homebrew/Cellar/ruby/4.0.3/include/ruby-4.0.0/ruby/internal/core/rdata.h:278:34: note: expanded from macro 'Data_Get_Struct'
  278 |     ((sval) = RBIMPL_CAST((type*)rb_data_object_get(obj)))
      |                                  ^
/opt/homebrew/Cellar/ruby/4.0.3/include/ruby-4.0.0/ruby/internal/core/rdata.h:370:31: note: expanded from macro 'rb_data_object_get'
  370 | #define rb_data_object_get    RUBY_MACRO_SELECT(rb_data_object_get_2, RUBY_UNTYPED_DATA_WARNING)
      |                               ^
/opt/homebrew/Cellar/ruby/4.0.3/include/ruby-4.0.0/ruby/internal/core/rdata.h:50:35: note: expanded from macro 'RUBY_MACRO_SELECT'
   50 | #define RUBY_MACRO_SELECT(x, y)   RBIMPL_MACRO_SELECT(x, y)
      |                                   ^
/opt/homebrew/Cellar/ruby/4.0.3/include/ruby-4.0.0/ruby/internal/core/rdata.h:49:35: note: expanded from macro 'RBIMPL_MACRO_SELECT'
   49 | #define RBIMPL_MACRO_SELECT(x, y) x ## y
      |                                   ^
<scratch space>:98:1: note: expanded from here
   98 | rb_data_object_get_1
      | ^
/opt/homebrew/Cellar/ruby/4.0.3/include/ruby-4.0.0/ruby/internal/core/rdata.h:368:31: note: expanded from macro 'rb_data_object_get_1'
  368 | #define rb_data_object_get_1  rb_data_object_get_warning
      |                               ^
/opt/homebrew/Cellar/ruby/4.0.3/include/ruby-4.0.0/ruby/internal/core/rdata.h:317:1: note: 'rb_data_object_get_warning' has been explicitly marked deprecated here
  317 | RBIMPL_ATTRSET_UNTYPED_DATA_FUNC()
      | ^
/opt/homebrew/Cellar/ruby/4.0.3/include/ruby-4.0.0/ruby/internal/core/rdata.h:47:5: note: expanded from macro 'RBIMPL_ATTRSET_UNTYPED_DATA_FUNC'
   47 |     RBIMPL_ATTR_DEPRECATED(("by TypedData"))
      |     ^
/opt/homebrew/Cellar/ruby/4.0.3/include/ruby-4.0.0/ruby/internal/attr/deprecated.h:36:53: note: expanded from macro 'RBIMPL_ATTR_DEPRECATED'
   36 | # define RBIMPL_ATTR_DEPRECATED(msg) __attribute__((__deprecated__ msg))
      |                                                     ^
AbstractMemory.c:348:5: warning: 'rb_data_object_get_warning' is deprecated: by TypedData [-Wdeprecated-declarations]
  348 |     Data_Get_Struct(nType, Type, type);
      |     ^
/opt/homebrew/Cellar/ruby/4.0.3/include/ruby-4.0.0/ruby/internal/core/rdata.h:278:34: note: expanded from macro 'Data_Get_Struct'
  278 |     ((sval) = RBIMPL_CAST((type*)rb_data_object_get(obj)))
      |                                  ^
/opt/homebrew/Cellar/ruby/4.0.3/include/ruby-4.0.0/ruby/internal/core/rdata.h:370:31: note: expanded from macro 'rb_data_object_get'
  370 | #define rb_data_object_get    RUBY_MACRO_SELECT(rb_data_object_get_2, RUBY_UNTYPED_DATA_WARNING)
      |                               ^
/opt/homebrew/Cellar/ruby/4.0.3/include/ruby-4.0.0/ruby/internal/core/rdata.h:50:35: note: expanded from macro 'RUBY_MACRO_SELECT'
   50 | #define RUBY_MACRO_SELECT(x, y)   RBIMPL_MACRO_SELECT(x, y)
      |                                   ^
/opt/homebrew/Cellar/ruby/4.0.3/include/ruby-4.0.0/ruby/internal/core/rdata.h:49:35: note: expanded from macro 'RBIMPL_MACRO_SELECT'
   49 | #define RBIMPL_MACRO_SELECT(x, y) x ## y
      |                                   ^
<scratch space>:99:1: note: expanded from here
   99 | rb_data_object_get_1
      | ^
/opt/homebrew/Cellar/ruby/4.0.3/include/ruby-4.0.0/ruby/internal/core/rdata.h:368:31: note: expanded from macro 'rb_data_object_get_1'
  368 | #define rb_data_object_get_1  rb_data_object_get_warning
      |                               ^
/opt/homebrew/Cellar/ruby/4.0.3/include/ruby-4.0.0/ruby/internal/core/rdata.h:317:1: note: 'rb_data_object_get_warning' has been explicitly marked deprecated here
  317 | RBIMPL_ATTRSET_UNTYPED_DATA_FUNC()
      | ^
/opt/homebrew/Cellar/ruby/4.0.3/include/ruby-4.0.0/ruby/internal/core/rdata.h:47:5: note: expanded from macro 'RBIMPL_ATTRSET_UNTYPED_DATA_FUNC'
   47 |     RBIMPL_ATTR_DEPRECATED(("by TypedData"))
      |     ^
/opt/homebrew/Cellar/ruby/4.0.3/include/ruby-4.0.0/ruby/internal/attr/deprecated.h:36:53: note: expanded from macro 'RBIMPL_ATTR_DEPRECATED'
   36 | # define RBIMPL_ATTR_DEPRECATED(msg) __attribute__((__deprecated__ msg))
      |                                                     ^
AbstractMemory.c:379:5: warning: 'rb_data_object_get_warning' is deprecated: by TypedData [-Wdeprecated-declarations]
  379 |     Data_Get_Struct(self, AbstractMemory, ptr);
      |     ^
/opt/homebrew/Cellar/ruby/4.0.3/include/ruby-4.0.0/ruby/internal/core/rdata.h:278:34: note: expanded from macro 'Data_Get_Struct'
  278 |     ((sval) = RBIMPL_CAST((type*)rb_data_object_get(obj)))
      |                                  ^
/opt/homebrew/Cellar/ruby/4.0.3/include/ruby-4.0.0/ruby/internal/core/rdata.h:370:31: note: expanded from macro 'rb_data_object_get'
  370 | #define rb_data_object_get    RUBY_MACRO_SELECT(rb_data_object_get_2, RUBY_UNTYPED_DATA_WARNING)
      |                               ^
/opt/homebrew/Cellar/ruby/4.0.3/include/ruby-4.0.0/ruby/internal/core/rdata.h:50:35: note: expanded from macro 'RUBY_MACRO_SELECT'
   50 | #define RUBY_MACRO_SELECT(x, y)   RBIMPL_MACRO_SELECT(x, y)
      |                                   ^
/opt/homebrew/Cellar/ruby/4.0.3/include/ruby-4.0.0/ruby/internal/core/rdata.h:49:35: note: expanded from macro 'RBIMPL_MACRO_SELECT'
   49 | #define RBIMPL_MACRO_SELECT(x, y) x ## y
      |                                   ^
<scratch space>:100:1: note: expanded from here
  100 | rb_data_object_get_1
      | ^
/opt/homebrew/Cellar/ruby/4.0.3/include/ruby-4.0.0/ruby/internal/core/rdata.h:368:31: note: expanded from macro 'rb_data_object_get_1'
  368 | #define rb_data_object_get_1  rb_data_object_get_warning
      |                               ^
/opt/homebrew/Cellar/ruby/4.0.3/include/ruby-4.0.0/ruby/internal/core/rdata.h:317:1: note: 'rb_data_object_get_warning' has been explicitly marked deprecated here
  317 | RBIMPL_ATTRSET_UNTYPED_DATA_FUNC()
      | ^
/opt/homebrew/Cellar/ruby/4.0.3/include/ruby-4.0.0/ruby/internal/core/rdata.h:47:5: note: expanded from macro 'RBIMPL_ATTRSET_UNTYPED_DATA_FUNC'
   47 |     RBIMPL_ATTR_DEPRECATED(("by TypedData"))
      |     ^
/opt/homebrew/Cellar/ruby/4.0.3/include/ruby-4.0.0/ruby/internal/attr/deprecated.h:36:53: note: expanded from macro 'RBIMPL_ATTR_DEPRECATED'
   36 | # define RBIMPL_ATTR_DEPRECATED(msg) __attribute__((__deprecated__ msg))
      |                                                     ^
AbstractMemory.c:380:5: warning: 'rb_data_object_get_warning' is deprecated: by TypedData [-Wdeprecated-declarations]
  380 |     Data_Get_Struct(nType, Type, type);
      |     ^
/opt/homebrew/Cellar/ruby/4.0.3/include/ruby-4.0.0/ruby/internal/core/rdata.h:278:34: note: expanded from macro 'Data_Get_Struct'
  278 |     ((sval) = RBIMPL_CAST((type*)rb_data_object_get(obj)))
      |                                  ^
/opt/homebrew/Cellar/ruby/4.0.3/include/ruby-4.0.0/ruby/internal/core/rdata.h:370:31: note: expanded from macro 'rb_data_object_get'
  370 | #define rb_data_object_get    RUBY_MACRO_SELECT(rb_data_object_get_2, RUBY_UNTYPED_DATA_WARNING)
      |                               ^
/opt/homebrew/Cellar/ruby/4.0.3/include/ruby-4.0.0/ruby/internal/core/rdata.h:50:35: note: expanded from macro 'RUBY_MACRO_SELECT'
   50 | #define RUBY_MACRO_SELECT(x, y)   RBIMPL_MACRO_SELECT(x, y)
      |                                   ^
/opt/homebrew/Cellar/ruby/4.0.3/include/ruby-4.0.0/ruby/internal/core/rdata.h:49:35: note: expanded from macro 'RBIMPL_MACRO_SELECT'
   49 | #define RBIMPL_MACRO_SELECT(x, y) x ## y
      |                                   ^
<scratch space>:101:1: note: expanded from here
  101 | rb_data_object_get_1
      | ^
/opt/homebrew/Cellar/ruby/4.0.3/include/ruby-4.0.0/ruby/internal/core/rdata.h:368:31: note: expanded from macro 'rb_data_object_get_1'
  368 | #define rb_data_object_get_1  rb_data_object_get_warning
      |                               ^
/opt/homebrew/Cellar/ruby/4.0.3/include/ruby-4.0.0/ruby/internal/core/rdata.h:317:1: note: 'rb_data_object_get_warning' has been explicitly marked deprecated here
  317 | RBIMPL_ATTRSET_UNTYPED_DATA_FUNC()
      | ^
/opt/homebrew/Cellar/ruby/4.0.3/include/ruby-4.0.0/ruby/internal/core/rdata.h:47:5: note: expanded from macro 'RBIMPL_ATTRSET_UNTYPED_DATA_FUNC'
   47 |     RBIMPL_ATTR_DEPRECATED(("by TypedData"))
      |     ^
/opt/homebrew/Cellar/ruby/4.0.3/include/ruby-4.0.0/ruby/internal/attr/deprecated.h:36:53: note: expanded from macro 'RBIMPL_ATTR_DEPRECATED'
   36 | # define RBIMPL_ATTR_DEPRECATED(msg) __attribute__((__deprecated__ msg))
      |                                                     ^
compiling Pointer.c
AbstractMemory.c:445:5: warning: 'rb_data_object_get_warning' is deprecated: by TypedData [-Wdeprecated-declarations]
  445 |     Data_Get_Struct(self, AbstractMemory, ptr);
      |     ^
/opt/homebrew/Cellar/ruby/4.0.3/include/ruby-4.0.0/ruby/internal/core/rdata.h:278:34: note: expanded from macro 'Data_Get_Struct'
  278 |     ((sval) = RBIMPL_CAST((type*)rb_data_object_get(obj)))
      |                                  ^
/opt/homebrew/Cellar/ruby/4.0.3/include/ruby-4.0.0/ruby/internal/core/rdata.h:370:31: note: expanded from macro 'rb_data_object_get'
  370 | #define rb_data_object_get    RUBY_MACRO_SELECT(rb_data_object_get_2, RUBY_UNTYPED_DATA_WARNING)
      |                               ^
/opt/homebrew/Cellar/ruby/4.0.3/include/ruby-4.0.0/ruby/internal/core/rdata.h:50:35: note: expanded from macro 'RUBY_MACRO_SELECT'
   50 | #define RUBY_MACRO_SELECT(x, y)   RBIMPL_MACRO_SELECT(x, y)
      |                                   ^
/opt/homebrew/Cellar/ruby/4.0.3/include/ruby-4.0.0/ruby/internal/core/rdata.h:49:35: note: expanded from macro 'RBIMPL_MACRO_SELECT'
   49 | #define RBIMPL_MACRO_SELECT(x, y) x ## y
      |                                   ^
<scratch space>:102:1: note: expanded from here
  102 | rb_data_object_get_1
      | ^
/opt/homebrew/Cellar/ruby/4.0.3/include/ruby-4.0.0/ruby/internal/core/rdata.h:368:31: note: expanded from macro 'rb_data_object_get_1'
  368 | #define rb_data_object_get_1  rb_data_object_get_warning
      |                               ^
/opt/homebrew/Cellar/ruby/4.0.3/include/ruby-4.0.0/ruby/internal/core/rdata.h:317:1: note: 'rb_data_object_get_warning' has been explicitly marked deprecated here
  317 | RBIMPL_ATTRSET_UNTYPED_DATA_FUNC()
      | ^
/opt/homebrew/Cellar/ruby/4.0.3/include/ruby-4.0.0/ruby/internal/core/rdata.h:47:5: note: expanded from macro 'RBIMPL_ATTRSET_UNTYPED_DATA_FUNC'
   47 |     RBIMPL_ATTR_DEPRECATED(("by TypedData"))
      |     ^
/opt/homebrew/Cellar/ruby/4.0.3/include/ruby-4.0.0/ruby/internal/attr/deprecated.h:36:53: note: expanded from macro 'RBIMPL_ATTR_DEPRECATED'
   36 | # define RBIMPL_ATTR_DEPRECATED(msg) __attribute__((__deprecated__ msg))
      |                                                     ^
AbstractMemory.c:636:5: warning: 'rb_data_object_get_warning' is deprecated: by TypedData [-Wdeprecated-declarations]
  636 |     Data_Get_Struct(self, AbstractMemory, ptr);
      |     ^
/opt/homebrew/Cellar/ruby/4.0.3/include/ruby-4.0.0/ruby/internal/core/rdata.h:278:34: note: expanded from macro 'Data_Get_Struct'
  278 |     ((sval) = RBIMPL_CAST((type*)rb_data_object_get(obj)))
      |                                  ^
/opt/homebrew/Cellar/ruby/4.0.3/include/ruby-4.0.0/ruby/internal/core/rdata.h:370:31: note: expanded from macro 'rb_data_object_get'
  370 | #define rb_data_object_get    RUBY_MACRO_SELECT(rb_data_object_get_2, RUBY_UNTYPED_DATA_WARNING)
      |                               ^
/opt/homebrew/Cellar/ruby/4.0.3/include/ruby-4.0.0/ruby/internal/core/rdata.h:50:35: note: expanded from macro 'RUBY_MACRO_SELECT'
   50 | #define RUBY_MACRO_SELECT(x, y)   RBIMPL_MACRO_SELECT(x, y)
      |                                   ^
/opt/homebrew/Cellar/ruby/4.0.3/include/ruby-4.0.0/ruby/internal/core/rdata.h:49:35: note: expanded from macro 'RBIMPL_MACRO_SELECT'
   49 | #define RBIMPL_MACRO_SELECT(x, y) x ## y
      |                                   ^
<scratch space>:103:1: note: expanded from here
  103 | rb_data_object_get_1
      | ^
/opt/homebrew/Cellar/ruby/4.0.3/include/ruby-4.0.0/ruby/internal/core/rdata.h:368:31: note: expanded from macro 'rb_data_object_get_1'
  368 | #define rb_data_object_get_1  rb_data_object_get_warning
      |                               ^
/opt/homebrew/Cellar/ruby/4.0.3/include/ruby-4.0.0/ruby/internal/core/rdata.h:317:1: note: 'rb_data_object_get_warning' has been explicitly marked deprecated here
  317 | RBIMPL_ATTRSET_UNTYPED_DATA_FUNC()
      | ^
/opt/homebrew/Cellar/ruby/4.0.3/include/ruby-4.0.0/ruby/internal/core/rdata.h:47:5: note: expanded from macro 'RBIMPL_ATTRSET_UNTYPED_DATA_FUNC'
   47 |     RBIMPL_ATTR_DEPRECATED(("by TypedData"))
      |     ^
/opt/homebrew/Cellar/ruby/4.0.3/include/ruby-4.0.0/ruby/internal/attr/deprecated.h:36:53: note: expanded from macro 'RBIMPL_ATTR_DEPRECATED'
   36 | # define RBIMPL_ATTR_DEPRECATED(msg) __attribute__((__deprecated__ msg))
      |                                                     ^
AbstractMemory.c:654:5: warning: 'rb_data_object_get_warning' is deprecated: by TypedData [-Wdeprecated-declarations]
  654 |     Data_Get_Struct(self, AbstractMemory, ptr);
      |     ^
/opt/homebrew/Cellar/ruby/4.0.3/include/ruby-4.0.0/ruby/internal/core/rdata.h:278:34: note: expanded from macro 'Data_Get_Struct'
  278 |     ((sval) = RBIMPL_CAST((type*)rb_data_object_get(obj)))
      |                                  ^
/opt/homebrew/Cellar/ruby/4.0.3/include/ruby-4.0.0/ruby/internal/core/rdata.h:370:31: note: expanded from macro 'rb_data_object_get'
  370 | #define rb_data_object_get    RUBY_MACRO_SELECT(rb_data_object_get_2, RUBY_UNTYPED_DATA_WARNING)
      |                               ^
/opt/homebrew/Cellar/ruby/4.0.3/include/ruby-4.0.0/ruby/internal/core/rdata.h:50:35: note: expanded from macro 'RUBY_MACRO_SELECT'
   50 | #define RUBY_MACRO_SELECT(x, y)   RBIMPL_MACRO_SELECT(x, y)
      |                                   ^
/opt/homebrew/Cellar/ruby/4.0.3/include/ruby-4.0.0/ruby/internal/core/rdata.h:49:35: note: expanded from macro 'RBIMPL_MACRO_SELECT'
   49 | #define RBIMPL_MACRO_SELECT(x, y) x ## y
      |                                   ^
<scratch space>:104:1: note: expanded from here
  104 | rb_data_object_get_1
      | ^
/opt/homebrew/Cellar/ruby/4.0.3/include/ruby-4.0.0/ruby/internal/core/rdata.h:368:31: note: expanded from macro 'rb_data_object_get_1'
  368 | #define rb_data_object_get_1  rb_data_object_get_warning
      |                               ^
/opt/homebrew/Cellar/ruby/4.0.3/include/ruby-4.0.0/ruby/internal/core/rdata.h:317:1: note: 'rb_data_object_get_warning' has been explicitly marked deprecated here
  317 | RBIMPL_ATTRSET_UNTYPED_DATA_FUNC()
      | ^
/opt/homebrew/Cellar/ruby/4.0.3/include/ruby-4.0.0/ruby/internal/core/rdata.h:47:5: note: expanded from macro 'RBIMPL_ATTRSET_UNTYPED_DATA_FUNC'
   47 |     RBIMPL_ATTR_DEPRECATED(("by TypedData"))
      |     ^
/opt/homebrew/Cellar/ruby/4.0.3/include/ruby-4.0.0/ruby/internal/attr/deprecated.h:36:53: note: expanded from macro 'RBIMPL_ATTR_DEPRECATED'
   36 | # define RBIMPL_ATTR_DEPRECATED(msg) __attribute__((__deprecated__ msg))
      |                                                     ^
AbstractMemory.c:672:5: warning: 'rb_data_object_get_warning' is deprecated: by TypedData [-Wdeprecated-declarations]
  672 |     Data_Get_Struct(self, AbstractMemory, dst);
      |     ^
/opt/homebrew/Cellar/ruby/4.0.3/include/ruby-4.0.0/ruby/internal/core/rdata.h:278:34: note: expanded from macro 'Data_Get_Struct'
  278 |     ((sval) = RBIMPL_CAST((type*)rb_data_object_get(obj)))
      |                                  ^
/opt/homebrew/Cellar/ruby/4.0.3/include/ruby-4.0.0/ruby/internal/core/rdata.h:370:31: note: expanded from macro 'rb_data_object_get'
  370 | #define rb_data_object_get    RUBY_MACRO_SELECT(rb_data_object_get_2, RUBY_UNTYPED_DATA_WARNING)
      |                               ^
/opt/homebrew/Cellar/ruby/4.0.3/include/ruby-4.0.0/ruby/internal/core/rdata.h:50:35: note: expanded from macro 'RUBY_MACRO_SELECT'
   50 | #define RUBY_MACRO_SELECT(x, y)   RBIMPL_MACRO_SELECT(x, y)
      |                                   ^
/opt/homebrew/Cellar/ruby/4.0.3/include/ruby-4.0.0/ruby/internal/core/rdata.h:49:35: note: expanded from macro 'RBIMPL_MACRO_SELECT'
   49 | #define RBIMPL_MACRO_SELECT(x, y) x ## y
      |                                   ^
<scratch space>:105:1: note: expanded from here
  105 | rb_data_object_get_1
      | ^
/opt/homebrew/Cellar/ruby/4.0.3/include/ruby-4.0.0/ruby/internal/core/rdata.h:368:31: note: expanded from macro 'rb_data_object_get_1'
  368 | #define rb_data_object_get_1  rb_data_object_get_warning
      |                               ^
/opt/homebrew/Cellar/ruby/4.0.3/include/ruby-4.0.0/ruby/internal/core/rdata.h:317:1: note: 'rb_data_object_get_warning' has been explicitly marked deprecated here
  317 | RBIMPL_ATTRSET_UNTYPED_DATA_FUNC()
      | ^
/opt/homebrew/Cellar/ruby/4.0.3/include/ruby-4.0.0/ruby/internal/core/rdata.h:47:5: note: expanded from macro 'RBIMPL_ATTRSET_UNTYPED_DATA_FUNC'
   47 |     RBIMPL_ATTR_DEPRECATED(("by TypedData"))
      |     ^
/opt/homebrew/Cellar/ruby/4.0.3/include/ruby-4.0.0/ruby/internal/attr/deprecated.h:36:53: note: expanded from macro 'RBIMPL_ATTR_DEPRECATED'
   36 | # define RBIMPL_ATTR_DEPRECATED(msg) __attribute__((__deprecated__ msg))
      |                                                     ^
AbstractMemory.c:684:9: warning: 'rb_data_object_get_warning' is deprecated: by TypedData [-Wdeprecated-declarations]
  684 |         Data_Get_Struct(obj, AbstractMemory, memory);
      |         ^
/opt/homebrew/Cellar/ruby/4.0.3/include/ruby-4.0.0/ruby/internal/core/rdata.h:278:34: note: expanded from macro 'Data_Get_Struct'
  278 |     ((sval) = RBIMPL_CAST((type*)rb_data_object_get(obj)))
      |                                  ^
/opt/homebrew/Cellar/ruby/4.0.3/include/ruby-4.0.0/ruby/internal/core/rdata.h:370:31: note: expanded from macro 'rb_data_object_get'
  370 | #define rb_data_object_get    RUBY_MACRO_SELECT(rb_data_object_get_2, RUBY_UNTYPED_DATA_WARNING)
      |                               ^
/opt/homebrew/Cellar/ruby/4.0.3/include/ruby-4.0.0/ruby/internal/core/rdata.h:50:35: note: expanded from macro 'RUBY_MACRO_SELECT'
   50 | #define RUBY_MACRO_SELECT(x, y)   RBIMPL_MACRO_SELECT(x, y)
      |                                   ^
/opt/homebrew/Cellar/ruby/4.0.3/include/ruby-4.0.0/ruby/internal/core/rdata.h:49:35: note: expanded from macro 'RBIMPL_MACRO_SELECT'
   49 | #define RBIMPL_MACRO_SELECT(x, y) x ## y
      |                                   ^
<scratch space>:106:1: note: expanded from here
  106 | rb_data_object_get_1
      | ^
/opt/homebrew/Cellar/ruby/4.0.3/include/ruby-4.0.0/ruby/internal/core/rdata.h:368:31: note: expanded from macro 'rb_data_object_get_1'
  368 | #define rb_data_object_get_1  rb_data_object_get_warning
      |                               ^
/opt/homebrew/Cellar/ruby/4.0.3/include/ruby-4.0.0/ruby/internal/core/rdata.h:317:1: note: 'rb_data_object_get_warning' has been explicitly marked deprecated here
  317 | RBIMPL_ATTRSET_UNTYPED_DATA_FUNC()
      | ^
/opt/homebrew/Cellar/ruby/4.0.3/include/ruby-4.0.0/ruby/internal/core/rdata.h:47:5: note: expanded from macro 'RBIMPL_ATTRSET_UNTYPED_DATA_FUNC'
   47 |     RBIMPL_ATTR_DEPRECATED(("by TypedData"))
      |     ^
/opt/homebrew/Cellar/ruby/4.0.3/include/ruby-4.0.0/ruby/internal/attr/deprecated.h:36:53: note: expanded from macro 'RBIMPL_ATTR_DEPRECATED'
   36 | # define RBIMPL_ATTR_DEPRECATED(msg) __attribute__((__deprecated__ msg))
      |                                                     ^
1 warning generated.
compiling Struct.c
9 warnings generated.
MemoryPointer.c:97:5: warning: 'rb_data_object_get_warning' is deprecated: by TypedData [-Wdeprecated-declarations]
   97 |     Data_Get_Struct(self, Pointer, p);
      |     ^
/opt/homebrew/Cellar/ruby/4.0.3/include/ruby-4.0.0/ruby/internal/core/rdata.h:278:34: note: expanded from macro 'Data_Get_Struct'
  278 |     ((sval) = RBIMPL_CAST((type*)rb_data_object_get(obj)))
      |                                  ^
/opt/homebrew/Cellar/ruby/4.0.3/include/ruby-4.0.0/ruby/internal/core/rdata.h:370:31: note: expanded from macro 'rb_data_object_get'
  370 | #define rb_data_object_get    RUBY_MACRO_SELECT(rb_data_object_get_2, RUBY_UNTYPED_DATA_WARNING)
      |                               ^
/opt/homebrew/Cellar/ruby/4.0.3/include/ruby-4.0.0/ruby/internal/core/rdata.h:50:35: note: expanded from macro 'RUBY_MACRO_SELECT'
   50 | #define RUBY_MACRO_SELECT(x, y)   RBIMPL_MACRO_SELECT(x, y)
      |                                   ^
/opt/homebrew/Cellar/ruby/4.0.3/include/ruby-4.0.0/ruby/internal/core/rdata.h:49:35: note: expanded from macro 'RBIMPL_MACRO_SELECT'
   49 | #define RBIMPL_MACRO_SELECT(x, y) x ## y
      |                                   ^
<scratch space>:82:1: note: expanded from here
   82 | rb_data_object_get_1
      | ^
/opt/homebrew/Cellar/ruby/4.0.3/include/ruby-4.0.0/ruby/internal/core/rdata.h:368:31: note: expanded from macro 'rb_data_object_get_1'
  368 | #define rb_data_object_get_1  rb_data_object_get_warning
      |                               ^
/opt/homebrew/Cellar/ruby/4.0.3/include/ruby-4.0.0/ruby/internal/core/rdata.h:317:1: note: 'rb_data_object_get_warning' has been explicitly marked deprecated here
  317 | RBIMPL_ATTRSET_UNTYPED_DATA_FUNC()
      | ^
/opt/homebrew/Cellar/ruby/4.0.3/include/ruby-4.0.0/ruby/internal/core/rdata.h:47:5: note: expanded from macro 'RBIMPL_ATTRSET_UNTYPED_DATA_FUNC'
   47 |     RBIMPL_ATTR_DEPRECATED(("by TypedData"))
      |     ^
/opt/homebrew/Cellar/ruby/4.0.3/include/ruby-4.0.0/ruby/internal/attr/deprecated.h:36:53: note: expanded from macro 'RBIMPL_ATTR_DEPRECATED'
   36 | # define RBIMPL_ATTR_DEPRECATED(msg) __attribute__((__deprecated__ msg))
      |                                                     ^
MemoryPointer.c:125:5: warning: 'rb_data_object_get_warning' is deprecated: by TypedData [-Wdeprecated-declarations]
  125 |     Data_Get_Struct(self, Pointer, ptr);
      |     ^
/opt/homebrew/Cellar/ruby/4.0.3/include/ruby-4.0.0/ruby/internal/core/rdata.h:278:34: note: expanded from macro 'Data_Get_Struct'
  278 |     ((sval) = RBIMPL_CAST((type*)rb_data_object_get(obj)))
      |                                  ^
/opt/homebrew/Cellar/ruby/4.0.3/include/ruby-4.0.0/ruby/internal/core/rdata.h:370:31: note: expanded from macro 'rb_data_object_get'
  370 | #define rb_data_object_get    RUBY_MACRO_SELECT(rb_data_object_get_2, RUBY_UNTYPED_DATA_WARNING)
      |                               ^
/opt/homebrew/Cellar/ruby/4.0.3/include/ruby-4.0.0/ruby/internal/core/rdata.h:50:35: note: expanded from macro 'RUBY_MACRO_SELECT'
   50 | #define RUBY_MACRO_SELECT(x, y)   RBIMPL_MACRO_SELECT(x, y)
      |                                   ^
/opt/homebrew/Cellar/ruby/4.0.3/include/ruby-4.0.0/ruby/internal/core/rdata.h:49:35: note: expanded from macro 'RBIMPL_MACRO_SELECT'
   49 | #define RBIMPL_MACRO_SELECT(x, y) x ## y
      |                                   ^
<scratch space>:83:1: note: expanded from here
   83 | rb_data_object_get_1
      | ^
/opt/homebrew/Cellar/ruby/4.0.3/include/ruby-4.0.0/ruby/internal/core/rdata.h:368:31: note: expanded from macro 'rb_data_object_get_1'
  368 | #define rb_data_object_get_1  rb_data_object_get_warning
      |                               ^
/opt/homebrew/Cellar/ruby/4.0.3/include/ruby-4.0.0/ruby/internal/core/rdata.h:317:1: note: 'rb_data_object_get_warning' has been explicitly marked deprecated here
  317 | RBIMPL_ATTRSET_UNTYPED_DATA_FUNC()
      | ^
/opt/homebrew/Cellar/ruby/4.0.3/include/ruby-4.0.0/ruby/internal/core/rdata.h:47:5: note: expanded from macro 'RBIMPL_ATTRSET_UNTYPED_DATA_FUNC'
   47 |     RBIMPL_ATTR_DEPRECATED(("by TypedData"))
      |     ^
/opt/homebrew/Cellar/ruby/4.0.3/include/ruby-4.0.0/ruby/internal/attr/deprecated.h:36:53: note: expanded from macro 'RBIMPL_ATTR_DEPRECATED'
   36 | # define RBIMPL_ATTR_DEPRECATED(msg) __attribute__((__deprecated__ msg))
      |                                                     ^
compiling StructByValue.c
MappedType.c:85:5: warning: 'rb_data_object_get_warning' is deprecated: by TypedData [-Wdeprecated-declarations]
   85 |     Data_Get_Struct(self, MappedType, m);
      |     ^
/opt/homebrew/Cellar/ruby/4.0.3/include/ruby-4.0.0/ruby/internal/core/rdata.h:278:34: note: expanded from macro 'Data_Get_Struct'
  278 |     ((sval) = RBIMPL_CAST((type*)rb_data_object_get(obj)))
      |                                  ^
/opt/homebrew/Cellar/ruby/4.0.3/include/ruby-4.0.0/ruby/internal/core/rdata.h:370:31: note: expanded from macro 'rb_data_object_get'
  370 | #define rb_data_object_get    RUBY_MACRO_SELECT(rb_data_object_get_2, RUBY_UNTYPED_DATA_WARNING)
      |                               ^
/opt/homebrew/Cellar/ruby/4.0.3/include/ruby-4.0.0/ruby/internal/core/rdata.h:50:35: note: expanded from macro 'RUBY_MACRO_SELECT'
   50 | #define RUBY_MACRO_SELECT(x, y)   RBIMPL_MACRO_SELECT(x, y)
      |                                   ^
/opt/homebrew/Cellar/ruby/4.0.3/include/ruby-4.0.0/ruby/internal/core/rdata.h:49:35: note: expanded from macro 'RBIMPL_MACRO_SELECT'
   49 | #define RBIMPL_MACRO_SELECT(x, y) x ## y
      |                                   ^
<scratch space>:82:1: note: expanded from here
   82 | rb_data_object_get_1
      | ^
/opt/homebrew/Cellar/ruby/4.0.3/include/ruby-4.0.0/ruby/internal/core/rdata.h:368:31: note: expanded from macro 'rb_data_object_get_1'
  368 | #define rb_data_object_get_1  rb_data_object_get_warning
      |                               ^
/opt/homebrew/Cellar/ruby/4.0.3/include/ruby-4.0.0/ruby/internal/core/rdata.h:317:1: note: 'rb_data_object_get_warning' has been explicitly marked deprecated here
  317 | RBIMPL_ATTRSET_UNTYPED_DATA_FUNC()
      | ^
/opt/homebrew/Cellar/ruby/4.0.3/include/ruby-4.0.0/ruby/internal/core/rdata.h:47:5: note: expanded from macro 'RBIMPL_ATTRSET_UNTYPED_DATA_FUNC'
   47 |     RBIMPL_ATTR_DEPRECATED(("by TypedData"))
      |     ^
/opt/homebrew/Cellar/ruby/4.0.3/include/ruby-4.0.0/ruby/internal/attr/deprecated.h:36:53: note: expanded from macro 'RBIMPL_ATTR_DEPRECATED'
   36 | # define RBIMPL_ATTR_DEPRECATED(msg) __attribute__((__deprecated__ msg))
      |                                                     ^
MappedType.c:92:5: warning: 'rb_data_object_get_warning' is deprecated: by TypedData [-Wdeprecated-declarations]
   92 |     Data_Get_Struct(m->rbType, Type, m->type);
      |     ^
/opt/homebrew/Cellar/ruby/4.0.3/include/ruby-4.0.0/ruby/internal/core/rdata.h:278:34: note: expanded from macro 'Data_Get_Struct'
  278 |     ((sval) = RBIMPL_CAST((type*)rb_data_object_get(obj)))
      |                                  ^
/opt/homebrew/Cellar/ruby/4.0.3/include/ruby-4.0.0/ruby/internal/core/rdata.h:370:31: note: expanded from macro 'rb_data_object_get'
  370 | #define rb_data_object_get    RUBY_MACRO_SELECT(rb_data_object_get_2, RUBY_UNTYPED_DATA_WARNING)
      |                               ^
/opt/homebrew/Cellar/ruby/4.0.3/include/ruby-4.0.0/ruby/internal/core/rdata.h:50:35: note: expanded from macro 'RUBY_MACRO_SELECT'
   50 | #define RUBY_MACRO_SELECT(x, y)   RBIMPL_MACRO_SELECT(x, y)
      |                                   ^
/opt/homebrew/Cellar/ruby/4.0.3/include/ruby-4.0.0/ruby/internal/core/rdata.h:49:35: note: expanded from macro 'RBIMPL_MACRO_SELECT'
   49 | #define RBIMPL_MACRO_SELECT(x, y) x ## y
      |                                   ^
<scratch space>:83:1: note: expanded from here
   83 | rb_data_object_get_1
      | ^
/opt/homebrew/Cellar/ruby/4.0.3/include/ruby-4.0.0/ruby/internal/core/rdata.h:368:31: note: expanded from macro 'rb_data_object_get_1'
  368 | #define rb_data_object_get_1  rb_data_object_get_warning
      |                               ^
/opt/homebrew/Cellar/ruby/4.0.3/include/ruby-4.0.0/ruby/internal/core/rdata.h:317:1: note: 'rb_data_object_get_warning' has been explicitly marked deprecated here
  317 | RBIMPL_ATTRSET_UNTYPED_DATA_FUNC()
      | ^
/opt/homebrew/Cellar/ruby/4.0.3/include/ruby-4.0.0/ruby/internal/core/rdata.h:47:5: note: expanded from macro 'RBIMPL_ATTRSET_UNTYPED_DATA_FUNC'
   47 |     RBIMPL_ATTR_DEPRECATED(("by TypedData"))
      |     ^
/opt/homebrew/Cellar/ruby/4.0.3/include/ruby-4.0.0/ruby/internal/attr/deprecated.h:36:53: note: expanded from macro 'RBIMPL_ATTR_DEPRECATED'
   36 | # define RBIMPL_ATTR_DEPRECATED(msg) __attribute__((__deprecated__ msg))
      |                                                     ^
MappedType.c:114:5: warning: 'rb_data_object_get_warning' is deprecated: by TypedData [-Wdeprecated-declarations]
  114 |     Data_Get_Struct(self, MappedType, m);
      |     ^
/opt/homebrew/Cellar/ruby/4.0.3/include/ruby-4.0.0/ruby/internal/core/rdata.h:278:34: note: expanded from macro 'Data_Get_Struct'
  278 |     ((sval) = RBIMPL_CAST((type*)rb_data_object_get(obj)))
      |                                  ^
/opt/homebrew/Cellar/ruby/4.0.3/include/ruby-4.0.0/ruby/internal/core/rdata.h:370:31: note: expanded from macro 'rb_data_object_get'
  370 | #define rb_data_object_get    RUBY_MACRO_SELECT(rb_data_object_get_2, RUBY_UNTYPED_DATA_WARNING)
      |                               ^
/opt/homebrew/Cellar/ruby/4.0.3/include/ruby-4.0.0/ruby/internal/core/rdata.h:50:35: note: expanded from macro 'RUBY_MACRO_SELECT'
   50 | #define RUBY_MACRO_SELECT(x, y)   RBIMPL_MACRO_SELECT(x, y)
      |                                   ^
/opt/homebrew/Cellar/ruby/4.0.3/include/ruby-4.0.0/ruby/internal/core/rdata.h:49:35: note: expanded from macro 'RBIMPL_MACRO_SELECT'
   49 | #define RBIMPL_MACRO_SELECT(x, y) x ## y
      |                                   ^
<scratch space>:84:1: note: expanded from here
   84 | rb_data_object_get_1
      | ^
/opt/homebrew/Cellar/ruby/4.0.3/include/ruby-4.0.0/ruby/internal/core/rdata.h:368:31: note: expanded from macro 'rb_data_object_get_1'
  368 | #define rb_data_object_get_1  rb_data_object_get_warning
      |                               ^
/opt/homebrew/Cellar/ruby/4.0.3/include/ruby-4.0.0/ruby/internal/core/rdata.h:317:1: note: 'rb_data_object_get_warning' has been explicitly marked deprecated here
  317 | RBIMPL_ATTRSET_UNTYPED_DATA_FUNC()
      | ^
/opt/homebrew/Cellar/ruby/4.0.3/include/ruby-4.0.0/ruby/internal/core/rdata.h:47:5: note: expanded from macro 'RBIMPL_ATTRSET_UNTYPED_DATA_FUNC'
   47 |     RBIMPL_ATTR_DEPRECATED(("by TypedData"))
      |     ^
/opt/homebrew/Cellar/ruby/4.0.3/include/ruby-4.0.0/ruby/internal/attr/deprecated.h:36:53: note: expanded from macro 'RBIMPL_ATTR_DEPRECATED'
   36 | # define RBIMPL_ATTR_DEPRECATED(msg) __attribute__((__deprecated__ msg))
      |                                                     ^
MappedType.c:128:5: warning: 'rb_data_object_get_warning' is deprecated: by TypedData [-Wdeprecated-declarations]
  128 |     Data_Get_Struct(self, MappedType, m);
      |     ^
/opt/homebrew/Cellar/ruby/4.0.3/include/ruby-4.0.0/ruby/internal/core/rdata.h:278:34: note: expanded from macro 'Data_Get_Struct'
  278 |     ((sval) = RBIMPL_CAST((type*)rb_data_object_get(obj)))
      |                                  ^
/opt/homebrew/Cellar/ruby/4.0.3/include/ruby-4.0.0/ruby/internal/core/rdata.h:370:31: note: expanded from macro 'rb_data_object_get'
  370 | #define rb_data_object_get    RUBY_MACRO_SELECT(rb_data_object_get_2, RUBY_UNTYPED_DATA_WARNING)
      |                               ^
/opt/homebrew/Cellar/ruby/4.0.3/include/ruby-4.0.0/ruby/internal/core/rdata.h:50:35: note: expanded from macro 'RUBY_MACRO_SELECT'
   50 | #define RUBY_MACRO_SELECT(x, y)   RBIMPL_MACRO_SELECT(x, y)
      |                                   ^
/opt/homebrew/Cellar/ruby/4.0.3/include/ruby-4.0.0/ruby/internal/core/rdata.h:49:35: note: expanded from macro 'RBIMPL_MACRO_SELECT'
   49 | #define RBIMPL_MACRO_SELECT(x, y) x ## y
      |                                   ^
<scratch space>:85:1: note: expanded from here
   85 | rb_data_object_get_1
      | ^
/opt/homebrew/Cellar/ruby/4.0.3/include/ruby-4.0.0/ruby/internal/core/rdata.h:368:31: note: expanded from macro 'rb_data_object_get_1'
  368 | #define rb_data_object_get_1  rb_data_object_get_warning
      |                               ^
/opt/homebrew/Cellar/ruby/4.0.3/include/ruby-4.0.0/ruby/internal/core/rdata.h:317:1: note: 'rb_data_object_get_warning' has been explicitly marked deprecated here
  317 | RBIMPL_ATTRSET_UNTYPED_DATA_FUNC()
      | ^
/opt/homebrew/Cellar/ruby/4.0.3/include/ruby-4.0.0/ruby/internal/core/rdata.h:47:5: note: expanded from macro 'RBIMPL_ATTRSET_UNTYPED_DATA_FUNC'
   47 |     RBIMPL_ATTR_DEPRECATED(("by TypedData"))
      |     ^
/opt/homebrew/Cellar/ruby/4.0.3/include/ruby-4.0.0/ruby/internal/attr/deprecated.h:36:53: note: expanded from macro 'RBIMPL_ATTR_DEPRECATED'
   36 | # define RBIMPL_ATTR_DEPRECATED(msg) __attribute__((__deprecated__ msg))
      |                                                     ^
MappedType.c:142:5: warning: 'rb_data_object_get_warning' is deprecated: by TypedData [-Wdeprecated-declarations]
  142 |     Data_Get_Struct(self, MappedType, m);
      |     ^
/opt/homebrew/Cellar/ruby/4.0.3/include/ruby-4.0.0/ruby/internal/core/rdata.h:278:34: note: expanded from macro 'Data_Get_Struct'
  278 |     ((sval) = RBIMPL_CAST((type*)rb_data_object_get(obj)))
      |                                  ^
/opt/homebrew/Cellar/ruby/4.0.3/include/ruby-4.0.0/ruby/internal/core/rdata.h:370:31: note: expanded from macro 'rb_data_object_get'
  370 | #define rb_data_object_get    RUBY_MACRO_SELECT(rb_data_object_get_2, RUBY_UNTYPED_DATA_WARNING)
      |                               ^
/opt/homebrew/Cellar/ruby/4.0.3/include/ruby-4.0.0/ruby/internal/core/rdata.h:50:35: note: expanded from macro 'RUBY_MACRO_SELECT'
   50 | #define RUBY_MACRO_SELECT(x, y)   RBIMPL_MACRO_SELECT(x, y)
      |                                   ^
/opt/homebrew/Cellar/ruby/4.0.3/include/ruby-4.0.0/ruby/internal/core/rdata.h:49:35: note: expanded from macro 'RBIMPL_MACRO_SELECT'
   49 | #define RBIMPL_MACRO_SELECT(x, y) x ## y
      |                                   ^
<scratch space>:86:1: note: expanded from here
   86 | rb_data_object_get_1
      | ^
/opt/homebrew/Cellar/ruby/4.0.3/include/ruby-4.0.0/ruby/internal/core/rdata.h:368:31: note: expanded from macro 'rb_data_object_get_1'
  368 | #define rb_data_object_get_1  rb_data_object_get_warning
      |                               ^
/opt/homebrew/Cellar/ruby/4.0.3/include/ruby-4.0.0/ruby/internal/core/rdata.h:317:1: note: 'rb_data_object_get_warning' has been explicitly marked deprecated here
  317 | RBIMPL_ATTRSET_UNTYPED_DATA_FUNC()
      | ^
/opt/homebrew/Cellar/ruby/4.0.3/include/ruby-4.0.0/ruby/internal/core/rdata.h:47:5: note: expanded from macro 'RBIMPL_ATTRSET_UNTYPED_DATA_FUNC'
   47 |     RBIMPL_ATTR_DEPRECATED(("by TypedData"))
      |     ^
/opt/homebrew/Cellar/ruby/4.0.3/include/ruby-4.0.0/ruby/internal/attr/deprecated.h:36:53: note: expanded from macro 'RBIMPL_ATTR_DEPRECATED'
   36 | # define RBIMPL_ATTR_DEPRECATED(msg) __attribute__((__deprecated__ msg))
      |                                                     ^
2 warnings generated.
compiling StructLayout.c
Pointer.c:98:5: warning: 'rb_data_object_get_warning' is deprecated: by TypedData [-Wdeprecated-declarations]
   98 |     Data_Get_Struct(self, Pointer, p)compiling Thread.c
;
      |     ^
/opt/homebrew/Cellar/ruby/4.0.3/include/ruby-4.0.0/ruby/internal/core/rdata.h:278:34: note: expanded from macro 'Data_Get_Struct'
  278 |     ((sval) = RBIMPL_CAST((type*)rb_data_object_get(obj)))
      |                                  ^
/opt/homebrew/Cellar/ruby/4.0.3/include/ruby-4.0.0/ruby/internal/core/rdata.h:370:31: note: expanded from macro 'rb_data_object_get'
  370 | #define rb_data_object_get    RUBY_MACRO_SELECT(rb_data_object_get_2, RUBY_UNTYPED_DATA_WARNING)
      |                               ^
/opt/homebrew/Cellar/ruby/4.0.3/include/ruby-4.0.0/ruby/internal/core/rdata.h:50:35: note: expanded from macro 'RUBY_MACRO_SELECT'
   50 | #define RUBY_M5 warnings generated.
ACRO_SELECT(x, y)   RBIMPL_MACRO_SELECT(x, y)
      |                                   ^
/opt/homebrew/Cellar/ruby/4.0.3/include/ruby-4.0.0/ruby/internal/core/rdata.h:49:35: note: expanded from macro 'RBIMPL_MACRO_SELECT'
   49 | #define RBIMPL_MACRO_SELECT(x, y) x ## y
      |                                   ^
<scratch space>:82:1: note: expanded from here
   82 | rb_data_object_get_1
      | ^
/opt/homebrew/Cellar/ruby/4.0.3/include/ruby-4.0.0/ruby/internal/core/rdata.h:368:31: note: expanded from macro 'rb_data_object_get_1'
  368 | #define rb_data_object_get_1  rb_datcompiling Type.c
a_object_get_warning
      |                               ^
/opt/homebrew/Cellar/ruby/4.0.3/include/ruby-4.0.0/ruby/internal/core/rdata.h:317:1: note: 'rb_data_object_get_warning' has been explicitly marked deprecated here
  317 | RBIMPL_ATTRSET_UNTYPED_DATA_FUNC()
      | ^
/opt/homebrew/Cellar/ruby/4.0.3/include/ruby-4.0.0/ruby/internal/core/rdata.h:47:5: note: expanded from macro 'RBIMPL_ATTRSET_UNTYPED_DATA_FUNC'
   47 |     RBIMPL_ATTR_DEPRECATED(("by TypedData"))
      |     ^
/opt/homebrew/Cellar/ruby/4.0.3/include/ruby-4.0.0/ruby/internal/attr/deprecated.h:36:53: note: expanded from macro 'RBIMPL_ATTR_DEPRECATED'
   36 | # define RBIMPL_ATTR_DEPRECATED(msg) __attribute__((__deprecated__ msg))
      |                                                     ^
Pointer.c:127:17: warning: 'rb_data_object_get_warning' is deprecated: by TypedData [-Wdeprecated-declarations]
  127 |                 Data_Get_Struct(rbAddress, Pointer, orig);
      |                 ^
/opt/homebrew/Cellar/ruby/4.0.3/include/ruby-4.0.0/ruby/internal/core/rdata.h:278:34compiling Types.c
: note: expanded from macro 'Data_Get_Struct'
  278 |     ((sval) = RBIMPL_CAST((type*)rb_data_object_get(obj)))
      |                                  ^
/opt/homebrew/Cellar/ruby/4.0.3/include/ruby-4.0.0/ruby/internal/core/rdata.h:370:31: note: expanded from macro 'rb_data_object_get'
  370 | #define rb_data_object_get    RUBY_MACRO_SELECT(rb_data_object_get_2, RUBY_UNTYPED_DATA_WARNING)
      |                               ^
/opt/homebrew/Cellar/ruby/4.0.3/include/ruby-4.0.0/ruby/internal/core/rdata.h:50:35: note: expanded from macro 'RUBY_MACRO_SELECT'
   50 | #define RUBY_MACRO_SELECT(x, y)   RBIMPL_MACRO_SELECT(x, y)
      |                                   ^
/opt/homebrew/Cellar/ruby/4.0.3/include/ruby-4.0.0/ruby/internal/core/rdata.h:49:35: note: expanded from macro 'RBIMPL_MACRO_SELECT'
   49 | #define RBIMPL_MACRO_SELECT(x, y) x ## y
      |                                   ^
<scratch space>:83:1: note: expanded from here
   83 | rb_data_object_get_1
      | ^
/opt/homebrew/Cellar/ruby/4.0.3/include/ruby-4.0.0/ruby/internal/core/rdata.h:368:31: note: expanded from macro 'rb_data_object_get_1'
  368 | #define rb_data_object_get_1  rb_data_object_get_warning
      |                               ^
/opt/homebrew/Cellar/ruby/4.0.3/include/ruby-4.0.0/ruby/internal/core/rdata.h:317:1: note: 'rb_data_object_get_warning' has been explicitly marked deprecated here
  317 | RBIMPL_ATTRSET_UNTYPED_DATA_FUNC()
      | ^
/opt/homebrew/Cellar/ruby/4.0.3/include/ruby-4.0.0/ruby/internal/core/rdata.h:47:5: note: expanded from macro 'RBIMPL_ATTRSET_UNTYPED_DATA_FUNC'
   47 |     RBIMPL_ATTR_DEPRECATED(("by TypedData"))
      |     ^
/opt/homebrew/Cellar/ruby/4.0.3/include/ruby-4.0.0/ruby/internal/attr/deprecated.h:36:53: note: expanded from macro 'RBIMPL_ATTR_DEPRECATED'
   36 | # define RBIMPL_ATTR_DEPRECATED(msg) __attribute__((__deprecated__ msg))
      |                                                     ^
Pointer.c:156:5: warning: 'rb_data_object_get_warning' is deprecated: by TypedData [-Wdeprecated-declarations]
  156 |     Data_Get_Struct(self, Pointer, dst);
      |     ^
/opt/homebrew/Cellar/ruby/4.0.3/include/ruby-4.0.0/ruby/internal/core/rdata.h:278:34: note: expanded from macro 'Data_Get_Struct'
  278 |     ((sval) = RBIMPL_CAST((type*)rb_data_object_get(obj)))
      |                                  ^
/opt/homebrew/Cellar/ruby/4.0.3/include/ruby-4.0.0/ruby/internal/core/rdata.h:370:31: note: expanded from macro 'rb_data_object_get'
  370 | #define rb_data_object_get    RUBY_MACRO_SELECT(rb_data_object_get_2, RUBY_UNTYPED_DATA_WARNING)
      |                               ^
/opt/homebrew/Cellar/ruby/4.0.3/include/ruby-4.0.0/ruby/internal/core/rdata.h:50:35: note: expanded from macro 'RUBY_MACRO_SELECT'
   50 | #define RUBY_MACRO_SELECT(x, y)   RBIMPL_MACRO_SELECT(x, y)
      |                                   ^
/opt/homebrew/Cellar/ruby/4.0.3/include/ruby-4.0.0/ruby/internal/core/rdata.h:49:35: note: expanded from macro 'RBIMPL_MACRO_SELECT'
   49 | #define RBIMPL_MACRO_SELECT(x, y) x ## y
      |                                   ^
<scratch space>:84:1: note: expanded from here
   84 | rb_data_object_get_1
      | ^
/opt/homebrew/Cellar/ruby/4.0.3/include/ruby-4.0.0/ruby/internal/core/rdata.h:368:31: note: expanded from macro 'rb_data_object_get_1'
  368 | #define rb_data_object_get_1  rb_data_object_get_warning
      |                               ^
/opt/homebrew/Cellar/ruby/4.0.3/include/ruby-4.0.0/ruby/internal/core/rdata.h:317:1: note: 'rb_data_object_get_warning' has been explicitly marked deprecated here
  317 | RBIMPL_ATTRSET_UNTYPED_DATA_FUNC()
      | ^
/opt/homebrew/Cellar/ruby/4.0.3/include/ruby-4.0.0/ruby/internal/core/rdata.h:47:5: note: expanded from macro 'RBIMPL_ATTRSET_UNTYPED_DATA_FUNC'
   47 |     RBIMPL_ATTR_DEPRECATED(("by TypedData"))
      |     ^
/opt/homebrew/Cellar/ruby/4.0.3/include/ruby-4.0.0/ruby/internal/attr/deprecated.h:36:53: note: expanded from macro 'RBIMPL_ATTR_DEPRECATED'
   36 | # define RBIMPL_ATTR_DEPRECATED(msg) __attribute__((__deprecated__ msg))
      |                                                     ^
Pointer.c:198:5: warning: 'rb_data_object_get_warning' is deprecated: by TypedData [-Wdeprecated-declarations]
  198 |     Data_Get_Struct(self, AbstractMemory, ptr);
      |     ^
/opt/homebrew/Cellar/ruby/4.0.3/include/ruby-4.0.0/ruby/internal/core/rdata.h:278:34: note: expanded from macro 'Data_Get_Struct'
  278 |     ((sval) = RBIMPL_CAST((type*)rb_data_object_get(obj)))
      |                                  ^
/opt/homebrew/Cellar/ruby/4.0.3/include/ruby-4.0.0/ruby/internal/core/rdata.h:370:31: note: expanded from macro 'rb_data_object_get'
  370 | #define rb_data_object_get    RUBY_MACRO_SELECT(rb_data_object_get_2, RUBY_UNTYPED_DATA_WARNING)
      |                               ^
/opt/homebrew/Cellar/ruby/4.0.3/include/ruby-4.0.0/ruby/internal/core/rdata.h:50:35: note: expanded from macro 'RUBY_MACRO_SELECT'
   50 | #define RUBY_MACRO_SELECT(x, y)   RBIMPL_MACRO_SELECT(x, y)
      |                                   ^
/opt/homebrew/Cellar/ruby/4.0.3/include/ruby-4.0.0/ruby/internal/core/rdata.h:49:35: note: expanded from macro 'RBIMPL_MACRO_SELECT'
   49 | #define RBIMPL_MACRO_SELECT(x, y) x ## y
      |                                   ^
<scratch space>:85:1: note: expanded from here
   85 | rb_data_object_get_1
      | ^
/opt/homebrew/Cellar/ruby/4.0.3/include/ruby-4.0.0/ruby/internal/core/rdata.h:368:31: note: expanded from macro 'rb_data_object_get_1'
  368 | #define rb_data_object_get_1  rb_data_object_get_warning
      |                               ^
/opt/homebrew/Cellar/ruby/4.0.3/include/ruby-4.0.0/ruby/internal/core/rdata.h:317:1: note: 'rb_data_object_get_warning' has been explicitly marked deprecated here
  317 | RBIMPL_ATTRSET_UNTYPED_DATA_FUNC()
      | ^
/opt/homebrew/Cellar/ruby/4.0.3/include/ruby-4.0.0/ruby/internal/core/rdata.h:47:5: note: expanded from macro 'RBIMPL_ATTRSET_UNTYPED_DATA_FUNC'
   47 |     RBIMPL_ATTR_DEPRECATED(("by TypedData"))
      |     ^
/opt/homebrew/Cellar/ruby/4.0.3/include/ruby-4.0.0/ruby/internal/attr/deprecated.h:36:53: note: expanded from macro 'RBIMPL_ATTR_DEPRECATED'
   36 | # define RBIMPL_ATTR_DEPRECATED(msg) __attribute__((__deprecated__ msg))
      |                                                     ^
Pointer.c:225:5: warning: 'rb_data_object_get_warning' is deprecated: by TypedData [-Wdeprecated-declarations]
  225 |     Data_Get_Struct(self, AbstractMemory, ptr);
      |     ^
/opt/homebrew/Cellar/ruby/4.0.3/include/ruby-4.0.0/ruby/internal/core/rdata.h:278:34: note: expanded from macro 'Data_Get_Struct'
  278 |     ((sval) = RBIMPL_CAST((type*)rb_data_object_get(obj)))
      |                                  ^
/opt/homebrew/Cellar/ruby/4.0.3/include/ruby-4.0.0/ruby/internal/core/rdata.h:370:31: note: expanded from macro 'rb_data_object_get'
  370 | #define rb_data_object_get    RUBY_MACRO_SELECT(rb_data_object_get_2, RUBY_UNTYPED_DATA_WARNING)
      |                               ^
/opt/homebrew/Cellar/ruby/4.0.3/include/ruby-4.0.0/ruby/internal/core/rdata.h:50:35: note: expanded from macro 'RUBY_MACRO_SELECT'
   50 | #define RUBY_MACRO_SELECT(x, y)   RBIMPL_MACRO_SELECT(x, y)
      |                                   ^
/opt/homebrew/Cellar/ruby/4.0.3/include/ruby-4.0.0/ruby/internal/core/rdata.h:49:35: note: expanded from macro 'RBIMPL_MACRO_SELECT'
   49 | #define RBIMPL_MACRO_SELECT(x, y) x ## y
      |                                   ^
<scratch space>:86:1: note: expanded from here
   86 | rb_data_object_get_1
      | ^
/opt/homebrew/Cellar/ruby/4.0.3/include/ruby-4.0.0/ruby/internal/core/rdata.h:368:31: note: expanded from macro 'rb_data_object_get_1'
  368 | #define rb_data_object_get_1  rb_data_object_get_warning
      |                               ^
/opt/homebrew/Cellar/ruby/4.0.3/include/ruby-4.0.0/ruby/internal/core/rdata.h:317:1: note: 'rb_data_object_get_warning' has been explicitly marked deprecated here
  317 | RBIMPL_ATTRSET_UNTYPED_DATA_FUNC()
      | ^
/opt/homebrew/Cellar/ruby/4.0.3/include/ruby-4.0.0/ruby/internal/core/rdata.h:47:5: note: expanded from macro 'RBIMPL_ATTRSET_UNTYPED_DATA_FUNC'
   47 |     RBIMPL_ATTR_DEPRECATED(("by TypedData"))
      |     ^
/opt/homebrew/Cellar/ruby/4.0.3/include/ruby-4.0.0/ruby/internal/attr/deprecated.h:36:53: note: expanded from macro 'RBIMPL_ATTR_DEPRECATED'
   36 | # define RBIMPL_ATTR_DEPRECATED(msg) __attribute__((__deprecated__ msg))
      |                                                     ^
Pointer.c:255:5: warning: 'rb_data_object_get_warning' is deprecated: by TypedData [-Wdeprecated-declarations]
  255 |     Data_Get_Struct(self, Pointer, ptr);
      |     ^
/opt/homebrew/Cellar/ruby/4.0.3/include/ruby-4.0.0/ruby/internal/core/rdata.h:278:34: note: expanded from macro 'Data_Get_Struct'
  278 |     ((sval) = RBIMPL_CAST((type*)rb_data_object_get(obj)))
      |                                  ^
/opt/homebrew/Cellar/ruby/4.0.3/include/ruby-4.0.0/ruby/internal/core/rdata.h:370:31: note: expanded from macro 'rb_data_object_get'
  370 | #define rb_data_object_get    RUBY_MACRO_SELECT(rb_data_object_get_2, RUBY_UNTYPED_DATA_WARNING)
      |                               ^
/opt/homebrew/Cellar/ruby/4.0.3/include/ruby-4.0.0/ruby/internal/core/rdata.h:50:35: note: expanded from macro 'RUBY_MACRO_SELECT'
   50 | #define RUBY_MACRO_SELECT(x, y)   RBIMPL_MACRO_SELECT(x, y)
      |                                   ^
/opt/homebrew/Cellar/ruby/4.0.3/include/ruby-4.0.0/ruby/internal/core/rdata.h:49:35: note: expanded from macro 'RBIMPL_MACRO_SELECT'
   49 | #define RBIMPL_MACRO_SELECT(x, y) x ## y
      |                                   ^
<scratch space>:87:1: note: expanded from here
   87 | rb_data_object_get_1
      | ^
/opt/homebrew/Cellar/ruby/4.0.3/include/ruby-4.0.0/ruby/internal/core/rdata.h:368:31: note: expanded from macro 'rb_data_object_get_1'
  368 | #define rb_data_object_get_1  rb_data_object_get_warning
      |                               ^
/opt/homebrew/Cellar/ruby/4.0.3/include/ruby-4.0.0/ruby/internal/core/rdata.h:317:1: note: 'rb_data_object_get_warning' has been explicitly marked deprecated here
  317 | RBIMPL_ATTRSET_UNTYPED_DATA_FUNC()
      | ^
/opt/homebrew/Cellar/ruby/4.0.3/include/ruby-4.0.0/ruby/internal/core/rdata.h:47:5: note: expanded from macro 'RBIMPL_ATTRSET_UNTYPED_DATA_FUNC'
   47 |     RBIMPL_ATTR_DEPRECATED(("by TypedData"))
      |     ^
/opt/homebrew/Cellar/ruby/4.0.3/include/ruby-4.0.0/ruby/internal/attr/deprecated.h:36:53: note: expanded from macro 'RBIMPL_ATTR_DEPRECATED'
   36 | # define RBIMPL_ATTR_DEPRECATED(msg) __attribute__((__deprecated__ msg))
      |                                                     ^
compiling Variadic.c
Pointer.c:278:5: warning: 'rb_data_object_get_warning' is deprecated: by TypedData [-Wdeprecated-declarations]
  278 |     Data_Get_Struct(self, Pointer, ptr);
      |     ^
/opt/homebrew/Cellar/ruby/4.0.3/include/ruby-4.0.0/ruby/internal/core/rdata.h:278:34: note: expanded from macro 'Data_Get_Struct'
  278 |     ((sval) = RBIMPL_CAST((type*)rb_data_object_get(obj)))
      |                                  ^
/opt/homebrew/Cellar/ruby/4.0.3/include/ruby-4.0.0/ruby/internal/core/rdata.h:370:31: note: expanded from macro 'rb_data_object_get'
  370 | #define rb_data_object_get    RUBY_MACRO_SELECT(rb_data_object_get_2, RUBY_UNTYPED_DATA_WARNING)
      |                               ^
/opt/homebrew/Cellar/ruby/4.0.3/include/ruby-4.0.0/ruby/internal/core/rdata.h:50:35: note: expanded from macro 'RUBY_MACRO_SELECT'
   50 | #define RUBY_MACRO_SELECT(x, y)   RBIMPL_MACRO_SELECT(x, y)
      |                                   ^
/opt/homebrew/Cellar/ruby/4.0.3/include/ruby-4.0.0/ruby/internal/core/rdata.h:49:35: note: expanded from macro 'RBIMPL_MACRO_SELECT'
   49 | #define RBIMPL_MACRO_SELECT(x, y) x ## y
      |                                   ^
<scratch space>:88:1: note: expanded from here
   88 | rb_data_object_get_1
      | ^
/opt/homebrew/Cellar/ruby/4.0.3/include/ruby-4.0.0/ruby/internal/core/rdata.h:368:31: note: expanded from macro 'rb_data_object_get_1'
  368 | #define rb_data_object_get_1  rb_data_object_get_warning
      |                               ^
/opt/homebrew/Cellar/ruby/4.0.3/include/ruby-4.0.0/ruby/internal/core/rdata.h:317:1: note: 'rb_data_object_get_warning' has been explicitly marked deprecated here
  317 | RBIMPL_ATTRSET_UNTYPED_DATA_FUNC()
      | ^
/opt/homebrew/Cellar/ruby/4.0.3/include/ruby-4.0.0/ruby/internal/core/rdata.h:47:5: note: expanded from macro 'RBIMPL_ATTRSET_UNTYPED_DATA_FUNC'
   47 |     RBIMPL_ATTR_DEPRECATED(("by TypedData"))
      |     ^
/opt/homebrew/Cellar/ruby/4.0.3/include/ruby-4.0.0/ruby/internal/attr/deprecated.h:36:53: note: expanded from macro 'RBIMPL_ATTR_DEPRECATED'
   36 | # define RBIMPL_ATTR_DEPRECATED(msg) __attribute__((__deprecated__ msg))
      |                                                     ^
Pointer.c:294:5: warning: 'rb_data_object_get_warning' is deprecated: by TypedData [-Wdeprecated-declarations]
  294 |     Data_Get_Struct(self, Pointer, ptr);
      |     ^
/opt/homebrew/Cellar/ruby/4.0.3/include/ruby-4.0.0/ruby/internal/core/rdata.h:278:34: note: expanded from macro 'Data_Get_Struct'
  278 |     ((sval) = RBIMPL_CAST((type*)rb_data_object_get(obj)))
      |                                  ^
/opt/homebrew/Cellar/ruby/4.0.3/include/ruby-4.0.0/ruby/internal/core/rdata.h:370:31: note: expanded from macro 'rb_data_object_get'
  370 | #define rb_data_object_get    RUBY_MACRO_SELECT(rb_data_object_get_2, RUBY_UNTYPED_DATA_WARNING)
      |                               ^
/opt/homebrew/Cellar/ruby/4.0.3/include/ruby-4.0.0/ruby/internal/core/rdata.h:50:35: note: expanded from macro 'RUBY_MACRO_SELECT'
   50 | #define RUBY_MACRO_SELECT(x, y)   RBIMPL_MACRO_SELECT(x, y)
      |                                   ^
/opt/homebrew/Cellar/ruby/4.0.3/include/ruby-4.0.0/ruby/internal/core/rdata.h:49:35: note: expanded from macro 'RBIMPL_MACRO_SELECT'
   49 | #define RBIMPL_MACRO_SELECT(x, y) x ## y
      |                                   ^
<scratch space>:89:1: note: expanded from here
   89 | rb_data_object_get_1
      | ^
/opt/homebrew/Cellar/ruby/4.0.3/include/ruby-4.0.0/ruby/internal/core/rdata.h:368:31: note: expanded from macro 'rb_data_object_get_1'
  368 | #define rb_data_object_get_1  rb_data_object_get_warning
      |                               ^
/opt/homebrew/Cellar/ruby/4.0.3/include/ruby-4.0.0/ruby/internal/core/rdata.h:317:1: note: 'rb_data_object_get_warning' has been explicitly marked deprecated here
  317 | RBIMPL_ATTRSET_UNTYPED_DATA_FUNC()
      | ^
/opt/homebrew/Cellar/ruby/4.0.3/include/ruby-4.0.0/ruby/internal/core/rdata.h:47:5: note: expanded from macro 'RBIMPL_ATTRSET_UNTYPED_DATA_FUNC'
   47 |     RBIMPL_ATTR_DEPRECATED(("by TypedData"))
      |     ^
/opt/homebrew/Cellar/ruby/4.0.3/include/ruby-4.0.0/ruby/internal/attr/deprecated.h:36:53: note: expanded from macro 'RBIMPL_ATTR_DEPRECATED'
   36 | # define RBIMPL_ATTR_DEPRECATED(msg) __attribute__((__deprecated__ msg))
      |                                                     ^
Pointer.c:313:5: warning: 'rb_data_object_get_warning' is deprecated: by TypedData [-Wdeprecated-declarations]
  313 |     Data_Get_Struct(self, Pointer, ptr);
      |     ^
/opt/homebrew/Cellar/ruby/4.0.3/include/ruby-4.0.0/ruby/internal/core/rdata.h:278:34: note: expanded from macro 'Data_Get_Struct'
  278 |     ((sval) = RBIMPL_CAST((type*)rb_data_object_get(obj)))
      |                                  ^
/opt/homebrew/Cellar/ruby/4.0.3/include/ruby-4.0.0/ruby/internal/core/rdata.h:370:31: note: expanded from macro 'rb_data_object_get'
  370 | #define rb_data_object_get    RUBY_MACRO_SELECT(rb_data_object_get_2, RUBY_UNTYPED_DATA_WARNING)
      |                               ^
/opt/homebrew/Cellar/ruby/4.0.3/include/ruby-4.0.0/ruby/internal/core/rdata.h:50:35: note: expanded from macro 'RUBY_MACRO_SELECT'
   50 | #define RUBY_MACRO_SELECT(x, y)   RBIMPL_MACRO_SELECT(x, y)
      |                                   ^
/opt/homebrew/Cellar/ruby/4.0.3/include/ruby-4.0.0/ruby/internal/core/rdata.h:49:35: note: expanded from macro 'RBIMPL_MACRO_SELECT'
   49 | #define RBIMPL_MACRO_SELECT(x, y) x ## y
      |                                   ^
<scratch space>:90:1: note: expanded from here
   90 | rb_data_object_get_1
      | ^
/opt/homebrew/Cellar/ruby/4.0.3/include/ruby-4.0.0/ruby/internal/core/rdata.h:368:31: note: expanded from macro 'rb_data_object_get_1'
  368 | #define rb_data_object_get_1  rb_data_object_get_warning
      |                               ^
/opt/homebrew/Cellar/ruby/4.0.3/include/ruby-4.0.0/ruby/internal/core/rdata.h:317:1: note: 'rb_data_object_get_warning' has been explicitly marked deprecated here
  317 | RBIMPL_ATTRSET_UNTYPED_DATA_FUNC()
      | ^
/opt/homebrew/Cellar/ruby/4.0.3/include/ruby-4.0.0/ruby/internal/core/rdata.h:47:5: note: expanded from macro 'RBIMPL_ATTRSET_UNTYPED_DATA_FUNC'
   47 |     RBIMPL_ATTR_DEPRECATED(("by TypedData"))
      |     ^
/opt/homebrew/Cellar/ruby/4.0.3/include/ruby-4.0.0/ruby/internal/attr/deprecated.h:36:53: note: expanded from macro 'RBIMPL_ATTR_DEPRECATED'
   36 | # define RBIMPL_ATTR_DEPRECATED(msg) __attribute__((__deprecated__ msg))
      |                                                     ^
Pointer.c:338:5: warning: 'rb_data_object_get_warning' is deprecated: by TypedData [-Wdeprecated-declarations]
  338 |     Data_Get_Struct(self, Pointer, ptr);
      |     ^
/opt/homebrew/Cellar/ruby/4.0.3/include/ruby-4.0.0/ruby/internal/core/rdata.h:278:34: note: expanded from macro 'Data_Get_Struct'
  278 |     ((sval) = RBIMPL_CAST((type*)rb_data_object_get(obj)))
      |                                  ^
/opt/homebrew/Cellar/ruby/4.0.3/include/ruby-4.0.0/ruby/internal/core/rdata.h:370:31: note: expanded from macro 'rb_data_object_get'
  370 | #define rb_data_object_get    RUBY_MACRO_SELECT(rb_data_object_get_2, RUBY_UNTYPED_DATA_WARNING)
      |                               ^
/opt/homebrew/Cellar/ruby/4.0.3/include/ruby-4.0.0/ruby/internal/core/rdata.h:50:35: note: expanded from macro 'RUBY_MACRO_SELECT'
   50 | #define RUBY_MACRO_SELECT(x, y)   RBIMPL_MACRO_SELECT(x, y)
      |                                   ^
/opt/homebrew/Cellar/ruby/4.0.3/include/ruby-4.0.0/ruby/internal/core/rdata.h:49:35: note: expanded from macro 'RBIMPL_MACRO_SELECT'
   49 | #define RBIMPL_MACRO_SELECT(x, y) x ## y
      |                                   ^
<scratch space>:91:1: note: expanded from here
   91 | rb_data_object_get_1
      | ^
/opt/homebrew/Cellar/ruby/4.0.3/include/ruby-4.0.0/ruby/internal/core/rdata.h:368:31: note: expanded from macro 'rb_data_object_get_1'
  368 | #define rb_data_object_get_1  rb_data_object_get_warning
      |                               ^
/opt/homebrew/Cellar/ruby/4.0.3/include/ruby-4.0.0/ruby/internal/core/rdata.h:317:1: note: 'rb_data_object_get_warning' has been explicitly marked deprecated here
  317 | RBIMPL_ATTRSET_UNTYPED_DATA_FUNC()
      | ^
/opt/homebrew/Cellar/ruby/4.0.3/include/ruby-4.0.0/ruby/internal/core/rdata.h:47:5: note: expanded from macro 'RBIMPL_ATTRSET_UNTYPED_DATA_FUNC'
   47 |     RBIMPL_ATTR_DEPRECATED(("by TypedData"))
      |     ^
/opt/homebrew/Cellar/ruby/4.0.3/include/ruby-4.0.0/ruby/internal/attr/deprecated.h:36:53: note: expanded from macro 'RBIMPL_ATTR_DEPRECATED'
   36 | # define RBIMPL_ATTR_DEPRECATED(msg) __attribute__((__deprecated__ msg))
      |                                                     ^
Pointer.c:364:13: warning: 'rb_data_object_get_warning' is deprecated: by TypedData [-Wdeprecated-declarations]
  364 |             Data_Get_Struct(retval, Pointer, p2);
      |             ^
/opt/homebrew/Cellar/ruby/4.0.3/include/ruby-4.0.0/ruby/internal/core/rdata.h:278:34: note: expanded from macro 'Data_Get_Struct'
  278 |     ((sval) = RBIMPL_CAST((type*)rb_data_object_get(obj)))
      |                                  ^
/opt/homebrew/Cellar/ruby/4.0.3/include/ruby-4.0.0/ruby/internal/core/rdata.h:370:31: note: expanded from macro 'rb_data_object_get'
  370 | #define rb_data_object_get    RUBY_MACRO_SELECT(rb_data_object_get_2, RUBY_UNTYPED_DATA_WARNING)
      |                               ^
/opt/homebrew/Cellar/ruby/4.0.3/include/ruby-4.0.0/ruby/internal/core/rdata.h:50:35: note: expanded from macro 'RUBY_MACRO_SELECT'
   50 | #define RUBY_MACRO_SELECT(x, y)   RBIMPL_MACRO_SELECT(x, y)
      |                                   ^
/opt/homebrew/Cellar/ruby/4.0.3/include/ruby-4.0.0/ruby/internal/core/rdata.h:49:35: note: expanded from macro 'RBIMPL_MACRO_SELECT'
   49 | #define RBIMPL_MACRO_SELECT(x, y) x ## y
      |                                   ^
<scratch space>:92:1: note: expanded from here
   92 | rb_data_object_get_1
      | ^
/opt/homebrew/Cellar/ruby/4.0.3/include/ruby-4.0.0/ruby/internal/core/rdata.h:368:31: note: expanded from macro 'rb_data_object_get_1'
  368 | #define rb_data_object_get_1  rb_data_object_get_warning
      |                               ^
/opt/homebrew/Cellar/ruby/4.0.3/include/ruby-4.0.0/ruby/internal/core/rdata.h:317:1: note: 'rb_data_object_get_warning' has been explicitly marked deprecated here
  317 | RBIMPL_ATTRSET_UNTYPED_DATA_FUNC()
      | ^
/opt/homebrew/Cellar/ruby/4.0.3/include/ruby-4.0.0/ruby/internal/core/rdata.h:47:5: note: expanded from macro 'RBIMPL_ATTRSET_UNTYPED_DATA_FUNC'
   47 |     RBIMPL_ATTR_DEPRECATED(("by TypedData"))
      |     ^
/opt/homebrew/Cellar/ruby/4.0.3/include/ruby-4.0.0/ruby/internal/attr/deprecated.h:36:53: note: expanded from macro 'RBIMPL_ATTR_DEPRECATED'
   36 | # define RBIMPL_ATTR_DEPRECATED(msg) __attribute__((__deprecated__ msg))
      |                                                     ^
Pointer.c:384:5: warning: 'rb_data_object_get_warning' is deprecated: by TypedData [-Wdeprecated-declarations]
  384 |     Data_Get_Struct(self, Pointer, ptr);
      |     ^
/opt/homebrew/Cellar/ruby/4.0.3/include/ruby-4.0.0/ruby/internal/core/rdata.h:278:34: note: expanded from macro 'Data_Get_Struct'
  278 |     ((sval) = RBIMPL_CAST((type*)rb_data_object_get(obj)))
      |                                  ^
/opt/homebrew/Cellar/ruby/4.0.3/include/ruby-4.0.0/ruby/internal/core/rdata.h:370:31: note: expanded from macro 'rb_data_object_get'
  370 | #define rb_data_object_get    RUBY_MACRO_SELECT(rb_data_object_get_2, RUBY_UNTYPED_DATA_WARNING)
      |                               ^
/opt/homebrew/Cellar/ruby/4.0.3/include/ruby-4.0.0/ruby/internal/core/rdata.h:50:35: note: expanded from macro 'RUBY_MACRO_SELECT'
   50 | #define RUBY_MACRO_SELECT(x, y)   RBIMPL_MACRO_SELECT(x, y)
      |                                   ^
/opt/homebrew/Cellar/ruby/4.0.3/include/ruby-4.0.0/ruby/internal/core/rdata.h:49:35: note: expanded from macro 'RBIMPL_MACRO_SELECT'
   49 | #define RBIMPL_MACRO_SELECT(x, y) x ## y
      |                                   ^
<scratch space>:93:1: note: expanded from here
   93 | rb_data_object_get_1
      | ^
/opt/homebrew/Cellar/ruby/4.0.3/include/ruby-4.0.0/ruby/internal/core/rdata.h:368:31: note: expanded from macro 'rb_data_object_get_1'
  368 | #define rb_data_object_get_1  rb_data_object_get_warning
      |                               ^
/opt/homebrew/Cellar/ruby/4.0.3/include/ruby-4.0.0/ruby/internal/core/rdata.h:317:1: note: 'rb_data_object_get_warning' has been explicitly marked deprecated here
  317 | RBIMPL_ATTRSET_UNTYPED_DATA_FUNC()
      | ^
/opt/homebrew/Cellar/ruby/4.0.3/include/ruby-4.0.0/ruby/internal/core/rdata.h:47:5: note: expanded from macro 'RBIMPL_ATTRSET_UNTYPED_DATA_FUNC'
   47 |     RBIMPL_ATTR_DEPRECATED(("by TypedData"))
      |     ^
/opt/homebrew/Cellar/ruby/4.0.3/include/ruby-4.0.0/ruby/internal/attr/deprecated.h:36:53: note: expanded from macro 'RBIMPL_ATTR_DEPRECATED'
   36 | # define RBIMPL_ATTR_DEPRECATED(msg) __attribute__((__deprecated__ msg))
      |                                                     ^
Pointer.c:407:5: warning: 'rb_data_object_get_warning' is deprecated: by TypedData [-Wdeprecated-declarations]
  407 |     Data_Get_Struct(self, Pointer, ptr);
      |     ^
/opt/homebrew/Cellar/ruby/4.0.3/include/ruby-4.0.0/ruby/internal/core/rdata.h:278:34: note: expanded from macro 'Data_Get_Struct'
  278 |     ((sval) = RBIMPL_CAST((type*)rb_data_object_get(obj)))
      |                                  ^
/opt/homebrew/Cellar/ruby/4.0.3/include/ruby-4.0.0/ruby/internal/core/rdata.h:370:31: note: expanded from macro 'rb_data_object_get'
  370 | #define rb_data_object_get    RUBY_MACRO_SELECT(rb_data_object_get_2, RUBY_UNTYPED_DATA_WARNING)
      |                               ^
/opt/homebrew/Cellar/ruby/4.0.3/include/ruby-4.0.0/ruby/internal/core/rdata.h:50:35: note: expanded from macro 'RUBY_MACRO_SELECT'
   50 | #define RUBY_MACRO_SELECT(x, y)   RBIMPL_MACRO_SELECT(x, y)
      |                                   ^
/opt/homebrew/Cellar/ruby/4.0.3/include/ruby-4.0.0/ruby/internal/core/rdata.h:49:35: note: expanded from macro 'RBIMPL_MACRO_SELECT'
   49 | #define RBIMPL_MACRO_SELECT(x, y) x ## y
      |                                   ^
<scratch space>:94:1: note: expanded from here
   94 | rb_data_object_get_1
      | ^
/opt/homebrew/Cellar/ruby/4.0.3/include/ruby-4.0.0/ruby/internal/core/rdata.h:368:31: note: expanded from macro 'rb_data_object_get_1'
  368 | #define rb_data_object_get_1  rb_data_object_get_warning
      |                               ^
/opt/homebrew/Cellar/ruby/4.0.3/include/ruby-4.0.0/ruby/internal/core/rdata.h:317:1: note: 'rb_data_object_get_warning' has been explicitly marked deprecated here
  317 | RBIMPL_ATTRSET_UNTYPED_DATA_FUNC()
      | ^
/opt/homebrew/Cellar/ruby/4.0.3/include/ruby-4.0.0/ruby/internal/core/rdata.h:47:5: note: expanded from macro 'RBIMPL_ATTRSET_UNTYPED_DATA_FUNC'
   47 |     RBIMPL_ATTR_DEPRECATED(("by TypedData"))
      |     ^
/opt/homebrew/Cellar/ruby/4.0.3/include/ruby-4.0.0/ruby/internal/attr/deprecated.h:36:53: note: expanded from macro 'RBIMPL_ATTR_DEPRECATED'
   36 | # define RBIMPL_ATTR_DEPRECATED(msg) __attribute__((__deprecated__ msg))
      |                                                     ^
Pointer.c:423:5: warning: 'rb_data_object_get_warning' is deprecated: by TypedData [-Wdeprecated-declarations]
  423 |     Data_Get_Struct(self, Pointer, ptr);
      |     ^
/opt/homebrew/Cellar/ruby/4.0.3/include/ruby-4.0.0/ruby/internal/core/rdata.h:278:34: note: expanded from macro 'Data_Get_Struct'
  278 |     ((sval) = RBIMPL_CAST((type*)rb_data_object_get(obj)))
      |                                  ^
/opt/homebrew/Cellar/ruby/4.0.3/include/ruby-4.0.0/ruby/internal/core/rdata.h:370:31: note: expanded from macro 'rb_data_object_get'
  370 | #define rb_data_object_get    RUBY_MACRO_SELECT(rb_data_object_get_2, RUBY_UNTYPED_DATA_WARNING)
      |                               ^
/opt/homebrew/Cellar/ruby/4.0.3/include/ruby-4.0.0/ruby/internal/core/rdata.h:50:35: note: expanded from macro 'RUBY_MACRO_SELECT'
   50 | #define RUBY_MACRO_SELECT(x, y)   RBIMPL_MACRO_SELECT(x, y)
      |                                   ^
/opt/homebrew/Cellar/ruby/4.0.3/include/ruby-4.0.0/ruby/internal/core/rdata.h:49:35: note: expanded from macro 'RBIMPL_MACRO_SELECT'
   49 | #define RBIMPL_MACRO_SELECT(x, y) x ## y
      |                                   ^
<scratch space>:95:1: note: expanded from here
   95 | rb_data_object_get_1
      | ^
/opt/homebrew/Cellar/ruby/4.0.3/include/ruby-4.0.0/ruby/internal/core/rdata.h:368:31: note: expanded from macro 'rb_data_object_get_1'
  368 | #define rb_data_object_get_1  rb_data_object_get_warning
      |                               ^
/opt/homebrew/Cellar/ruby/4.0.3/include/ruby-4.0.0/ruby/internal/core/rdata.h:317:1: note: 'rb_data_object_get_warning' has been explicitly marked deprecated here
  317 | RBIMPL_ATTRSET_UNTYPED_DATA_FUNC()
      | ^
/opt/homebrew/Cellar/ruby/4.0.3/include/ruby-4.0.0/ruby/internal/core/rdata.h:47:5: note: expanded from macro 'RBIMPL_ATTRSET_UNTYPED_DATA_FUNC'
   47 |     RBIMPL_ATTR_DEPRECATED(("by TypedData"))
      |     ^
/opt/homebrew/Cellar/ruby/4.0.3/include/ruby-4.0.0/ruby/internal/attr/deprecated.h:36:53: note: expanded from macro 'RBIMPL_ATTR_DEPRECATED'
   36 | # define RBIMPL_ATTR_DEPRECATED(msg) __attribute__((__deprecated__ msg))
      |                                                     ^
Pointer.c:439:5: warning: 'rb_data_object_get_warning' is deprecated: by TypedData [-Wdeprecated-declarations]
  439 |     Data_Get_Struct(self, Pointer, ptr);
      |     ^
/opt/homebrew/Cellar/ruby/4.0.3/include/ruby-4.0.0/ruby/internal/core/rdata.h:278:34: note: expanded from macro 'Data_Get_Struct'
  278 |     ((sval) = RBIMPL_CAST((type*)rb_data_object_get(obj)))
      |                                  ^
/opt/homebrew/Cellar/ruby/4.0.3/include/ruby-4.0.0/ruby/internal/core/rdata.h:370:31: note: expanded from macro 'rb_data_object_get'
  370 | #define rb_data_object_get    RUBY_MACRO_SELECT(rb_data_object_get_2, RUBY_UNTYPED_DATA_WARNING)
      |                               ^
/opt/homebrew/Cellar/ruby/4.0.3/include/ruby-4.0.0/ruby/internal/core/rdata.h:50:35: note: expanded from macro 'RUBY_MACRO_SELECT'
   50 | #define RUBY_MACRO_SELECT(x, y)   RBIMPL_MACRO_SELECT(x, y)
      |                                   ^
/opt/homebrew/Cellar/ruby/4.0.3/include/ruby-4.0.0/ruby/internal/core/rdata.h:49:35: note: expanded from macro 'RBIMPL_MACRO_SELECT'
   49 | #define RBIMPL_MACRO_SELECT(x, y) x ## y
      |                                   ^
<scratch space>:96:1: note: expanded from here
   96 | rb_data_object_get_1
      | ^
/opt/homebrew/Cellar/ruby/4.0.3/include/ruby-4.0.0/ruby/internal/core/rdata.h:368:31: note: expanded from macro 'rb_data_object_get_1'
  368 | #define rb_data_object_get_1  rb_data_object_get_warning
      |                               ^
/opt/homebrew/Cellar/ruby/4.0.3/include/ruby-4.0.0/ruby/internal/core/rdata.h:317:1: note: 'rb_data_object_get_warning' has been explicitly marked deprecated here
  317 | RBIMPL_ATTRSET_UNTYPED_DATA_FUNC()
      | ^
/opt/homebrew/Cellar/ruby/4.0.3/include/ruby-4.0.0/ruby/internal/core/rdata.h:47:5: note: expanded from macro 'RBIMPL_ATTRSET_UNTYPED_DATA_FUNC'
   47 |     RBIMPL_ATTR_DEPRECATED(("by TypedData"))
      |     ^
/opt/homebrew/Cellar/ruby/4.0.3/include/ruby-4.0.0/ruby/internal/attr/deprecated.h:36:53: note: expanded from macro 'RBIMPL_ATTR_DEPRECATED'
   36 | # define RBIMPL_ATTR_DEPRECATED(msg) __attribute__((__deprecated__ msg))
      |                                                     ^
StructByValue.c:88:5: warning: 'rb_data_object_get_warning' is deprecated: by TypedData [-Wdeprecated-declarations]
   88 |     Data_Get_Struct(rbLayout, StructLayout, layout);
      |     ^
/opt/homebrew/Cellar/ruby/4.0.3/include/ruby-4.0.0/ruby/internal/core/rdata.h:278:34: note: expanded from macro 'Data_Get_Struct'
  278 |     ((sval) = RBIMPL_CAST((type*)rb_data_object_get(obj)))
      |                                  ^
/opt/homebrew/Cellar/ruby/4.0.3/include/ruby-4.0.0/ruby/internal/core/rdata.h:370:31: note: expanded from macro 'rb_data_object_get'
  370 | #define rb_data_object_get    RUBY_MACRO_SELECT(rb_data_object_get_2, RUBY_UNTYPED_DATA_WARNING)
      |                               ^
/opt/homebrew/Cellar/ruby/4.0.3/include/ruby-4.0.0/ruby/internal/core/rdata.h:50:35: note: expanded from macro 'RUBY_MACRO_SELECT'
   50 | #define RUBY_MACRO_SELECT(x, y)   RBIMPL_MACRO_SELECT(x, y)
      |                                   ^
/opt/homebrew/Cellar/ruby/4.0.3/include/ruby-4.0.0/ruby/internal/core/rdata.h:49:35: note: expanded from macro 'RBIMPL_MACRO_SELECT'
   49 | #define RBIMPL_MACRO_SELECT(x, y) x ## y
      |                                   ^
<scratch space>:82:1: note: expanded from here
   82 | rb_data_object_get_1
      | ^
/opt/homebrew/Cellar/ruby/4.0.3/include/ruby-4.0.0/ruby/internal/core/rdata.h:368:31: note: expanded from macro 'rb_data_object_get_1'
  368 | #define rb_data_object_get_1  rb_data_object_get_warning
      |                               ^
/opt/homebrew/Cellar/ruby/4.0.3/include/ruby-4.0.0/ruby/internal/core/rdata.h:317:1: note: 'rb_data_object_get_warning' has been explicitly marked deprecated here
  317 | RBIMPL_ATTRSET_UNTYPED_DATA_FUNC()
      | ^
/opt/homebrew/Cellar/ruby/4.0.3/include/ruby-4.0.0/ruby/internal/core/rdata.h:47:5: note: expanded from macro 'RBIMPL_ATTRSET_UNTYPED_DATA_FUNC'
   47 |     RBIMPL_ATTR_DEPRECATED(("by TypedData"))
      |     ^
/opt/homebrew/Cellar/ruby/4.0.3/include/ruby-4.0.0/ruby/internal/attr/deprecated.h:36:53: note: expanded from macro 'RBIMPL_ATTR_DEPRECATED'
   36 | # define RBIMPL_ATTR_DEPRECATED(msg) __attribute__((__deprecated__ msg))
      |                                                     ^
StructByValue.c:89:5: warning: 'rb_data_object_get_warning' is deprecated: by TypedData [-Wdeprecated-declarations]
   89 |     Data_Get_Struct(self, StructByValue, sbv);
      |     ^
/opt/homebrew/Cellar/ruby/4.0.3/include/ruby-4.0.0/ruby/internal/core/rdata.h:278:34: note: expanded from macro 'Data_Get_Struct'
  278 |     ((sval) = RBIMPL_CAST((type*)rb_data_object_get(obj)))
      |                                  ^
/opt/homebrew/Cellar/ruby/4.0.3/include/ruby-4.0.0/ruby/internal/core/rdata.h:370:31: note: expanded from macro 'rb_data_object_get'
  370 | #define rb_data_object_get    RUBY_MACRO_SELECT(rb_data_object_get_2, RUBY_UNTYPED_DATA_WARNING)
      |                               ^
/opt/homebrew/Cellar/ruby/4.0.3/include/ruby-4.0.0/ruby/internal/core/rdata.h:50:35: note: expanded from macro 'RUBY_MACRO_SELECT'
   50 | #define RUBY_MACRO_SELECT(x, y)   RBIMPL_MACRO_SELECT(x, y)
      |                                   ^
/opt/homebrew/Cellar/ruby/4.0.3/include/ruby-4.0.0/ruby/internal/core/rdata.h:49:35: note: expanded from macro 'RBIMPL_MACRO_SELECT'
   49 | #define RBIMPL_MACRO_SELECT(x, y) x ## y
      |                                   ^
<scratch space>:83:1: note: expanded from here
   83 | rb_data_object_get_1
      | ^
/opt/homebrew/Cellar/ruby/4.0.3/include/ruby-4.0.0/ruby/internal/core/rdata.h:368:31: note: expanded from macro 'rb_data_object_get_1'
  368 | #define rb_data_object_get_1  rb_data_object_get_warning
      |                               ^
/opt/homebrew/Cellar/ruby/4.0.3/include/ruby-4.0.0/ruby/internal/core/rdata.h:317:1: note: 'rb_data_object_get_warning' has been explicitly marked deprecated here
  317 | RBIMPL_ATTRSET_UNTYPED_DATA_FUNC()
      | ^
/opt/homebrew/Cellar/ruby/4.0.3/include/ruby-4.0.0/ruby/internal/core/rdata.h:47:5: note: expanded from macro 'RBIMPL_ATTRSET_UNTYPED_DATA_FUNC'
   47 |     RBIMPL_ATTR_DEPRECATED(("by TypedData"))
      |     ^
/opt/homebrew/Cellar/ruby/4.0.3/include/ruby-4.0.0/ruby/internal/attr/deprecated.h:36:53: note: expanded from macro 'RBIMPL_ATTR_DEPRECATED'
   36 | # define RBIMPL_ATTR_DEPRECATED(msg) __attribute__((__deprecated__ msg))
      |                                                     ^
StructByValue.c:119:5: warning: 'rb_data_object_get_warning' is deprecated: by TypedData [-Wdeprecated-declarations]
  119 |     Data_Get_Struct(self, StructByValue, sbv);
      |     ^
/opt/homebrew/Cellar/ruby/4.0.3/include/ruby-4.0.0/ruby/internal/core/rdata.h:278:34: note: expanded from macro 'Data_Get_Struct'
  278 |     ((sval) = RBIMPL_CAST((type*)rb_data_object_get(obj)))
      |                                  ^
/opt/homebrew/Cellar/ruby/4.0.3/include/ruby-4.0.0/ruby/internal/core/rdata.h:370:31: note: expanded from macro 'rb_data_object_get'
  370 | #define rb_data_object_get    RUBY_MACRO_SELECT(rb_data_object_get_2, RUBY_UNTYPED_DATA_WARNING)
      |                               ^
/opt/homebrew/Cellar/ruby/4.0.3/include/ruby-4.0.0/ruby/internal/core/rdata.h:50:35: note: expanded from macro 'RUBY_MACRO_SELECT'
   50 | #define RUBY_MACRO_SELECT(x, y)   RBIMPL_MACRO_SELECT(x, y)
      |                                   ^
/opt/homebrew/Cellar/ruby/4.0.3/include/ruby-4.0.0/ruby/internal/core/rdata.h:49:35: note: expanded from macro 'RBIMPL_MACRO_SELECT'
   49 | #define RBIMPL_MACRO_SELECT(x, y) x ## y
      |                                   ^
<scratch space>:84:1: note: expanded from here
   84 | rb_data_object_get_1
      | ^
/opt/homebrew/Cellar/ruby/4.0.3/include/ruby-4.0.0/ruby/internal/core/rdata.h:368:31: note: expanded from macro 'rb_data_object_get_1'
  368 | #define rb_data_object_get_1  rb_data_object_get_warning
      |                               ^
/opt/homebrew/Cellar/ruby/4.0.3/include/ruby-4.0.0/ruby/internal/core/rdata.h:317:1: note: 'rb_data_object_get_warning' has been explicitly marked deprecated here
  317 | RBIMPL_ATTRSET_UNTYPED_DATA_FUNC()
      | ^
/opt/homebrew/Cellar/ruby/4.0.3/include/ruby-4.0.0/ruby/internal/core/rdata.h:47:5: note: expanded from macro 'RBIMPL_ATTRSET_UNTYPED_DATA_FUNC'
   47 |     RBIMPL_ATTR_DEPRECATED(("by TypedData"))
      |     ^
/opt/homebrew/Cellar/ruby/4.0.3/include/ruby-4.0.0/ruby/internal/attr/deprecated.h:36:53: note: expanded from macro 'RBIMPL_ATTR_DEPRECATED'
   36 | # define RBIMPL_ATTR_DEPRECATED(msg) __attribute__((__deprecated__ msg))
      |                                                     ^
StructByValue.c:128:5: warning: 'rb_data_object_get_warning' is deprecated: by TypedData [-Wdeprecated-declarations]
  128 |     Data_Get_Struct(self, StructByValue, sbv);
      |     ^
/opt/homebrew/Cellar/ruby/4.0.3/include/ruby-4.0.0/ruby/internal/core/rdata.h:278:34: note: expanded from macro 'Data_Get_Struct'
  278 |     ((sval) = RBIMPL_CAST((type*)rb_data_object_get(obj)))
      |                                  ^
/opt/homebrew/Cellar/ruby/4.0.3/include/ruby-4.0.0/ruby/internal/core/rdata.h:370:31: note: expanded from macro 'rb_data_object_get'
  370 | #define rb_data_object_get    RUBY_MACRO_SELECT(rb_data_object_get_2, RUBY_UNTYPED_DATA_WARNING)
      |                               ^
/opt/homebrew/Cellar/ruby/4.0.3/include/ruby-4.0.0/ruby/internal/core/rdata.h:50:35: note: expanded from macro 'RUBY_MACRO_SELECT'
   50 | #define RUBY_MACRO_SELECT(x, y)   RBIMPL_MACRO_SELECT(x, y)
      |                                   ^
/opt/homebrew/Cellar/ruby/4.0.3/include/ruby-4.0.0/ruby/internal/core/rdata.h:49:35: note: expanded from macro 'RBIMPL_MACRO_SELECT'
   49 | #define RBIMPL_MACRO_SELECT(x, y) x ## y
      |                                   ^
<scratch space>:85:1: note: expanded from here
   85 | rb_data_object_get_1
      | ^
/opt/homebrew/Cellar/ruby/4.0.3/include/ruby-4.0.0/ruby/internal/core/rdata.h:368:31: note: expanded from macro 'rb_data_object_get_1'
  368 | #define rb_data_object_get_1  rb_data_object_get_warning
      |                               ^
/opt/homebrew/Cellar/ruby/4.0.3/include/ruby-4.0.0/ruby/internal/core/rdata.h:317:1: note: 'rb_data_object_get_warning' has been explicitly marked deprecated here
  317 | RBIMPL_ATTRSET_UNTYPED_DATA_FUNC()
      | ^
/opt/homebrew/Cellar/ruby/4.0.3/include/ruby-4.0.0/ruby/internal/core/rdata.h:47:5: note: expanded from macro 'RBIMPL_ATTRSET_UNTYPED_DATA_FUNC'
   47 |     RBIMPL_ATTR_DEPRECATED(("by TypedData"))
      |     ^
/opt/homebrew/Cellar/ruby/4.0.3/include/ruby-4.0.0/ruby/internal/attr/deprecated.h:36:53: note: expanded from macro 'RBIMPL_ATTR_DEPRECATED'
   36 | # define RBIMPL_ATTR_DEPRECATED(msg) __attribute__((__deprecated__ msg))
      |                                                     ^
Struct.c:111:5: warning: 'rb_data_object_get_warning' is deprecated: by TypedData [-Wdeprecated-declarations]
  111 |     Data_Get_Struct(self, Struct, s);
      |     ^
/opt/homebrew/Cellar/ruby/4.0.3/include/ruby-4.0.0/ruby/internal/core/rdata.h:278:34: note: expanded from macro 'Data_Get_Struct'
  278 |     ((sval) = RBIMPL_CAST((type*)rb_data_object_get(obj)))
      |                                  ^
/opt/homebrew/Cellar/ruby/4.0.3/include/ruby-4.0.0/ruby/internal/core/rdata.h:370:31: note: expanded from macro 'rb_data_object_get'
  370 | #define rb_data_object_get    RUBY_MACRO_SELECT(rb_data_object_get_2, RUBY_UNTYPED_DATA_WARNING)
      |                               ^
/opt/homebrew/Cellar/ruby/4.0.3/include/ruby-4.0.0/ruby/internal/core/rdata.h:50:35: note: expanded from macro 'RUBY_MACRO_SELECT'
   50 | #define RUBY_MACRO_SELECT(x, y)   RBIMPL_MACRO_SELECT(x, y)
      |                                   ^
/opt/homebrew/Cellar/ruby/4.0.3/include/ruby-4.0.0/ruby/internal/core/rdata.h:49:35: note: expanded from macro 'RBIMPL_MACRO_SELECT'
   49 | #define RBIMPL_MACRO_SELECT(x, y) x ## y
      |                                   ^
<scratch space>:100:1: note: expanded from here
  100 | rb_data_object_get_1
      | ^
/opt/homebrew/Cellar/ruby/4.0.3/include/ruby-4.0.0/ruby/internal/core/rdata.h:368:31: note: expanded from macro 'rb_data_object_get_1'
  368 | #define rb_data_object_get_1  rb_data_object_get_warning
      |                               ^
/opt/homebrew/Cellar/ruby/4.0.3/include/ruby-4.0.0/ruby/internal/core/rdata.h:317:1: note: 'rb_data_object_get_warning' has been explicitly marked deprecated here
  317 | RBIMPL_ATTRSET_UNTYPED_DATA_FUNC()
      | ^
/opt/homebrew/Cellar/ruby/4.0.3/include/ruby-4.0.0/ruby/internal/core/rdata.h:47:5: note: expanded from macro 'RBIMPL_ATTRSET_UNTYPED_DATA_FUNC'
   47 |     RBIMPL_ATTR_DEPRECATED(("by TypedData"))
      |     ^
/opt/homebrew/Cellar/ruby/4.0.3/include/ruby-4.0.0/ruby/internal/attr/deprecated.h:36:53: note: expanded from macro 'RBIMPL_ATTR_DEPRECATED'
   36 | # define RBIMPL_ATTR_DEPRECATED(msg) __attribute__((__deprecated__ msg))
      |                                                     ^
Struct.c:126:5: warning: 'rb_data_object_get_warning' is deprecated: by TypedData [-Wdeprecated-declarations]
  126 |     Data_Get_Struct(s->rbLayout, StructLayout, s->layout);
      |     ^
/opt/homebrew/Cellar/ruby/4.0.3/include/ruby-4.0.0/ruby/internal/core/rdata.h:278:34: note: expanded from macro 'Data_Get_Struct'
  278 |     ((sval) = RBIMPL_CAST((type*)rb_data_object_get(obj)))
      |                                  ^
/opt/homebrew/Cellar/ruby/4.0.3/include/ruby-4.0.0/ruby/internal/core/rdata.h:370:31: note: expanded from macro 'rb_data_object_get'
  370 | #define rb_data_object_get    RUBY_MACRO_SELECT(rb_data_object_get_2, RUBY_UNTYPED_DATA_WARNING)
      |                               ^
/opt/homebrew/Cellar/ruby/4.0.3/include/ruby-4.0.0/ruby/internal/core/rdata.h:50:35: note: expanded from macro 'RUBY_MACRO_SELECT'
   50 | #define RUBY_MACRO_SELECT(x, y)   RBIMPL_MACRO_SELECT(x, y)
      |                                   ^
/opt/homebrew/Cellar/ruby/4.0.3/include/ruby-4.0.0/ruby/internal/core/rdata.h:49:35: note: expanded from macro 'RBIMPL_MACRO_SELECT'
   49 | #define RBIMPL_MACRO_SELECT(x, y) x ## y
      |                                   ^
<scratch space>:101:1: note: expanded from here
  101 | rb_data_object_get_1
      | ^
/opt/homebrew/Cellar/ruby/4.0.3/include/ruby-4.0.0/ruby/internal/core/rdata.h:368:31: note: expanded from macro 'rb_data_object_get_1'
  368 | #define rb_data_object_get_1  rb_data_object_get_warning
      |                               ^
/opt/homebrew/Cellar/ruby/4.0.3/include/ruby-4.0.0/ruby/internal/core/rdata.h:317:1: note: 'rb_data_object_get_warning' has been explicitly marked deprecated here
  317 | RBIMPL_ATTRSET_UNTYPED_DATA_FUNC()
      | ^
/opt/homebrew/Cellar/ruby/4.0.3/include/ruby-4.0.0/ruby/internal/core/rdata.h:47:5: note: expanded from macro 'RBIMPL_ATTRSET_UNTYPED_DATA_FUNC'
   47 |     RBIMPL_ATTR_DEPRECATED(("by TypedData"))
      |     ^
/opt/homebrew/Cellar/ruby/4.0.3/include/ruby-4.0.0/ruby/internal/attr/deprecated.h:36:53: note: expanded from macro 'RBIMPL_ATTR_DEPRECATED'
   36 | # define RBIMPL_ATTR_DEPRECATED(msg) __attribute__((__deprecated__ msg))
      |                                                     ^
Struct.c:149:5: warning: 'rb_data_object_get_warning' is deprecated: by TypedData [-Wdeprecated-declarations]
  149 |     Data_Get_Struct(self, Struct, dst);
      |     ^
/opt/homebrew/Cellar/ruby/4.0.3/include/ruby-4.0.0/ruby/internal/core/rdata.h:278:34: note: expanded from macro 'Data_Get_Struct'
  278 |     ((sval) = RBIMPL_CAST((type*)rb_data_object_get(obj)))
      |                                  ^
/opt/homebrew/Cellar/ruby/4.0.3/include/ruby-4.0.0/ruby/internal/core/rdata.h:370:31: note: expanded from macro 'rb_data_object_get'
  370 | #define rb_data_object_get    RUBY_MACRO_SELECT(rb_data_object_get_2, RUBY_UNTYPED_DATA_WARNING)
      |                               ^
/opt/homebrew/Cellar/ruby/4.0.3/include/ruby-4.0.0/ruby/internal/core/rdata.h:50:35: note: expanded from macro 'RUBY_MACRO_SELECT'
   50 | #define RUBY_MACRO_SELECT(x, y)   RBIMPL_MACRO_SELECT(x, y)
      |                                   ^
/opt/homebrew/Cellar/ruby/4.0.3/include/ruby-4.0.0/ruby/internal/core/rdata.h:49:35: note: expanded from macro 'RBIMPL_MACRO_SELECT'
   49 | #define RBIMPL_MACRO_SELECT(x, y) x ## y
      |                                   ^
<scratch space>:102:1: note: expanded from here
  102 | rb_data_object_get_1
      | ^
/opt/homebrew/Cellar/ruby/4.0.3/include/ruby-4.0.0/ruby/internal/core/rdata.h:368:31: note: expanded from macro 'rb_data_object_get_1'
  368 | #define rb_data_object_get_1  rb_data_object_get_warning
      |                               ^
/opt/homebrew/Cellar/ruby/4.0.3/include/ruby-4.0.0/ruby/internal/core/rdata.h:317:1: note: 'rb_data_object_get_warning' has been explicitly marked deprecated here
  317 | RBIMPL_ATTRSET_UNTYPED_DATA_FUNC()
      | ^
/opt/homebrew/Cellar/ruby/4.0.3/include/ruby-4.0.0/ruby/internal/core/rdata.h:47:5: note: expanded from macro 'RBIMPL_ATTRSET_UNTYPED_DATA_FUNC'
   47 |     RBIMPL_ATTR_DEPRECATED(("by TypedData"))
      |     ^
/opt/homebrew/Cellar/ruby/4.0.3/include/ruby-4.0.0/ruby/internal/attr/deprecated.h:36:53: note: expanded from macro 'RBIMPL_ATTR_DEPRECATED'
   36 | # define RBIMPL_ATTR_DEPRECATED(msg) __attribute__((__deprecated__ msg))
      |                                                     ^
Struct.c:150:5: warning: 'rb_data_object_get_warning' is deprecated: by TypedData [-Wdeprecated-declarations]
  150 |     Data_Get_Struct(other, Struct, src);
      |     ^
/opt/homebrew/Cellar/ruby/4.0.3/include/ruby-4.0.0/ruby/internal/core/rdata.h:278:34: note: expanded from macro 'Data_Get_Struct'
  278 |     ((sval) = RBIMPL_CAST((type*)rb_data_object_get(obj)))
      |                                  ^
/opt/homebrew/Cellar/ruby/4.0.3/include/ruby-4.0.0/ruby/internal/core/rdata.h:370:31: note: expanded from macro 'rb_data_object_get'
  370 | #define rb_data_object_get    RUBY_MACRO_SELECT(rb_data_object_get_2, RUBY_UNTYPED_DATA_WARNING)
      |                               ^
/opt/homebrew/Cellar/ruby/4.0.3/include/ruby-4.0.0/ruby/internal/core/rdata.h:50:35: note: expanded from macro 'RUBY_MACRO_SELECT'
   50 | #define RUBY_MACRO_SELECT(x, y)   RBIMPL_MACRO_SELECT(x, y)
      |                                   ^
/opt/homebrew/Cellar/ruby/4.0.3/include/ruby-4.0.0/ruby/internal/core/rdata.h:49:35: note: expanded from macro 'RBIMPL_MACRO_SELECT'
   49 | #define RBIMPL_MACRO_SELECT(x, y) x ## y
      |                                   ^
<scratch space>:103:1: note: expanded from here
  103 | rb_data_object_get_1
      | ^
/opt/homebrew/Cellar/ruby/4.0.3/include/ruby-4.0.0/ruby/internal/core/rdata.h:368:31: note: expanded from macro 'rb_data_object_get_1'
  368 | #define rb_data_object_get_1  rb_data_object_get_warning
      |                               ^
/opt/homebrew/Cellar/ruby/4.0.3/include/ruby-4.0.0/ruby/internal/core/rdata.h:317:1: note: 'rb_data_object_get_warning' has been explicitly marked deprecated here
  317 | RBIMPL_ATTRSET_UNTYPED_DATA_FUNC()
      | ^
/opt/homebrew/Cellar/ruby/4.0.3/include/ruby-4.0.0/ruby/internal/core/rdata.h:47:5: note: expanded from macro 'RBIMPL_ATTRSET_UNTYPED_DATA_FUNC'
   47 |     RBIMPL_ATTR_DEPRECATED(("by TypedData"))
      |     ^
/opt/homebrew/Cellar/ruby/4.0.3/include/ruby-4.0.0/ruby/internal/attr/deprecated.h:36:53: note: expanded from macro 'RBIMPL_ATTR_DEPRECATED'
   36 | # define RBIMPL_ATTR_DEPRECATED(msg) __attribute__((__deprecated__ msg))
      |                                                     ^
Struct.c:206:9: warning: 'rb_data_object_get_warning' is deprecated: by TypedData [-Wdeprecated-declarations]
  206 |         Data_Get_Struct(s->rbLayout, StructLayout, s->layout);
      |         ^
/opt/homebrew/Cellar/ruby/4.0.3/include/ruby-4.0.0/ruby/internal/core/rdata.h:278:34: note: expanded from macro 'Data_Get_Struct'
  278 |     ((sval) = RBIMPL_CAST((type*)rb_data_object_get(obj)))
      |                                  ^
/opt/homebrew/Cellar/ruby/4.0.3/include/ruby-4.0.0/ruby/internal/core/rdata.h:370:31: note: expanded from macro 'rb_data_object_get'
  370 | #define rb_data_object_get    RUBY_MACRO_SELECT(rb_data_object_get_2, RUBY_UNTYPED_DATA_WARNING)
      |                               ^
/opt/homebrew/Cellar/ruby/4.0.3/include/ruby-4.0.0/ruby/internal/core/rdata.h:50:35: note: expanded from macro 'RUBY_MACRO_SELECT'
   50 | #define RUBY_MACRO_SELECT(x, y)   RBIMPL_MACRO_SELECT(x, y)
      |                                   ^
/opt/homebrew/Cellar/ruby/4.0.3/include/ruby-4.0.0/ruby/internal/core/rdata.h:49:35: note: expanded from macro 'RBIMPL_MACRO_SELECT'
   49 | #define RBIMPL_MACRO_SELECT(x, y) x ## y
      |                                   ^
<scratch space>:104:1: note: expanded from here
  104 | rb_data_object_get_1
      | ^
/opt/homebrew/Cellar/ruby/4.0.3/include/ruby-4.0.0/ruby/internal/core/rdata.h:368:31: note: expanded from macro 'rb_data_object_get_1'
  368 | #define rb_data_object_get_1  rb_data_object_get_warning
      |                               ^
/opt/homebrew/Cellar/ruby/4.0.3/include/ruby-4.0.0/ruby/internal/core/rdata.h:317:1: note: 'rb_data_object_get_warning' has been explicitly marked deprecated here
  317 | RBIMPL_ATTRSET_UNTYPED_DATA_FUNC()
      | ^
/opt/homebrew/Cellar/ruby/4.0.3/include/ruby-4.0.0/ruby/internal/core/rdata.h:47:5: note: expanded from macro 'RBIMPL_ATTRSET_UNTYPED_DATA_FUNC'
   47 |     RBIMPL_ATTR_DEPRECATED(("by TypedData"))
      |     ^
/opt/homebrew/Cellar/ruby/4.0.3/include/ruby-4.0.0/ruby/internal/attr/deprecated.h:36:53: note: expanded from macro 'RBIMPL_ATTR_DEPRECATED'
   36 | # define RBIMPL_ATTR_DEPRECATED(msg) __attribute__((__deprecated__ msg))
      |                                                     ^
Struct.c:216:5: warning: 'rb_data_object_get_warning' is deprecated: by TypedData [-Wdeprecated-declarations]
  216 |     Data_Get_Struct(self, Struct, s);
      |     ^
/opt/homebrew/Cellar/ruby/4.0.3/include/ruby-4.0.0/ruby/internal/core/rdata.h:278:34: note: expanded from macro 'Data_Get_Struct'
  278 |     ((sval) = RBIMPL_CAST((type*)rb_data_object_get(obj)))
      |                                  ^
/opt/homebrew/Cellar/ruby/4.0.3/include/ruby-4.0.0/ruby/internal/core/rdata.h:370:31: note: expanded from macro 'rb_data_object_get'
  370 | #define rb_data_object_get    RUBY_MACRO_SELECT(rb_data_object_get_2, RUBY_UNTYPED_DATA_WARNING)
      |                               ^
/opt/homebrew/Cellar/ruby/4.0.3/include/ruby-4.0.0/ruby/internal/core/rdata.h:50:35: note: expanded from macro 'RUBY_MACRO_SELECT'
   50 | #define RUBY_MACRO_SELECT(x, y)   RBIMPL_MACRO_SELECT(x, y)
      |                                   ^
/opt/homebrew/Cellar/ruby/4.0.3/include/ruby-4.0.0/ruby/internal/core/rdata.h:49:35: note: expanded from macro 'RBIMPL_MACRO_SELECT'
   49 | #define RBIMPL_MACRO_SELECT(x, y) x ## y
      |                                   ^
<scratch space>:105:1: note: expanded from here
  105 | rb_data_object_get_1
      | ^
/opt/homebrew/Cellar/ruby/4.0.3/include/ruby-4.0.0/ruby/internal/core/rdata.h:368:31: note: expanded from macro 'rb_data_object_get_1'
  368 | #define rb_data_object_get_1  rb_data_object_get_warning
      |                               ^
/opt/homebrew/Cellar/ruby/4.0.3/include/ruby-4.0.0/ruby/internal/core/rdata.h:317:1: note: 'rb_data_object_get_warning' has been explicitly marked deprecated here
  317 | RBIMPL_ATTRSET_UNTYPED_DATA_FUNC()
      | ^
/opt/homebrew/Cellar/ruby/4.0.3/include/ruby-4.0.0/ruby/internal/core/rdata.h:47:5: note: expanded from macro 'RBIMPL_ATTRSET_UNTYPED_DATA_FUNC'
   47 |     RBIMPL_ATTR_DEPRECATED(("by TypedData"))
      |     ^
/opt/homebrew/Cellar/ruby/4.0.3/include/ruby-4.0.0/ruby/internal/attr/deprecated.h:36:53: note: expanded from macro 'RBIMPL_ATTR_DEPRECATED'
   36 | # define RBIMPL_ATTR_DEPRECATED(msg) __attribute__((__deprecated__ msg))
      |                                                     ^
4 warnings generated.
Struct.c:386:5: warning: 'rb_data_object_get_warning' is deprecated: by TypedData [-Wdeprecated-declarations]
  386 |     Data_Get_Struct(self, Struct, s);
      |     ^
/opt/homebrew/Cellar/ruby/4.0.3/include/ruby-4.0.0/ruby/internal/core/rdata.h:278:34: note: expanded from macro 'Data_Get_Struct'
  278 |     ((sval) = RBIMPL_CAST((type*)rb_data_object_get(obj)))
      |                                  ^
/opt/homebrew/Cellar/ruby/4.0.3/include/ruby-4.0.0/ruby/internal/core/rdata.h:370:31: note: expanded from macro 'rb_data_object_get'
  370 | #define rb_data_object_get    RUBY_MACRO_SELECT(rb_data_object_get_2, RUBY_UNTYPED_DATA_WARNING)
      |                               ^
/opt/homebrew/Cellar/ruby/4.0.3/include/ruby-4.0.0/ruby/internal/core/rdata.h:50:35: note: expanded from macro 'RUBY_MACRO_SELECT'
   50 | #define RUBY_MACRO_SELECT(x, y)   RBIMPL_MACRO_SELECT(x, y)
      |                                   ^
/opt/homebrew/Cellar/ruby/4.0.3/include/ruby-4.0.0/ruby/internal/core/rdata.h:49:35: note: expanded from macro 'RBIMPL_MACRO_SELECT'
   49 | #define RBIMPL_MACRO_SELECT(x, y) x ## y
      |                                   ^
<scratch space>:106:1: note: expanded from here
  106 | rb_data_object_get_1
      | ^
/opt/homebrew/Cellar/ruby/4.0.3/include/ruby-4.0.0/ruby/internal/core/rdata.h:368:31: note: expanded from macro 'rb_data_object_get_1'
  368 | #define rb_data_object_get_1  rb_data_object_get_warning
      |                               ^
/opt/homebrew/Cellar/ruby/4.0.3/include/ruby-4.0.0/ruby/internal/core/rdata.h:317:1: note: 'rb_data_object_get_warning' has been explicitly marked deprecated here
  317 | RBIMPL_ATTRSET_UNTYPED_DATA_FUNC()
      | ^
/opt/homebrew/Cellar/ruby/4.0.3/include/ruby-4.0.0/ruby/internal/core/rdata.h:47:5: note: expanded from macro 'RBIMPL_ATTRSET_UNTYPED_DATA_FUNC'
   47 |     RBIMPL_ATTR_DEPRECATED(("by TypedData"))
      |     ^
/opt/homebrew/Cellar/ruby/4.0.3/include/ruby-4.0.0/ruby/internal/attr/deprecated.h:36:53: note: expanded from macro 'RBIMPL_ATTR_DEPRECATED'
   36 | # define RBIMPL_ATTR_DEPRECATED(msg) __attribute__((__deprecated__ msg))
      |                                                     ^
Struct.c:387:5: warning: 'rb_data_object_get_warning' is deprecated: by TypedData [-Wdeprecated-declarations]
  387 |     Data_Get_Struct(pointer, AbstractMemory, memory);
      |     ^
/opt/homebrew/Cellar/ruby/4.0.3/include/ruby-4.0.0/ruby/internal/core/rdata.h:278:34: note: expanded from macro 'Data_Get_Struct'
  278 |     ((sval) = RBIMPL_CAST((type*)rb_data_object_get(obj)))
      |                                  ^
/opt/homebrew/Cellar/ruby/4.0.3/include/ruby-4.0.0/ruby/internal/core/rdata.h:370:31: note: expanded from macro 'rb_data_object_get'
  370 | #define rb_data_object_get    RUBY_MACRO_SELECT(rb_data_object_get_2, RUBY_UNTYPED_DATA_WARNING)
      |                               ^
/opt/homebrew/Cellar/ruby/4.0.3/include/ruby-4.0.0/ruby/internal/core/rdata.h:50:35: note: expanded from macro 'RUBY_MACRO_SELECT'
   50 | #define RUBY_MACRO_SELECT(x, y)   RBIMPL_MACRO_SELECT(x, y)
      |                                   ^
/opt/homebrew/Cellar/ruby/4.0.3/include/ruby-4.0.0/ruby/internal/core/rdata.h:49:35: note: expanded from macro 'RBIMPL_MACRO_SELECT'
   49 | #define RBIMPL_MACRO_SELECT(x, y) x ## y
      |                                   ^
<scratch space>:107:1: note: expanded from here
  107 | rb_data_object_get_1
      | ^
/opt/homebrew/Cellar/ruby/4.0.3/include/ruby-4.0.0/ruby/internal/core/rdata.h:368:31: note: expanded from macro 'rb_data_object_get_1'
  368 | #define rb_data_object_get_1  rb_data_object_get_warning
      |                               ^
/opt/homebrew/Cellar/ruby/4.0.3/include/ruby-4.0.0/ruby/internal/core/rdata.h:317:1: note: 'rb_data_object_get_warning' has been explicitly marked deprecated here
  317 | RBIMPL_ATTRSET_UNTYPED_DATA_FUNC()
      | ^
/opt/homebrew/Cellar/ruby/4.0.3/include/ruby-4.0.0/ruby/internal/core/rdata.h:47:5: note: expanded from macro 'RBIMPL_ATTRSET_UNTYPED_DATA_FUNC'
   47 |     RBIMPL_ATTR_DEPRECATED(("by TypedData"))
      |     ^
/opt/homebrew/Cellar/ruby/4.0.3/include/ruby-4.0.0/ruby/internal/attr/deprecated.h:36:53: note: expanded from macro 'RBIMPL_ATTR_DEPRECATED'
   36 | # define RBIMPL_ATTR_DEPRECATED(msg) __attribute__((__deprecated__ msg))
      |                                                     ^
Struct.c:412:5: warning: 'rb_data_object_get_warning' is deprecated: by TypedData [-Wdeprecated-declarations]
  412 |     Data_Get_Struct(self, Struct, s);
      |     ^
/opt/homebrew/Cellar/ruby/4.0.3/include/ruby-4.0.0/ruby/internal/core/rdata.h:278:34: note: expanded from macro 'Data_Get_Struct'
  278 |     ((sval) = RBIMPL_CAST((type*)rb_data_object_get(obj)))
      |                                  ^
/opt/homebrew/Cellar/ruby/4.0.3/include/ruby-4.0.0/ruby/internal/core/rdata.h:370:31: note: expanded from macro 'rb_data_object_get'
  370 | #define rb_data_object_get    RUBY_MACRO_SELECT(rb_data_object_get_2, RUBY_UNTYPED_DATA_WARNING)
      |                               ^
/opt/homebrew/Cellar/ruby/4.0.3/include/ruby-4.0.0/ruby/internal/core/rdata.h:50:35: note: expanded from macro 'RUBY_MACRO_SELECT'
   50 | #define RUBY_MACRO_SELECT(x, y)   RBIMPL_MACRO_SELECT(x, y)
      |                                   ^
/opt/homebrew/Cellar/ruby/4.0.3/include/ruby-4.0.0/ruby/internal/core/rdata.h:49:35: note: expanded from macro 'RBIMPL_MACRO_SELECT'
   49 | #define RBIMPL_MACRO_SELECT(x, y) x ## y
      |                                   ^
<scratch space>:108:1: note: expanded from here
  108 | rb_data_object_get_1
      | ^
/opt/homebrew/Cellar/ruby/4.0.3/include/ruby-4.0.0/ruby/internal/core/rdata.h:368:31: note: expanded from macro 'rb_data_object_get_1'
  368 | #define rb_data_object_get_1  rb_data_object_get_warning
      |                               ^
/opt/homebrew/Cellar/ruby/4.0.3/include/ruby-4.0.0/ruby/internal/core/rdata.h:317:1: note: 'rb_data_object_get_warning' has been explicitly marked deprecated here
  317 | RBIMPL_ATTRSET_UNTYPED_DATA_FUNC()
      | ^
/opt/homebrew/Cellar/ruby/4.0.3/include/ruby-4.0.0/ruby/internal/core/rdata.h:47:5: note: expanded from macro 'RBIMPL_ATTRSET_UNTYPED_DATA_FUNC'
   47 |     RBIMPL_ATTR_DEPRECATED(("by TypedData"))
      |     ^
/opt/homebrew/Cellar/ruby/4.0.3/include/ruby-4.0.0/ruby/internal/attr/deprecated.h:36:53: note: expanded from macro 'RBIMPL_ATTR_DEPRECATED'
   36 | # define RBIMPL_ATTR_DEPRECATED(msg) __attribute__((__deprecated__ msg))
      |                                                     ^
Struct.c:427:5: warning: 'rb_data_object_get_warning' is deprecated: by TypedData [-Wdeprecated-declarations]
  427 |     Data_Get_Struct(self, Struct, s);
      |     ^
/opt/homebrew/Cellar/ruby/4.0.3/include/ruby-4.0.0/ruby/internal/core/rdata.h:278:34: note: expanded from macro 'Data_Get_Struct'
  278 |     ((sval) = RBIMPL_CAST((type*)rb_data_object_get(obj)))
      |                                  ^
/opt/homebrew/Cellar/ruby/4.0.3/include/ruby-4.0.0/ruby/internal/core/rdata.h:370:31: note: expanded from macro 'rb_data_object_get'
  370 | #define rb_data_object_get    RUBY_MACRO_SELECT(rb_data_object_get_2, RUBY_UNTYPED_DATA_WARNING)
      |                               ^
/opt/homebrew/Cellar/ruby/4.0.3/include/ruby-4.0.0/ruby/internal/core/rdata.h:50:35: note: expanded from macro 'RUBY_MACRO_SELECT'
   50 | #define RUBY_MACRO_SELECT(x, y)   RBIMPL_MACRO_SELECT(x, y)
      |                                   ^
/opt/homebrew/Cellar/ruby/4.0.3/include/ruby-4.0.0/ruby/internal/core/rdata.h:49:35: note: expanded from macro 'RBIMPL_MACRO_SELECT'
   49 | #define RBIMPL_MACRO_SELECT(x, y) x ## y
      |                                   ^
<scratch space>:109:1: note: expanded from here
  109 | rb_data_object_get_1
      | ^
/opt/homebrew/Cellar/ruby/4.0.3/include/ruby-4.0.0/ruby/internal/core/rdata.h:368:31: note: expanded from macro 'rb_data_object_get_1'
  368 | #define rb_data_object_get_1  rb_data_object_get_warning
      |                               ^
/opt/homebrew/Cellar/ruby/4.0.3/include/ruby-4.0.0/ruby/internal/core/rdata.h:317:1: note: 'rb_data_object_get_warning' has been explicitly marked deprecated here
  317 | RBIMPL_ATTRSET_UNTYPED_DATA_FUNC()
      | ^
/opt/homebrew/Cellar/ruby/4.0.3/include/ruby-4.0.0/ruby/internal/core/rdata.h:47:5: note: expanded from macro 'RBIMPL_ATTRSET_UNTYPED_DATA_FUNC'
   47 |     RBIMPL_ATTR_DEPRECATED(("by TypedData"))
      |     ^
/opt/homebrew/Cellar/ruby/4.0.3/include/ruby-4.0.0/ruby/internal/attr/deprecated.h:36:53: note: expanded from macro 'RBIMPL_ATTR_DEPRECATED'
   36 | # define RBIMPL_ATTR_DEPRECATED(msg) __attribute__((__deprecated__ msg))
      |                                                     ^
Struct.c:435:5: warning: 'rb_data_object_get_warning' is deprecated: by TypedData [-Wdeprecated-declarations]
  435 |     Data_Get_Struct(layout, StructLayout, s->layout);
      |     ^
/opt/homebrew/Cellar/ruby/4.0.3/include/ruby-4.0.0/ruby/internal/core/rdata.h:278:34: note: expanded from macro 'Data_Get_Struct'
  278 |     ((sval) = RBIMPL_CAST((type*)rb_data_object_get(obj)))
      |                                  ^
/opt/homebrew/Cellar/ruby/4.0.3/include/ruby-4.0.0/ruby/internal/core/rdata.h:370:31: note: expanded from macro 'rb_data_object_get'
  370 | #define rb_data_object_get    RUBY_MACRO_SELECT(rb_data_object_get_2, RUBY_UNTYPED_DATA_WARNING)
      |                               ^
/opt/homebrew/Cellar/ruby/4.0.3/include/ruby-4.0.0/ruby/internal/core/rdata.h:50:35: note: expanded from macro 'RUBY_MACRO_SELECT'
   50 | #define RUBY_MACRO_SELECT(x, y)   RBIMPL_MACRO_SELECT(x, y)
      |                                   ^
/opt/homebrew/Cellar/ruby/4.0.3/include/ruby-4.0.0/ruby/internal/core/rdata.h:49:35: note: expanded from macro 'RBIMPL_MACRO_SELECT'
   49 | #define RBIMPL_MACRO_SELECT(x, y) x ## y
      |                                   ^
<scratch space>:110:1: note: expanded from here
  110 | rb_data_object_get_1
      | ^
/opt/homebrew/Cellar/ruby/4.0.3/include/ruby-4.0.0/ruby/internal/core/rdata.h:368:31: note: expanded from macro 'rb_data_object_get_1'
  368 | #define rb_data_object_get_1  rb_data_object_get_warning
      |                               ^
/opt/homebrew/Cellar/ruby/4.0.3/include/ruby-4.0.0/ruby/internal/core/rdata.h:317:1: note: 'rb_data_object_get_warning' has been explicitly marked deprecated here
  317 | RBIMPL_ATTRSET_UNTYPED_DATA_FUNC()
      | ^
/opt/homebrew/Cellar/ruby/4.0.3/include/ruby-4.0.0/ruby/internal/core/rdata.h:47:5: note: expanded from macro 'RBIMPL_ATTRSET_UNTYPED_DATA_FUNC'
   47 |     RBIMPL_ATTR_DEPRECATED(("by TypedData"))
      |     ^
/opt/homebrew/Cellar/ruby/4.0.3/include/ruby-4.0.0/ruby/internal/attr/deprecated.h:36:53: note: expanded from macro 'RBIMPL_ATTR_DEPRECATED'
   36 | # define RBIMPL_ATTR_DEPRECATED(msg) __attribute__((__deprecated__ msg))
      |                                                     ^
Struct.c:451:5: warning: 'rb_data_object_get_warning' is deprecated: by TypedData [-Wdeprecated-declarations]
  451 |     Data_Get_Struct(self, Struct, s);
      |     ^
/opt/homebrew/Cellar/ruby/4.0.3/include/ruby-4.0.0/ruby/internal/core/rdata.h:278:34: note: expanded from macro 'Data_Get_Struct'
  278 |     ((sval) = RBIMPL_CAST((type*)rb_data_object_get(obj)))
      |                                  ^
/opt/homebrew/Cellar/ruby/4.0.3/include/ruby-4.0.0/ruby/internal/core/rdata.h:370:31: note: expanded from macro 'rb_data_object_get'
  370 | #define rb_data_object_get    RUBY_MACRO_SELECT(rb_data_object_get_2, RUBY_UNTYPED_DATA_WARNING)
      |                               ^
/opt/homebrew/Cellar/ruby/4.0.3/include/ruby-4.0.0/ruby/internal/core/rdata.h:50:35: note: expanded from macro 'RUBY_MACRO_SELECT'
   50 | #define RUBY_MACRO_SELECT(x, y)   RBIMPL_MACRO_SELECT(x, y)
      |                                   ^
/opt/homebrew/Cellar/ruby/4.0.3/include/ruby-4.0.0/ruby/internal/core/rdata.h:49:35: note: expanded from macro 'RBIMPL_MACRO_SELECT'
   49 | #define RBIMPL_MACRO_SELECT(x, y) x ## y
      |                                   ^
<scratch space>:111:1: note: expanded from here
  111 | rb_data_object_get_1
      | ^
/opt/homebrew/Cellar/ruby/4.0.3/include/ruby-4.0.0/ruby/internal/core/rdata.h:368:31: note: expanded from macro 'rb_data_object_get_1'
  368 | #define rb_data_object_get_1  rb_data_object_get_warning
      |                               ^
/opt/homebrew/Cellar/ruby/4.0.3/include/ruby-4.0.0/ruby/internal/core/rdata.h:317:1: note: 'rb_data_object_get_warning' has been explicitly marked deprecated here
  317 | RBIMPL_ATTRSET_UNTYPED_DATA_FUNC()
      | ^
/opt/homebrew/Cellar/ruby/4.0.3/include/ruby-4.0.0/ruby/internal/core/rdata.h:47:5: note: expanded from macro 'RBIMPL_ATTRSET_UNTYPED_DATA_FUNC'
   47 |     RBIMPL_ATTR_DEPRECATED(("by TypedData"))
      |     ^
/opt/homebrew/Cellar/ruby/4.0.3/include/ruby-4.0.0/ruby/internal/attr/deprecated.h:36:53: note: expanded from macro 'RBIMPL_ATTR_DEPRECATED'
   36 | # define RBIMPL_ATTR_DEPRECATED(msg) __attribute__((__deprecated__ msg))
      |                                                     ^
Struct.c:466:5: warning: 'rb_data_object_get_warning' is deprecated: by TypedData [-Wdeprecated-declarations]
  466 |     Data_Get_Struct(self, Struct, s);
      |     ^
/opt/homebrew/Cellar/ruby/4.0.3/include/ruby-4.0.0/ruby/internal/core/rdata.h:278:34: note: expanded from macro 'Data_Get_Struct'
  278 |     ((sval) = RBIMPL_CAST((type*)rb_data_object_get(obj)))
      |                                  ^
/opt/homebrew/Cellar/ruby/4.0.3/include/ruby-4.0.0/ruby/internal/core/rdata.h:370:31: note: expanded from macro 'rb_data_object_get'
  370 | #define rb_data_object_get    RUBY_MACRO_SELECT(rb_data_object_get_2, RUBY_UNTYPED_DATA_WARNING)
      |                               ^
/opt/homebrew/Cellar/ruby/4.0.3/include/ruby-4.0.0/ruby/internal/core/rdata.h:50:35: note: expanded from macro 'RUBY_MACRO_SELECT'
   50 | #define RUBY_MACRO_SELECT(x, y)   RBIMPL_MACRO_SELECT(x, y)
      |                                   ^
/opt/homebrew/Cellar/ruby/4.0.3/include/ruby-4.0.0/ruby/internal/core/rdata.h:49:35: note: expanded from macro 'RBIMPL_MACRO_SELECT'
   49 | #define RBIMPL_MACRO_SELECT(x, y) x ## y
      |                                   ^
<scratch space>:112:1: note: expanded from here
  112 | rb_data_object_get_1
      | ^
/opt/homebrew/Cellar/ruby/4.0.3/include/ruby-4.0.0/ruby/internal/core/rdata.h:368:31: note: expanded from macro 'rb_data_object_get_1'
  368 | #define rb_data_object_get_1  rb_data_object_get_warning
      |                               ^
/opt/homebrew/Cellar/ruby/4.0.3/include/ruby-4.0.0/ruby/internal/core/rdata.h:317:1: note: 'rb_data_object_get_warning' has been explicitly marked deprecated here
  317 | RBIMPL_ATTRSET_UNTYPED_DATA_FUNC()
      | ^
/opt/homebrew/Cellar/ruby/4.0.3/include/ruby-4.0.0/ruby/internal/core/rdata.h:47:5: note: expanded from macro 'RBIMPL_ATTRSET_UNTYPED_DATA_FUNC'
   47 |     RBIMPL_ATTR_DEPRECATED(("by TypedData"))
      |     ^
/opt/homebrew/Cellar/ruby/4.0.3/include/ruby-4.0.0/ruby/internal/attr/deprecated.h:36:53: note: expanded from macro 'RBIMPL_ATTR_DEPRECATED'
   36 | # define RBIMPL_ATTR_DEPRECATED(msg) __attribute__((__deprecated__ msg))
      |                                                     ^
Struct.c:479:5: warning: 'rb_data_object_get_warning' is deprecated: by TypedData [-Wdeprecated-declarations]
  479 |     Data_Get_Struct(self, Struct, s);
      |     ^
/opt/homebrew/Cellar/ruby/4.0.3/include/ruby-4.0.0/ruby/internal/core/rdata.h:278:34: note: expanded from macro 'Data_Get_Struct'
  278 |     ((sval) = RBIMPL_CAST((type*)rb_data_object_get(obj)))
      |                                  ^
/opt/homebrew/Cellar/ruby/4.0.3/include/ruby-4.0.0/ruby/internal/core/rdata.h:370:31: note: expanded from macro 'rb_data_object_get'
  370 | #define rb_data_object_get    RUBY_MACRO_SELECT(rb_data_object_get_2, RUBY_UNTYPED_DATA_WARNING)
      |                               ^
/opt/homebrew/Cellar/ruby/4.0.3/include/ruby-4.0.0/ruby/internal/core/rdata.h:50:35: note: expanded from macro 'RUBY_MACRO_SELECT'
   50 | #define RUBY_MACRO_SELECT(x, y)   RBIMPL_MACRO_SELECT(x, y)
      |                                   ^
/opt/homebrew/Cellar/ruby/4.0.3/include/ruby-4.0.0/ruby/internal/core/rdata.h:49:35: note: expanded from macro 'RBIMPL_MACRO_SELECT'
   49 | #define RBIMPL_MACRO_SELECT(x, y) x ## y
      |                                   ^
<scratch space>:113:1: note: expanded from here
  113 | rb_data_object_get_1
      | ^
/opt/homebrew/Cellar/ruby/4.0.3/include/ruby-4.0.0/ruby/internal/core/rdata.h:368:31: note: expanded from macro 'rb_data_object_get_1'
  368 | #define rb_data_object_get_1  rb_data_object_get_warning
      |                               ^
/opt/homebrew/Cellar/ruby/4.0.3/include/ruby-4.0.0/ruby/internal/core/rdata.h:317:1: note: 'rb_data_object_get_warning' has been explicitly marked deprecated here
  317 | RBIMPL_ATTRSET_UNTYPED_DATA_FUNC()
      | ^
/opt/homebrew/Cellar/ruby/4.0.3/include/ruby-4.0.0/ruby/internal/core/rdata.h:47:5: note: expanded from macro 'RBIMPL_ATTRSET_UNTYPED_DATA_FUNC'
   47 |     RBIMPL_ATTR_DEPRECATED(("by TypedData"))
      |     ^
/opt/homebrew/Cellar/ruby/4.0.3/include/ruby-4.0.0/ruby/internal/attr/deprecated.h:36:53: note: expanded from macro 'RBIMPL_ATTR_DEPRECATED'
   36 | # define RBIMPL_ATTR_DEPRECATED(msg) __attribute__((__deprecated__ msg))
      |                                                     ^
StructLayout.c:101:5: warning: 'rb_data_object_get_warning' is deprecated: by TypedData [-Wdeprecated-declarations]
  101 |     Data_Get_Struct(self, StructField, field);
      |     ^
/opt/homebrew/Cellar/ruby/4.0.3/include/ruby-4.0.0/ruby/internal/core/rdata.h:278:34: note: expanded from macro 'Data_Get_Struct'
  278 |     ((sval) = RBIMPL_CAST((type*)rb_data_object_get(obj)))
      |                                  ^
/opt/homebrew/Cellar/ruby/4.0.3/include/ruby-4.0.0/ruby/internal/core/rdata.h:370:31: note: expanded from macro 'rb_data_object_get'
  370 | #define rb_data_object_get    RUBY_MACRO_SELECT(rb_data_object_get_2, RUBY_UNTYPED_DATA_WARNING)
      |                               ^
/opt/homebrew/Cellar/ruby/4.0.3/include/ruby-4.0.0/ruby/internal/core/rdata.h:50:35: note: expanded from macro 'RUBY_MACRO_SELECT'
   50 | #define RUBY_MACRO_SELECT(x, y)   RBIMPL_MACRO_SELECT(x, y)
      |                                   ^
/opt/homebrew/Cellar/ruby/4.0.3/include/ruby-4.0.0/ruby/internal/core/rdata.h:49:35: note: expanded from macro 'RBIMPL_MACRO_SELECT'
   49 | #define RBIMPL_MACRO_SELECT(x, y) x ## y
      |                                   ^
<scratch space>:100:1: note: expanded from here
  100 | rb_data_object_get_1
      | ^
/opt/homebrew/Cellar/ruby/4.0.3/include/ruby-4.0.0/ruby/internal/core/rdata.h:368:31: note: expanded from macro 'rb_data_object_get_1'
  368 | #define rb_data_object_get_1  rb_data_object_get_warning
      |                               ^
/opt/homebrew/Cellar/ruby/4.0.3/include/ruby-4.0.0/ruby/internal/core/rdata.h:317:1: note: 'rb_data_object_get_warning' has been explicitly marked deprecated here
  317 | RBIMPL_ATTRSET_UNTYPED_DATA_FUNC()
      | ^
/opt/homebrew/Cellar/ruby/4.0.3/include/ruby-4.0.0/ruby/internal/core/rdata.h:47:5: note: expanded from macro 'RBIMPL_ATTRSET_UNTYPED_DATA_FUNC'
   47 |     RBIMPL_ATTR_DEPRECATED(("by TypedData"))
      |     ^
/opt/homebrew/Cellar/ruby/4.0.3/include/ruby-4.0.0/ruby/internal/attr/deprecated.h:36:53: note: expanded from macro 'RBIMPL_ATTR_DEPRECATED'
   36 | # define RBIMPL_ATTR_DEPRECATED(msg) __attribute__((__deprecated__ msg))
      |                                                     ^
StructLayout.c:120:5: warning: 'rb_data_object_get_warning' is deprecated: by TypedData [-Wdeprecated-declarations]
  120 |     Data_Get_Struct(field->rbType, Type, field->type);
      |     ^
/opt/homebrew/Cellar/ruby/4.0.3/include/ruby-4.0.0/ruby/internal/core/rdata.h:278:34: note: expanded from macro 'Data_Get_Struct'
  278 |     ((sval) = RBIMPL_CAST((type*)rb_data_object_get(obj)))
      |                                  ^
/opt/homebrew/Cellar/ruby/4.0.3/include/ruby-4.0.0/ruby/internal/core/rdata.h:370:31: note: expanded from macro 'rb_data_object_get'
  370 | #define rb_data_object_get    RUBY_MACRO_SELECT(rb_data_object_get_2, RUBY_UNTYPED_DATA_WARNING)
      |                               ^
/opt/homebrew/Cellar/ruby/4.0.3/include/ruby-4.0.0/ruby/internal/core/rdata.h:50:35: note: expanded from macro 'RUBY_MACRO_SELECT'
   50 | #define RUBY_MACRO_SELECT(x, y)   RBIMPL_MACRO_SELECT(x, y)
      |                                   ^
/opt/homebrew/Cellar/ruby/4.0.3/include/ruby-4.0.0/ruby/internal/core/rdata.h:49:35: note: expanded from macro 'RBIMPL_MACRO_SELECT'
   49 | #define RBIMPL_MACRO_SELECT(x, y) x ## y
      |                                   ^
<scratch space>:101:1: note: expanded from here
  101 | rb_data_object_get_1
      | ^
/opt/homebrew/Cellar/ruby/4.0.3/include/ruby-4.0.0/ruby/internal/core/rdata.h:368:31: note: expanded from macro 'rb_data_object_get_1'
  368 | #define rb_data_object_get_1  rb_data_object_get_warning
      |                               ^
/opt/homebrew/Cellar/ruby/4.0.3/include/ruby-4.0.0/ruby/internal/core/rdata.h:317:1: note: 'rb_data_object_get_warning' has been explicitly marked deprecated here
  317 | RBIMPL_ATTRSET_UNTYPED_DATA_FUNC()
      | ^
/opt/homebrew/Cellar/ruby/4.0.3/include/ruby-4.0.0/ruby/internal/core/rdata.h:47:5: note: expanded from macro 'RBIMPL_ATTRSET_UNTYPED_DATA_FUNC'
   47 |     RBIMPL_ATTR_DEPRECATED(("by TypedData"))
      |     ^
/opt/homebrew/Cellar/ruby/4.0.3/include/ruby-4.0.0/ruby/internal/attr/deprecated.h:36:53: note: expanded from macro 'RBIMPL_ATTR_DEPRECATED'
   36 | # define RBIMPL_ATTR_DEPRECATED(msg) __attribute__((__deprecated__ msg))
      |                                                     ^
StructLayout.c:150:5: warning: 'rb_data_object_get_warning' is deprecated: by TypedData [-Wdeprecated-declarations]
  150 |     Data_Get_Struct(self, StructField, field);
      |     ^
/opt/homebrew/Cellar/ruby/4.0.3/include/ruby-4.0.0/ruby/internal/core/rdata.h:278:34: note: expanded from macro 'Data_Get_Struct'
  278 |     ((sval) = RBIMPL_CAST((type*)rb_data_object_get(obj)))
      |                                  ^
/opt/homebrew/Cellar/ruby/4.0.3/include/ruby-4.0.0/ruby/internal/core/rdata.h:370:31: note: expanded from macro 'rb_data_object_get'
  370 | #define rb_data_object_get    RUBY_MACRO_SELECT(rb_data_object_get_2, RUBY_UNTYPED_DATA_WARNING)
      |                               ^
/opt/homebrew/Cellar/ruby/4.0.3/include/ruby-4.0.0/ruby/internal/core/rdata.h:50:35: note: expanded from macro 'RUBY_MACRO_SELECT'
   50 | #define RUBY_MACRO_SELECT(x, y)   RBIMPL_MACRO_SELECT(x, y)
      |                                   ^
/opt/homebrew/Cellar/ruby/4.0.3/include/ruby-4.0.0/ruby/internal/core/rdata.h:49:35: note: expanded from macro 'RBIMPL_MACRO_SELECT'
   49 | #define RBIMPL_MACRO_SELECT(x, y) x ## y
      |                                   ^
<scratch space>:102:1: note: expanded from here
  102 | rb_data_object_get_1
      | ^
/opt/homebrew/Cellar/ruby/4.0.3/include/ruby-4.0.0/ruby/internal/core/rdata.h:368:31: note: expanded from macro 'rb_data_object_get_1'
  368 | #define rb_data_object_get_1  rb_data_object_get_warning
      |                               ^
/opt/homebrew/Cellar/ruby/4.0.3/include/ruby-4.0.0/ruby/internal/core/rdata.h:317:1: note: 'rb_data_object_get_warning' has been explicitly marked deprecated here
  317 | RBIMPL_ATTRSET_UNTYPED_DATA_FUNC()
      | ^
/opt/homebrew/Cellar/ruby/4.0.3/include/ruby-4.0.0/ruby/internal/core/rdata.h:47:5: note: expanded from macro 'RBIMPL_ATTRSET_UNTYPED_DATA_FUNC'
   47 |     RBIMPL_ATTR_DEPRECATED(("by TypedData"))
      |     ^
/opt/homebrew/Cellar/ruby/4.0.3/include/ruby-4.0.0/ruby/internal/attr/deprecated.h:36:53: note: expanded from macro 'RBIMPL_ATTR_DEPRECATED'
   36 | # define RBIMPL_ATTR_DEPRECATED(msg) __attribute__((__deprecated__ msg))
      |                                                     ^
StructLayout.c:163:5: warning: 'rb_data_object_get_warning' is deprecated: by TypedData [-Wdeprecated-declarations]
  163 |     Data_Get_Struct(self, StructField, field);
      |     ^
/opt/homebrew/Cellar/ruby/4.0.3/include/ruby-4.0.0/ruby/internal/core/rdata.h:278:34: note: expanded from macro 'Data_Get_Struct'
  278 |     ((sval) = RBIMPL_CAST((type*)rb_data_object_get(obj)))
      |                                  ^
/opt/homebrew/Cellar/ruby/4.0.3/include/ruby-4.0.0/ruby/internal/core/rdata.h:370:31: note: expanded from macro 'rb_data_object_get'
  370 | #define rb_data_object_get    RUBY_MACRO_SELECT(rb_data_object_get_2, RUBY_UNTYPED_DATA_WARNING)
      |                               ^
/opt/homebrew/Cellar/ruby/4.0.3/include/ruby-4.0.0/ruby/internal/core/rdata.h:50:35: note: expanded from macro 'RUBY_MACRO_SELECT'
   50 | #define RUBY_MACRO_SELECT(x, y)   RBIMPL_MACRO_SELECT(x, y)
      |                                   ^
/opt/homebrew/Cellar/ruby/4.0.3/include/ruby-4.0.0/ruby/internal/core/rdata.h:49:35: note: expanded from macro 'RBIMPL_MACRO_SELECT'
   49 | #define RBIMPL_MACRO_SELECT(x, y) x ## y
      |                                   ^
<scratch space>:103:1: note: expanded from here
  103 | rb_data_object_get_1
      | ^
/opt/homebrew/Cellar/ruby/4.0.3/include/ruby-4.0.0/ruby/internal/core/rdata.h:368:31: note: expanded from macro 'rb_data_object_get_1'
  368 | #define rb_data_object_get_1  rb_data_object_get_warning
      |                               ^
/opt/homebrew/Cellar/ruby/4.0.3/include/ruby-4.0.0/ruby/internal/core/rdata.h:317:1: note: 'rb_data_object_get_warning' has been explicitly marked deprecated here
  317 | RBIMPL_ATTRSET_UNTYPED_DATA_FUNC()
      | ^
/opt/homebrew/Cellar/ruby/4.0.3/include/ruby-4.0.0/ruby/internal/core/rdata.h:47:5: note: expanded from macro 'RBIMPL_ATTRSET_UNTYPED_DATA_FUNC'
   47 |     RBIMPL_ATTR_DEPRECATED(("by TypedData"))
      |     ^
/opt/homebrew/Cellar/ruby/4.0.3/include/ruby-4.0.0/ruby/internal/attr/deprecated.h:36:53: note: expanded from macro 'RBIMPL_ATTR_DEPRECATED'
   36 | # define RBIMPL_ATTR_DEPRECATED(msg) __attribute__((__deprecated__ msg))
      |                                                     ^
StructLayout.c:176:5: warning: 'rb_data_object_get_warning' is deprecated: by TypedData [-Wdeprecated-declarations]
  176 |     Data_Get_Struct(self, StructField, field);
      |     ^
/opt/homebrew/Cellar/ruby/4.0.3/include/ruby-4.0.0/ruby/internal/core/rdata.h:278:34: note: expanded from macro 'Data_Get_Struct'
  278 |     ((sval) = RBIMPL_CAST((type*)rb_data_object_get(obj)))
      |                                  ^
/opt/homebrew/Cellar/ruby/4.0.3/include/ruby-4.0.0/ruby/internal/core/rdata.h:370:31: note: expanded from macro 'rb_data_object_get'
  370 | #define rb_data_object_get    RUBY_MACRO_SELECT(rb_data_object_get_2, RUBY_UNTYPED_DATA_WARNING)
      |                               ^
/opt/homebrew/Cellar/ruby/4.0.3/include/ruby-4.0.0/ruby/internal/core/rdata.h:50:35: note: expanded from macro 'RUBY_MACRO_SELECT'
   50 | #define RUBY_MACRO_SELECT(x, y)   RBIMPL_MACRO_SELECT(x, y)
      |                                   ^
/opt/homebrew/Cellar/ruby/4.0.3/include/ruby-4.0.0/ruby/internal/core/rdata.h:49:35: note: expanded from macro 'RBIMPL_MACRO_SELECT'
   49 | #define RBIMPL_MACRO_SELECT(x, y) x ## y
      |                                   ^
<scratch space>:104:1: note: expanded from here
  104 | rb_data_object_get_1
      | ^
/opt/homebrew/Cellar/ruby/4.0.3/include/ruby-4.0.0/ruby/internal/core/rdata.h:368:31: note: expanded from macro 'rb_data_object_get_1'
  368 | #define rb_data_object_get_1  rb_data_object_get_warning
      |                               ^
/opt/homebrew/Cellar/ruby/4.0.3/include/ruby-4.0.0/ruby/internal/core/rdata.h:317:1: note: 'rb_data_object_get_warning' has been explicitly marked deprecated here
  317 | RBIMPL_ATTRSET_UNTYPED_DATA_FUNC()
      | ^
/opt/homebrew/Cellar/ruby/4.0.3/include/ruby-4.0.0/ruby/internal/core/rdata.h:47:5: note: expanded from macro 'RBIMPL_ATTRSET_UNTYPED_DATA_FUNC'
   47 |     RBIMPL_ATTR_DEPRECATED(("by TypedData"))
      |     ^
/opt/homebrew/Cellar/ruby/4.0.3/include/ruby-4.0.0/ruby/internal/attr/deprecated.h:36:53: note: expanded from macro 'RBIMPL_ATTR_DEPRECATED'
   36 | # define RBIMPL_ATTR_DEPRECATED(msg) __attribute__((__deprecated__ msg))
      |                                                     ^
StructLayout.c:189:5: warning: 'rb_data_object_get_warning' is deprecated: by TypedData [-Wdeprecated-declarations]
  189 |     Data_Get_Struct(self, StructField, field);
      |     ^
/opt/homebrew/Cellar/ruby/4.0.3/include/ruby-4.0.0/ruby/internal/core/rdata.h:278:34: note: expanded from macro 'Data_Get_Struct'
  278 |     ((sval) = RBIMPL_CAST((type*)rb_data_object_get(obj)))
      |                                  ^
/opt/homebrew/Cellar/ruby/4.0.3/include/ruby-4.0.0/ruby/internal/core/rdata.h:370:31: note: expanded from macro 'rb_data_object_get'
  370 | #define rb_data_object_get    RUBY_MACRO_SELECT(rb_data_object_get_2, RUBY_UNTYPED_DATA_WARNING)
      |                               ^
/opt/homebrew/Cellar/ruby/4.0.3/include/ruby-4.0.0/ruby/internal/core/rdata.h:50:35: note: expanded from macro 'RUBY_MACRO_SELECT'
   50 | #define RUBY_MACRO_SELECT(x, y)   RBIMPL_MACRO_SELECT(x, y)
      |                                   ^
/opt/homebrew/Cellar/ruby/4.0.3/include/ruby-4.0.0/ruby/internal/core/rdata.h:49:35: note: expanded from macro 'RBIMPL_MACRO_SELECT'
   49 | #define RBIMPL_MACRO_SELECT(x, y) x ## y
      |                                   ^
<scratch space>:105:1: note: expanded from here
  105 | rb_data_object_get_1
      | ^
/opt/homebrew/Cellar/ruby/4.0.3/include/ruby-4.0.0/ruby/internal/core/rdata.h:368:31: note: expanded from macro 'rb_data_object_get_1'
  368 | #define rb_data_object_get_1  rb_data_object_get_warning
      |                               ^
/opt/homebrew/Cellar/ruby/4.0.3/include/ruby-4.0.0/ruby/internal/core/rdata.h:317:1: note: 'rb_data_object_get_warning' has been explicitly marked deprecated here
  317 | RBIMPL_ATTRSET_UNTYPED_DATA_FUNC()
      | ^
/opt/homebrew/Cellar/ruby/4.0.3/include/ruby-4.0.0/ruby/internal/core/rdata.h:47:5: note: expanded from macro 'RBIMPL_ATTRSET_UNTYPED_DATA_FUNC'
   47 |     RBIMPL_ATTR_DEPRECATED(("by TypedData"))
      |     ^
/opt/homebrew/Cellar/ruby/4.0.3/include/ruby-4.0.0/ruby/internal/attr/deprecated.h:36:53: note: expanded from macro 'RBIMPL_ATTR_DEPRECATED'
   36 | # define RBIMPL_ATTR_DEPRECATED(msg) __attribute__((__deprecated__ msg))
      |                                                     ^
StructLayout.c:203:5: warning: 'rb_data_object_get_warning' is deprecated: by TypedData [-Wdeprecated-declarations]
  203 |     Data_Get_Struct(self, StructField, field);
      |     ^
/opt/homebrew/Cellar/ruby/4.0.3/include/ruby-4.0.0/ruby/internal/core/rdata.h:278:34: note: expanded from macro 'Data_Get_Struct'
  278 |     ((sval) = RBIMPL_CAST((type*)rb_data_object_get(obj)))
      |                                  ^
/opt/homebrew/Cellar/ruby/4.0.3/include/ruby-4.0.0/ruby/internal/core/rdata.h:370:31: note: expanded from macro 'rb_data_object_get'
  370 | #define rb_data_object_get    RUBY_MACRO_SELECT(rb_data_object_get_2, RUBY_UNTYPED_DATA_WARNING)
      |                               ^
/opt/homebrew/Cellar/ruby/4.0.3/include/ruby-4.0.0/ruby/internal/core/rdata.h:50:35: note: expanded from macro 'RUBY_MACRO_SELECT'
   50 | #define RUBY_MACRO_SELECT(x, y)   RBIMPL_MACRO_SELECT(x, y)
      |                                   ^
/opt/homebrew/Cellar/ruby/4.0.3/include/ruby-4.0.0/ruby/internal/core/rdata.h:49:35: note: expanded from macro 'RBIMPL_MACRO_SELECT'
   49 | #define RBIMPL_MACRO_SELECT(x, y) x ## y
      |                                   ^
<scratch space>:106:1: note: expanded from here
  106 | rb_data_object_get_1
      | ^
/opt/homebrew/Cellar/ruby/4.0.3/include/ruby-4.0.0/ruby/internal/core/rdata.h:368:31: note: expanded from macro 'rb_data_object_get_1'
  368 | #define rb_data_object_get_1  rb_data_object_get_warning
      |                               ^
/opt/homebrew/Cellar/ruby/4.0.3/include/ruby-4.0.0/ruby/internal/core/rdata.h:317:1: note: 'rb_data_object_get_warning' has been explicitly marked deprecated here
  317 | RBIMPL_ATTRSET_UNTYPED_DATA_FUNC()
      | ^
/opt/homebrew/Cellar/ruby/4.0.3/include/ruby-4.0.0/ruby/internal/core/rdata.h:47:5: note: expanded from macro 'RBIMPL_ATTRSET_UNTYPED_DATA_FUNC'
   47 |     RBIMPL_ATTR_DEPRECATED(("by TypedData"))
      |     ^
/opt/homebrew/Cellar/ruby/4.0.3/include/ruby-4.0.0/ruby/internal/attr/deprecated.h:36:53: note: expanded from macro 'RBIMPL_ATTR_DEPRECATED'
   36 | # define RBIMPL_ATTR_DEPRECATED(msg) __attribute__((__deprecated__ msg))
      |                                                     ^
StructLayout.c:218:5: warning: 'rb_data_object_get_warning' is deprecated: by TypedData [-Wdeprecated-declarations]
  218 |     Data_Get_Struct(self, StructField, f);
      |     ^
/opt/homebrew/Cellar/ruby/4.0.3/include/ruby-4.0.0/ruby/internal/core/rdata.h:278:34: note: expanded from macro 'Data_Get_Struct'
  278 |     ((sval) = RBIMPL_CAST((type*)rb_data_object_get(obj)))
      |                                  ^
/opt/homebrew/Cellar/ruby/4.0.3/include/ruby-4.0.0/ruby/internal/core/rdata.h:370:31: note: expanded from macro 'rb_data_object_get'
  370 | #define rb_data_object_get    RUBY_MACRO_SELECT(rb_data_object_get_2, RUBY_UNTYPED_DATA_WARNING)
      |                               ^
/opt/homebrew/Cellar/ruby/4.0.3/include/ruby-4.0.0/ruby/internal/core/rdata.h:50:35: note: expanded from macro 'RUBY_MACRO_SELECT'
   50 | #define RUBY_MACRO_SELECT(x, y)   RBIMPL_MACRO_SELECT(x, y)
      |                                   ^
/opt/homebrew/Cellar/ruby/4.0.3/include/ruby-4.0.0/ruby/internal/core/rdata.h:49:35: note: expanded from macro 'RBIMPL_MACRO_SELECT'
   49 | #define RBIMPL_MACRO_SELECT(x, y) x ## y
      |                                   ^
<scratch space>:107:1: note: expanded from here
  107 | rb_data_object_get_1
      | ^
/opt/homebrew/Cellar/ruby/4.0.3/include/ruby-4.0.0/ruby/internal/core/rdata.h:368:31: note: expanded from macro 'rb_data_object_get_1'
  368 | #define rb_data_object_get_1  rb_data_object_get_warning
      |                               ^
/opt/homebrew/Cellar/ruby/4.0.3/include/ruby-4.0.0/ruby/internal/core/rdata.h:317:1: note: 'rb_data_object_get_warning' has been explicitly marked deprecated here
  317 | RBIMPL_ATTRSET_UNTYPED_DATA_FUNC()
      | ^
/opt/homebrew/Cellar/ruby/4.0.3/include/ruby-4.0.0/ruby/internal/core/rdata.h:47:5: note: expanded from macro 'RBIMPL_ATTRSET_UNTYPED_DATA_FUNC'
   47 |     RBIMPL_ATTR_DEPRECATED(("by TypedData"))
      |     ^
/opt/homebrew/Cellar/ruby/4.0.3/include/ruby-4.0.0/ruby/internal/attr/deprecated.h:36:53: note: expanded from macro 'RBIMPL_ATTR_DEPRECATED'
   36 | # define RBIMPL_ATTR_DEPRECATED(msg) __attribute__((__deprecated__ msg))
      |                                                     ^
StructLayout.c:239:5: warning: 'rb_data_object_get_warning' is deprecated: by TypedData [-Wdeprecated-declarations]
  239 |     Data_Get_Struct(self, StructField, f);
      |     ^
/opt/homebrew/Cellar/ruby/4.0.3/include/ruby-4.0.0/ruby/internal/core/rdata.h:278:34: note: expanded from macro 'Data_Get_Struct'
  278 |     ((sval) = RBIMPL_CAST((type*)rb_data_object_get(obj)))
      |                                  ^
/opt/homebrew/Cellar/ruby/4.0.3/include/ruby-4.0.0/ruby/internal/core/rdata.h:370:31: note: expanded from macro 'rb_data_object_get'
  370 | #define rb_data_object_get    RUBY_MACRO_SELECT(rb_data_object_get_2, RUBY_UNTYPED_DATA_WARNING)
      |                               ^
/opt/homebrew/Cellar/ruby/4.0.3/include/ruby-4.0.0/ruby/internal/core/rdata.h:50:35: note: expanded from macro 'RUBY_MACRO_SELECT'
   50 | #define RUBY_MACRO_SELECT(x, y)   RBIMPL_MACRO_SELECT(x, y)
      |                                   ^
/opt/homebrew/Cellar/ruby/4.0.3/include/ruby-4.0.0/ruby/internal/core/rdata.h:49:35: note: expanded from macro 'RBIMPL_MACRO_SELECT'
   49 | #define RBIMPL_MACRO_SELECT(x, y) x ## y
      |                                   ^
<scratch space>:108:1: note: expanded from here
  108 | rb_data_object_get_1
      | ^
/opt/homebrew/Cellar/ruby/4.0.3/include/ruby-4.0.0/ruby/internal/core/rdata.h:368:31: note: expanded from macro 'rb_data_object_get_1'
  368 | #define rb_data_object_get_1  rb_data_object_get_warning
      |                               ^
/opt/homebrew/Cellar/ruby/4.0.3/include/ruby-4.0.0/ruby/internal/core/rdata.h:317:1: note: 'rb_data_object_get_warning' has been explicitly marked deprecated here
  317 | RBIMPL_ATTRSET_UNTYPED_DATA_FUNC()
      | ^
/opt/homebrew/Cellar/ruby/4.0.3/include/ruby-4.0.0/ruby/internal/core/rdata.h:47:5: note: expanded from macro 'RBIMPL_ATTRSET_UNTYPED_DATA_FUNC'
   47 |     RBIMPL_ATTR_DEPRECATED(("by TypedData"))
      |     ^
/opt/homebrew/Cellar/ruby/4.0.3/include/ruby-4.0.0/ruby/internal/attr/deprecated.h:36:53: note: expanded from macro 'RBIMPL_ATTR_DEPRECATED'
   36 | # define RBIMPL_ATTR_DEPRECATED(msg) __attribute__((__deprecated__ msg))
      |                                                     ^
StructLayout.c:261:5: warning: 'rb_data_object_get_warning' is deprecated: by TypedData [-Wdeprecated-declarations]
  261 |     Data_Get_Struct(self, StructField, f);
      |     ^
/opt/homebrew/Cellar/ruby/4.0.3/include/ruby-4.0.0/ruby/internal/core/rdata.h:278:34: note: expanded from macro 'Data_Get_Struct'
  278 |     ((sval) = RBIMPL_CAST((type*)rb_data_object_get(obj)))
      |                                  ^
/opt/homebrew/Cellar/ruby/4.0.3/include/ruby-4.0.0/ruby/internal/core/rdata.h:370:31: note: expanded from macro 'rb_data_object_get'
  370 | #define rb_data_object_get    RUBY_MACRO_SELECT(rb_data_object_get_2, RUBY_UNTYPED_DATA_WARNING)
      |                               ^
/opt/homebrew/Cellar/ruby/4.0.3/include/ruby-4.0.0/ruby/internal/core/rdata.h:50:35: note: expanded from macro 'RUBY_MACRO_SELECT'
   50 | #define RUBY_MACRO_SELECT(x, y)   RBIMPL_MACRO_SELECT(x, y)
      |                                   ^
/opt/homebrew/Cellar/ruby/4.0.3/include/ruby-4.0.0/ruby/internal/core/rdata.h:49:35: note: expanded from macro 'RBIMPL_MACRO_SELECT'
   49 | #define RBIMPL_MACRO_SELECT(x, y) x ## y
      |                                   ^
<scratch space>:109:1: note: expanded from here
  109 | rb_data_object_get_1
      | ^
/opt/homebrew/Cellar/ruby/4.0.3/include/ruby-4.0.0/ruby/internal/core/rdata.h:368:31: note: expanded from macro 'rb_data_object_get_1'
  368 | #define rb_data_object_get_1  rb_data_object_get_warning
      |                               ^
/opt/homebrew/Cellar/ruby/4.0.3/include/ruby-4.0.0/ruby/internal/core/rdata.h:317:1: note: 'rb_data_object_get_warning' has been explicitly marked deprecated here
  317 | RBIMPL_ATTRSET_UNTYPED_DATA_FUNC()
      | ^
/opt/homebrew/Cellar/ruby/4.0.3/include/ruby-4.0.0/ruby/internal/core/rdata.h:47:5: note: expanded from macro 'RBIMPL_ATTRSET_UNTYPED_DATA_FUNC'
   47 |     RBIMPL_ATTR_DEPRECATED(("by TypedData"))
      |     ^
/opt/homebrew/Cellar/ruby/4.0.3/include/ruby-4.0.0/ruby/internal/attr/deprecated.h:36:53: note: expanded from macro 'RBIMPL_ATTR_DEPRECATED'
   36 | # define RBIMPL_ATTR_DEPRECATED(msg) __attribute__((__deprecated__ msg))
      |                                                     ^
StructLayout.c:281:5: warning: 'rb_data_object_get_warning' is deprecated: by TypedData [-Wdeprecated-declarations]
  281 |     Data_Get_Struct(self, StructField, f);
      |     ^
/opt/homebrew/Cellar/ruby/4.0.3/include/ruby-4.0.0/ruby/internal/core/rdata.h:278:34: note: expanded from macro 'Data_Get_Struct'
  278 |     ((sval) = RBIMPL_CAST((type*)rb_data_object_get(obj)))
      |                                  ^
/opt/homebrew/Cellar/ruby/4.0.3/include/ruby-4.0.0/ruby/internal/core/rdata.h:370:31: note: expanded from macro 'rb_data_object_get'
  370 | #define rb_data_object_get    RUBY_MACRO_SELECT(rb_data_object_get_2, RUBY_UNTYPED_DATA_WARNING)
      |                               ^
/opt/homebrew/Cellar/ruby/4.0.3/include/ruby-4.0.0/ruby/internal/core/rdata.h:50:35: note: expanded from macro 'RUBY_MACRO_SELECT'
   50 | #define RUBY_MACRO_SELECT(x, y)   RBIMPL_MACRO_SELECT(x, y)
      |                                   ^
/opt/homebrew/Cellar/ruby/4.0.3/include/ruby-4.0.0/ruby/internal/core/rdata.h:49:35: note: expanded from macro 'RBIMPL_MACRO_SELECT'
   49 | #define RBIMPL_MACRO_SELECT(x, y) x ## y
      |                                   ^
<scratch space>:110:1: note: expanded from here
  110 | rb_data_object_get_1
      | ^
/opt/homebrew/Cellar/ruby/4.0.3/include/ruby-4.0.0/ruby/internal/core/rdata.h:368:31: note: expanded from macro 'rb_data_object_get_1'
  368 | #define rb_data_object_get_1  rb_data_object_get_warning
      |                               ^
/opt/homebrew/Cellar/ruby/4.0.3/include/ruby-4.0.0/ruby/internal/core/rdata.h:317:1: note: 'rb_data_object_get_warning' has been explicitly marked deprecated here
  317 | RBIMPL_ATTRSET_UNTYPED_DATA_FUNC()
      | ^
/opt/homebrew/Cellar/ruby/4.0.3/include/ruby-4.0.0/ruby/internal/core/rdata.h:47:5: note: expanded from macro 'RBIMPL_ATTRSET_UNTYPED_DATA_FUNC'
   47 |     RBIMPL_ATTR_DEPRECATED(("by TypedData"))
      |     ^
/opt/homebrew/Cellar/ruby/4.0.3/include/ruby-4.0.0/ruby/internal/attr/deprecated.h:36:53: note: expanded from macro 'RBIMPL_ATTR_DEPRECATED'
   36 | # define RBIMPL_ATTR_DEPRECATED(msg) __attribute__((__deprecated__ msg))
      |                                                     ^
StructLayout.c:316:5: warning: 'rb_data_object_get_warning' is deprecated: by TypedData [-Wdeprecated-declarations]
  316 |     Data_Get_Struct(self, StructField, f);
      |     ^
/opt/homebrew/Cellar/ruby/4.0.3/include/ruby-4.0.0/ruby/internal/core/rdata.h:278:34: note: expanded from macro 'Data_Get_Struct'
  278 |     ((sval) = RBIMPL_CAST((type*)rb_data_object_get(obj)))
      |                                  ^
/opt/homebrew/Cellar/ruby/4.0.3/include/ruby-4.0.0/ruby/internal/core/rdata.h:370:31: note: expanded from macro 'rb_data_object_get'
  370 | #define rb_data_object_get    RUBY_MACRO_SELECT(rb_data_object_get_2, RUBY_UNTYPED_DATA_WARNING)
      |                               ^
/opt/homebrew/Cellar/ruby/4.0.3/include/ruby-4.0.0/ruby/internal/core/rdata.h:50:35: note: expanded from macro 'RUBY_MACRO_SELECT'
   50 | #define RUBY_MACRO_SELECT(x, y)   RBIMPL_MACRO_SELECT(x, y)
      |                                   ^
/opt/homebrew/Cellar/ruby/4.0.3/include/ruby-4.0.0/ruby/internal/core/rdata.h:49:35: note: expanded from macro 'RBIMPL_MACRO_SELECT'
   49 | #define RBIMPL_MACRO_SELECT(x, y) x ## y
      |                                   ^
<scratch space>:111:1: note: expanded from here
  111 | rb_data_object_get_1
      | ^
/opt/homebrew/Cellar/ruby/4.0.3/include/ruby-4.0.0/ruby/internal/core/rdata.h:368:31: note: expanded from macro 'rb_data_object_get_1'
  368 | #define rb_data_object_get_1  rb_data_object_get_warning
      |                               ^
/opt/homebrew/Cellar/ruby/4.0.3/include/ruby-4.0.0/ruby/internal/core/rdata.h:317:1: note: 'rb_data_object_get_warning' has been explicitly marked deprecated here
  317 | RBIMPL_ATTRSStruct.c:524:5: warning: 'rb_data_object_get_warning' is deprecated: by TypedData [-Wdeprecated-declarations]
  524 |     Data_Get_Struct(self, InlineArray, array);
      |     ^
/opt/homebrew/Cellar/ruby/4.0.3/include/ruby-4.0.0/ruby/internal/core/rdata.h:278:34: note: expanded from macro 'Data_Get_Struct'
  278 |     ((sval) = RBIMPL_CAST((type*)rb_data_object_get(obj)))
      |                                  ^
/opt/homebrew/Cellar/ruby/4.0.3/include/ruby-4.0.0/ruby/internal/core/rdata.h:370:31: note: expanded from macro 'rb_data_object_get'
  370 | #define rb_data_object_get    RUBY_MACRO_SELECT(rb_data_object_get_2, RUBY_UNTYPED_DATA_WARNING)
      |                               ^
/opt/homebrew/Cellar/ruby/4.0.3/include/ruby-4.0.0/ruby/internal/core/rdata.h:50:35: note: expanded from macro 'RUBY_MACRO_SELECT'
   50 | #define RUBY_MACRO_SELECT(x, y)   RBIMPL_MACRO_SELECT(x, y)
      |                                   ^
/opt/homebrew/Cellar/ruby/4.0.3/include/ruby-4.0.0/ruby/internal/core/rdata.h:49:35: note: expanded from macro 'RBIMPL_MACRO_SELECT'
   49 | #define RBIMPL_MACRO_SELECT(x, y) x ## y
      |                                   ^
<scratch space>:114:1: note: expanded from here
  114 | rb_data_object_get_1
      | ^
/opt/homebrew/Cellar/ruby/4.0.3/include/ruby-4.0.0/ruby/internal/core/rdata.h:368:31: note: expanded from macro 'rb_data_object_get_1'
  368 | #define rb_data_object_get_1ET_UNTYPED_DATA_FUNC()
      | ^
/opt/homebrew/Cellar/ruby/4.0.3/include/ruby-4.0.0/ruby/internal/core/rdata.h:47:5: note: expanded from macro 'RBIMPL_ATTRSET_UNTYPED_DATA_FUNC'
   47 |     RBIMPL_ATTR_DEPRECATED(("by TypedData"))
      |     ^
/opt/homebrew/Cellar/ruby/4.0.3/include/ruby-4.0.0/ruby/internal/attr/deprecated.h:36:53: note: expanded from macro 'RBIMPL_ATTR_DEPRECATED'
   36 | # define RBIMPL_ATTR_DEPRECATED(msg) __attribute__((__deprecated__ msg))
      |                                                     ^
StructLayout.c:317:5: warning: 'rb_data_object_get_warning' is deprecated: by TypedData [-Wdeprecated-declarations]
  317 |     Data_Get_Struct(f->rbType, ArrayType, array);
      |     ^
/opt/homebrew/Cellar/ruby/4.0.3/include/ruby-4.0.0/ruby/internal/core/rdata.h:278:34: note: expanded from macro 'Data_Get_Struct'
  278 |     ((sval) = RBIMPL_CAST((type*)rb_data_object_get(obj)))
      |                                  ^
/opt/homebrew/Cellar/ruby/4.0.3/include/ruby-4.0.0/ruby/internal/core/rdata.h:370:31: note: expanded from macro 'rb_data_object_get'
  370 | #define rb_data_object_get    RUBY_MACRO_SELECT(rb_data_object_get_2, RUBY_UNTYPED_DATA_WARNING)
      |                               ^
/opt/homebrew/Cellar/ruby/4.0.3/include/ruby-4.0.0/ruby/internal/core/rdata.h:50:35: note: expanded from macro 'RUBY_MACRO_SELECT'
   50 | #define RUBY_MACRO_SELECT(x, y)   RBIMPL_MACRO_SELECT(x, y)
      |                                   ^
/opt/homebrew/Cellar/ruby/4.0.3/include/ruby-4.0.0/ruby/internal/core/rdata.h:49:35: note: expanded from macro 'RBIMPL_MACRO_SELECT'
   49 | #define RBIMPL_MACRO_SELECT(x, y) x ## y
      |                                   ^
<scratch space>:112:1: note: expanded from here
  112 | rb_data_object_get_1
      | ^
/opt/homebrew/Cellar/ruby/4.0.3/include/ruby-4.0.0/ruby/internal/core/rdata.h:368:31: note: expanded from macro 'rb_data_object_get_1'
  368 | #define rb_data_object_get_1  rb_data_object_get_warning
      |                               ^
/opt/homebrew/Cellar/ruby/4.0.3/include/ruby-4.0.0/ruby/internal/core/rdata.h:317:1: note: 'rb_data_object_get_warning' has been explicitly marked deprecated here
  317 | RBIMPL_ATTRSET_UNTYPED_DATA_FUNC()
      | ^
/opt/homebrew/Cellar/ruby/4.0.3/include/ruby-4.0.0/ruby/internal/core/rdata.h:47:5: note: expanded from macro 'RBIMPL_ATTRSET_UNTYPED_DATA_FUNC'
   47 |     RBIMPL_ATTR_DEPRECATED(("by TypedData"))
      |     ^
/opt/homebrew/Cellar/ruby/4.0.3/include/ruby-4.0.0/ruby/internal/attr/deprecated.h:36:53: note: expanded from macro 'RBIMPL_ATTR_DEPRECATED'
   36 | # define RBIMPL_ATTR_DEPRECATED(msg) __attribute__((__deprecated__ msg))
      |                                                     ^
StructLayout.c:340:5: warning: 'rb_data_object_get_warning' is deprecated: by TypedData [-Wdeprecated-declarations]
  340 |     Data_Get_Struct(self, StructField, f);
      |     ^
/opt/homebrew/Cellar/ruby/4.0.3/include/ruby-4.0.0/ruby/internal/core/rdata.h:278:34: note: expanded from macro 'Data_Get_Struct'
  278 |     ((sval) = RBIMPL_CAST((type*)rb_data_object_get(obj)))
      |                                  ^
/opt/homebrew/Cellar/ruby/4.0.3/include/ruby-4.0.0/ruby/internal/core/rdata.h:370:31: note: expanded from macro 'rb_data_object_get'
  370 | #define rb_data_object_get    RUBY_MACRO_SELECT(rb_data_object_get_2, RUBY_UNTYPED_DATA_WARNING)
      |                               ^
/opt/homebrew/Cellar/ruby/4.0.3/include/ruby-4.0.0/ruby/internal/core/rdata.h:50:35: note: expanded from macro 'RUBY_MACRO_SELECT'
   50 | #define RUBY_MACRO_SELECT(x, y)   RBIMPL_MACRO_SELECT(x, y)
      |                                   ^
/opt/homebrew/Cellar/ruby/4.0.3/include/ruby-4.0.0/ruby/internal/core/rdata.h:49:35: note: expanded from macro 'RBIMPL_MACRO_SELECT'
   49 | #define RBIMPL_MACRO_SELECT(x, y) x ## y
      |                                   ^
<scratch space>:113:1: note: expanded from here
  113 | rb_data_object_get_1
      | ^
/opt/homebrew/Cellar/ruby/4.0.3/include/ruby-4.0.0/ruby/internal/core/rdata.h:368:31: note: expanded from macro 'rb_data_object_get_1'
  368 | #define rb_data_object_get_1  rb_data_object_get_warning
      |                               ^
/opt/homebrew/Cellar/ruby/4.0.3/include/ruby-4.0.0/ruby/internal/core/rdata.h:317:1: note: 'rb_data_object_get_warning' has been explicitly marked deprecated here
  317 | RBIMPL_ATTRSET_UNTYPED_DATA_FUNC()
      | ^
/opt/homebrew/Cellar/ruby/4.0.3/include/ruby-4.0.0/ruby/internal/core/rdata.h:47:5: note: expanded from macro 'RBIMPL_ATTRSET_UNTYPED_DATA_FUNC'
   47 |     RBIMPL_ATTR_DEPRECATED(("by TypedData"))
      |     ^
/opt/homebrew/Cellar/ruby/4.0.3/include/ruby-4.0.0/ruby/internal/attr/deprecated.h:36:53: note: expanded from macro 'RBIMPL_ATTR_DEPRECATED'
   36 | # define RBIMPL_ATTR_DEPRECATED(msg) __attribute__((__deprecated__ msg))
      |                                                     ^
StructLayout.c:341:5: warning: 'rb_data_object_get_warning' is deprecated: by TypedData [-Wdeprecated-declarations]
  341 |     Data_Get_Struct(f->rbType, ArrayType, array);
      |     ^
/opt/homebrew/Cellar/ruby/4.0.3/include/ruby-4.0.0/ruby/internal/core/rdata.h:278:34: note: expanded from macro 'Data_Get_Struct'
  278 |     ((sval) = RBIMPL_CAST((type*)rb_data_object_get(obj)))
      |                                  ^
/opt/homebrew/Cellar/ruby/4.0.3/include/ruby-4.0.0/ruby/internal/core/rdata.h:370:31: note: expanded from macro 'rb_data_object_get'
  370 | #define rb_data_object_get    RUBY_MACRO_SELECT(rb_data_object_get_2, RUBY_UNTYPED_DATA_WARNING)
      |                               ^
/opt/homebrew/Cellar/ruby/4.0.3/include/ruby-4.0.0/ruby/internal/core/rdata.h:50:35: note: expanded from macro 'RUBY_MACRO_SELECT'
   50 | #define RUBY_MACRO_SELECT(x, y)   RBIMPL_MACRO_SELECT(x, y)
      |                                   ^
/opt/homebrew/Cellar/ruby/4.0.3/include/ruby-4.0.0/ruby/internal/core/rdata.h:49:35: note: expanded from macro 'RBIMPL_MACRO_SELECT'
   49 | #define RBIMPL_MACRO_SELECT(x, y) x ## y
      |                                   ^
<scratch space>:114:1: note: expanded from here
  114 | rb_data_object_get_1
      | ^
/opt/homebrew/Cellar/ruby/4.0.3/include/ruby-4.0.0/ruby/internal/core/rdata.h:368:31: note: expanded from macro 'rb_data_object_get_1'
  368 | #define rb_data_object_get_1  rb_data_object_get_warning
      |                               ^
/opt/homebrew/Cellar/ruby/4.0.3/include/ruby-4.0.0/ruby/internal/core/rdata.h:317:1: note: 'rb_data_object_get_warning' has been explicitly marked deprecated here
  317 | RBIMPL_ATTRSET_UNTYPED_DATA_FUNC()
      | ^
/opt/homebrew/Cellar/ruby/4.0.3/include/ruby-4.0.0/ruby/internal/core/rdata.h:47:5: note: expanded from macro 'RBIMPL_ATTRSET_UNTYPED_DATA_FUNC'
   47 |     RBIMPL_ATTR_DEPRECATED(("by TypedData"))
      |     ^
/opt/homebrew/Cellar/ruby/4.0.3/include/ruby-4.0.0/ruby/internal/attr/deprecated.h:36:53: note: expanded from macro 'RBIMPL_ATTR_DEPRECATED'
   36 | # define RBIMPL_ATTR_DEPRECATED(msg) __attribute__((__deprecated__ msg))
      |                                                     ^
  rb_data_object_get_warning
      |                               ^
/opt/homebrew/Cellar/ruby/4.0.3/include/ruby-4.0.0/ruby/internal/core/rdata.h:317:1: note: 'rb_data_object_get_warning' has been explicitly marked deprecated here
  317 | RBIMPL_ATTRSET_UNTYPED_DATA_FUNC()
      | ^
/opt/homebrew/Cellar/ruby/4.0.3/include/ruby-4.0.0/ruby/internal/core/rdata.h:47:5: note: expanded from macro 'RBIMPL_ATTRSET_UNTYPED_DATA_FUNC'
   47 |     RBIMPL_ATTR_DEPRECATED(("by TypedData"))
      |     ^
/opt/homebrew/Cellar/ruby/4.0.3/include/ruby-4.0.0/ruby/internal/attr/deprecated.h:36:53: note: expanded from macro 'RBIMPL_ATTR_DEPRECATED'
   36 | # define RBIMPL_ATTR_DEPRECATED(msg) __attribute__((__deprecated__ msg))
      |                                                     ^
Struct.c:528:5: warning: 'rb_data_object_get_warning' is deprecated: by TypedData [-Wdeprecated-declarations]
  528 |     Data_Get_Struct(rbMemory, AbstractMemory, array->memory);
      |     ^
/opt/homebrew/Cellar/ruby/4.0.3/include/ruby-4.0.0/ruby/internal/core/rdata.h:278:34: note: expanded from macro 'Data_Get_Struct'
  278 |     ((sval) = RBIMPL_CAST((type*)rb_data_object_get(oStructLayout.c:446:5: warning: 'rb_data_object_get_warning' is deprecated: by TypedData [-Wdeprecated-declarations]
  446 |     Data_Get_Struct(self, StructLayout, layout);
      |     ^
/opt/homebrew/Cellar/ruby/4.0.3/include/ruby-4.0.0/ruby/internal/core/rdata.h:278:34: note: expanded from macro 'Data_Get_Struct'
  278 |     ((sval) = RBIMPL_CAST((type*)rb_data_object_get(obj)))
      |                                  ^
/opt/homebrew/Cellar/ruby/4.0.3/include/ruby-4.0.0/ruby/internal/core/rdata.h:370:31: note: expanded from macro 'rb_data_object_get'
  370 | #define rb_data_object_get    RUBY_MACRO_SELECT(rb_data_object_get_2, RUBY_UNTYPED_DATA_WARNING)
      |                               ^
/opt/homebrew/Cellar/ruby/4.0.3/include/ruby-4.0.0/ruby/internal/core/rdata.h:50:35: note: expanded from macro 'RUBY_MACRO_SELECT'
   50 | #define RUBY_MACRO_SELECT(x, y)   RBIMPL_MACRO_SELECT(x, y)
      |                                   ^
/opt/homebrew/Cellar/ruby/4.0.3/include/ruby-4.0.0/ruby/internal/core/rdata.h:49:35: note: expanded from macro 'RBIMPL_MACRO_SELECT'
   49 | #define RBIMPL_MACRO_SELECT(x, y) x ## y
      |                                   ^
<scratch space>:115:1: note: expanded from here
  115 | rb_data_object_get_1
      | ^
/opt/homebrew/Cellar/ruby/4.0.3/include/ruby-4.0.0/ruby/internal/core/rdata.h:368:31: note: expanded from macro 'rb_data_object_get_1'
  368 | #define rb_data_object_get_1  rb_data_object_get_warning
      |                               ^
/opt/homebrew/Cellar/ruby/4.0.3/include/ruby-4.0.0/ruby/internal/core/rdata.h:317:1: note: 'rb_data_object_get_warning' has been explicitly marked deprecated here
  317 | RBIMPL_ATTRSET_UNTYPED_DATA_FUNC()
      | ^
/opt/homebrew/Cellar/ruby/4.0.3/include/ruby-4.0.0/ruby/internal/core/rdata.h:47:5: note: expanded from macro 'RBIMPL_ATTRSET_UNTYPED_DATA_FUNC'
   47 |     RBIMPL_ATTR_DEPRECATED(("by TypedData"))
      |     ^
/opt/homebrew/Cellar/ruby/4.0.3/include/ruby-4.0.0/ruby/internal/attr/deprecated.h:36:53: note: expanded from macro 'RBIMPL_ATTR_DEPRECATED'
   36 | # define RBIMPL_ATTR_DEPRECATED(msg) __attribute__((__deprecated__ msg))
      |                                                     ^
bj)))
      | StructLayout.c:473:9: warning: 'rb_data_object_get_warning' is deprecated: by TypedData [-Wdeprecated-declarations]
  473 |         Data_Get_Struct(rbField, StructField, field);
      |         ^
/opt/homebrew/Cellar/ruby/4.0.3/include/ruby-4.0.0/ruby/internal/core/rdata.h:278:34: note: expanded from macro 'Data_Get_Struct'
  278 |     ((sval) = RBIMPL_CAST((type*)rb_data_object_get(obj)))
      |                                  ^
/opt/homebrew/Cellar/ruby/4.0.3/include/ruby-4.0.0/ruby/internal/core/rdata.h:370:31: note: expanded from macro 'rb_data_object_get'
  370 | #define rb_data_object_get    RUBY_MACRO_SELECT(rb_data_object_get_2, RUBY_UNTYPED_DATA_WARNING)
      |                               ^
/opt/homebrew/Cellar/ruby/4.0.3/include/ruby-4.0.0/ruby/internal/core/rdata.h:50:35: note: expanded from macro 'RUBY_MACRO_SELECT'
   50 | #define RUBY_MACRO_SELECT(x, y)   RBIMPL_MACRO_SELECT(x, y)
      |                                   ^
/opt/homebrew/Cellar/ruby/4.0.3/include/ruby-4.0.0/ruby/internal/core/rdata.h:49:35: note: expanded from macro 'RBIMPL_MACRO_SELECT'
   49 | #define RBIMPL_MACRO_SELECT(x, y) x ## y
      |                                   ^
<scratch space>:116:1: note: expanded from here
  116 | rb_data_object_get_1
      | ^
/opt/homebrew/Cellar/ruby/4.0.3/include/ruby-4.0.0/ruby/internal/core/rdata.h:368:31: note: expanded from macro 'rb_data_object_get_1'
  368 | #define rb_data_object_get_1  rb_data_object_get_warning
      |                               ^
/opt/homebrew/Cellar/ruby/4.0.3/include/ruby-4.0.0/ruby/internal/core/rdata.h:317:1: note: 'rb_data_object_get_warning' has been explicitly marked deprecated here
  317 | RBIMPL_ATTRSET_UNTYPED_DATA_FUNC()
      | ^
/opt/homebrew/Cellar/ruby/4.0.3/include/ruby-4.0.0/ruby/internal/core/rdata.h:47:5: note: expanded from macro 'RBIMPL_ATTRSET_UNTYPED_DATA_FUNC'
   47 |     RBIMPL_ATTR_DEPRECATED(("by TypedData"))
      |     ^
/opt/homebrew/Cellar/ruby/4.0.3/include/ruby-4.0.0/ruby/internal/attr/deprecated.h:36:53: note: expanded from macro 'RBIMPL_ATTR_DEPRECATED'
   36 | # define RBIMPL_ATTR_DEPRECATED(msg) __attribute__((__deprecated__ msg))
      |                                                     ^
StructLayout.c:518:5: warning: 'rb_data_object_get_warning' is deprecated: by TypedData [-Wdeprecated-declarations]
  518 |     Data_Get_Struct(self, StructLayout, layout);
      |     ^
/opt/homebrew/Cellar/ruby/4.0.3/include/ruby-4.0.0/ruby/internal/core/rdata.h:278:34: note: expanded from macro 'Data_Get_Struct'
  278 |     ((sval) = RBIMPL_CAST((type*)rb_data_object_get(obj)))
      |                                  ^
/opt/homebrew/Cellar/ruby/4.0.3/include/ruby-4.0.0/ruby/internal/core/rdata.h:370:31: note: expanded from macro 'rb_data_object_get'
  370 | #define rb_data_object_get    RUBY_MACRO_SELECT(rb_data_object_get_2, RUBY_UNTYPED_DATA_WARNING)
      |                               ^
/opt/homebrew/Cellar/ruby/4.0.3/include/ruby-4.0.0/ruby/internal/core/rdata.h:50:35: note: expanded from macro 'RUBY_MACRO_SELECT'
   50 | #define RUBY_MACRO_SELECT(x, y)   RBIMPL_MACRO_SELECT(x, y)
      |                                   ^
/opt/homebrew/Cellar/ruby/4.0.3/include/ruby-4.0.0/ruby/internal/core/rdata.h:49:35: note: expanded from macro 'RBIMPL_MACRO_SELECT'
   49 | #define RBIMPL_MACRO_SEcompiling ffi.c
Type.c:81:5: warning: 'rb_data_object_get_warning' is deprecated: by TypedData [-Wdeprecated-declarations]
   81 |     Data_Get_Struct(self, Type, type);
      |     ^
/opt/homebrew/Cellar/ruby/4.0.3/include/ruby-4.0.0/ruby/internal/core/rdata.h:278:34: note: expanded from macro 'Data_Get_Struct'
  278 |     ((sval) = RBIMPL_CAST((type*)rb_data_object_get(obj)))
      |                                  ^
/opt/homebrew/Cellar/ruby/4.0.3/include/ruby-4.0.0/ruby/internal/core/rdata.h:370:31: note: expanded from macro 'rb_data_object_get'
  370 | #define rb_data_object_get    RUBY_MACRO_SELECT(rb_data_object_get_2, RUBY_UNTYPED_DATA_WARNING)
      |                               ^
/opt/homebrew/Cellar/ruby/4.0.3/include/ruby-4.0.0/ruby/internal/core/rdata.h:50:35: note: expanded from macro 'RUBY_MACRO_SELECT'
   50 | #define RUBY_MACRO_SELECT(x, y)   RBIMPL_MACRO_SELECT(x, y)
      |                                   ^
/opt/homebrew/Cellar/ruby/4.0.3/include/ruby-4.0.0/ruby/internal/core/rdata.h:49:35: note: expanded from macro 'RBIMPL_MACRO_SELECT'
   49 | #define RBIMPL_MACRO_SELECT(x, y) x ## y
      |                                   ^
<scratch space>:82:1: note: expanded from here
   82 | rb_data_object_get_1
      | ^
/opt/homebrew/Cellar/ruby/4.0.3/include/ruby-4.0.0/ruby/internal/core/rdata.h:368:31: note: expanded from macro 'rb_data_object_get_1'
  368 | #define rb_data_object_get_1  rb_data_object_get_warning
      |                               ^
/opt/homebrew/Cellar/ruby/4.0.3/include/ruby-4.0.0/ruby/internal/core/rdata.h:317:1: note: 'rb_data_object_get_warning' has been explicitly marked deprecated here
LECT(x, y) x ## y
      |                                   ^
<scratch space>:117:                                 ^
1: note: expanded from here
  117 | rb_data_object_get_1
      | ^
/opt/homebrew/Cellar/ruby/4.0.3/include/ruby-4.0.0/ruby/internal/core/rdata.h:368:31: note: expanded from macro 'rb_data_object_get_1'
  368 | #define rb_data_object_get_1  rb_data_object_get_warning
      |                               ^
/opt/homebrew/Cellar/ruby/4.0.3/include/ruby-4.0.0/ruby/internal/core/rdata.h:317:1: note: 'rb_data_object_get_warning' has been explicitly marked deprecated here
  317 | RBIMPL_ATTRSET_UNTYPED_DATA_FUNC()
      | ^
/opt/homebrew/Cellar/ruby/4.0.3/include/ruby-4.0.0/ruby/internal/core/rdata.h:47:5: note: expanded from macro 'RBIMPL_ATTRSET_UNTYPED_DATA_FUNC'
   47 |     RBIMPL_ATTR_DEPRECATED(("by TypedData"))
      |     ^
/opt/homebrew/Cellar/ruby/4.0.3/include/ruby-4.0.0/ruby/internal/attr/deprecated.h:36:53: note: expanded from macro 'RBIMPL_ATTR_DEPRECATED'
   36 | # define RBIMPL_ATTR_DEPRECATED(msg) __attribute__((__deprecated__ msg))
      |                                                     ^
StructLayout.c:548:5: warning: 'rb_data_object_get_warning' is deprecated: by TypedData [-Wdeprecated-declarations]
  548 |     Data_Get_Struct(self, StructLayout, layout);
      |     ^
/opt/homebrew/Cellar/ruby/4.0.3/include/ruby-4.0.0/ruby/internal/core/rdata.h:278:34: note: expanded from macro 'Data_Get_Struct'
  278 |     ((sval) = RBIMPL_CAST((type*)rb_data_object_get(obj)))
      |                                  ^
/opt/homebrew/Cellar/ruby/4.0.3/include/ruby-4.0.0/ruby/internal/core/rdata.h:370:31: note: expanded from macro 'rb_data_object_get'
  370 | #define rb_data_object_get    RUBY_MACRO_SELECT(rb_data_object_get_2, RUBY_UNTYPED_DATA_WARNING)
      |                               ^
/opt/homebrew/Cellar/ruby/4.0.3/include/ruby-4.0.0/ruby/internal/core/rdata.h:50:35: note: expanded from macro 'RUBY_MACRO_SELECT'
   50 | #define RUBY_MACRO_SELECT(x, y)   RBIMPL_MACRO_SELECT(x, y)
      |                                   ^
/opt/homebrew/Cellar/ruby/4.0.3/include/ruby-4.0.0/ruby/internal/core/rdata.h:49:35: note: expanded from macro 'RBIMPL_MACRO_SELECT'
   49 | #define RBIMPL_MACRO_SELECT(x, y) x ## y
      |                                   ^
<scratch space>:118:1: note: expanded from here
  118 | rb_data_object_get_1
      | ^
/opt/homebrew/Cellar/ruby/4.0.3/include/ruby-4.0.0/ruby/internal/core/rdata.h:368:31: note: expanded from macro 'rb_data_object_get_1'
  368 | #define rb_data_object_get_1  rb_data_object_get_warning
      |                               ^
/opt/homebrew/Cellar/ruby/4.0.3/include/ruby-4.0.0/ruby/internal/core/rdata.h:317:1: note: 'rb_data_object_get_warning' has been explicitly marked deprecated here
  317 | RBIMPL_ATTRSET_UNTYPED_DATA_FUNC()
      | ^
/opt/homebrew/Cellar/ruby/4.0.3/include/ruby-4.0.0/ruby/internal/core/rdata.h:47:5: note: expanded from macro 'RBIMPL_ATTRSET_UNTYPED_DATA_FUNC'
   47 |     RBIMPL_ATTR_DEPRECATED(("by TypedData"))
      |     ^
/opt/homebrew/Cellar/ruby/4.0.3/include/ruby-4.0.0/ruby/internal/attr/deprecated.h:36:53: note: expanded from macro 'RBIMPL_ATTR_DEPRECATED'
   36 | # define RBIMPL_ATTR_DEPRECATED(msg) __attribute__((__deprecated__ msg))
      |                                                     ^
StructLayout.c:563:5: warning: 'rb_data_object_get_warning' is deprecated: by TypedData [-Wdeprecated-declarations]
  563 |     Data_Get_Struct(self, StructLayout, layout);
      |     ^
/opt/homebrew/Cellar/ruby/4.0.3/include/ruby-4.0.0/ruby/internal/core/rdata.h:278:34: note: expanded from macro 'Data_Get_Struct'
  278 |     ((sval) = RBIMPL_CAST((type*)rb_data_object_get(obj)))
      |                                  ^
/opt/homebrew/Cellar/ruby/4.0.3/include/ruby-4.0.0/ruby/internal/core/rdata.h:370:31: note: expanded from macro 'rb_data_object_get'
  370 | #define rb_data_object_get    RUBY_MACRO_SELECT(rb_data_object_get_2, RUBY_UNTYPED_DATA_WARNING)
      |                               ^
/opt/homebrew/Cellar/ruby/4.0.3/include/ruby-4.0.0/ruby/internal/core/rdata.h:50:35: note: expanded from macro 'RUBY_MACRO_SELECT'
   50 | #define RUBY_MACRO_SELECT(x, y)   RBIMPL_MACRO_SELECT(x, y)
      |                                   ^
/opt/homebrew/Cellar/ruby/4.0.3/include/ruby-4.0.0/ruby/internal/core/rdata.h:49:35: note: expanded from macro 'RBIMPL_MACRO_SELECT'
   49 | #define RBIMPL_MACRO_SELECT(x, y) x ## y
      |                                   ^
<scratch space>:119:1: note: expanded from here
  119 | rb_data_object_get_1
      | ^
/opt/homebrew/Cellar/ruby/4.0.3/include/ruby-4.0.0/ruby/internal/core/rdata.h:368:31: note: expanded from macro 'rb_data_object_get_1'
  368 | #define rb_data_object_get_1  rb_data_object_get_warning
      |                               ^
/opt/homebrew/Cellar/ruby/4.0.3/include/ruby-4.0.0/ruby/internal/core/rdata.h:317:1: note: 'rb_data_object_get_warning' has been explicitly marked deprecated here
  317 | RBIMPL_ATTRSET_UNTYPED_DATA_FUNC()
      | ^
/opt/homebrew/Cellar/ruby/4.0.3/include/ruby-4.0.0/ruby/internal/core/rdata.h:47:5: note: expanded from macro 'RBIMPL_ATTRSET_UNTYPED_DATA_FUNC'
   47 |     RBIMPL_ATTR_DEPRECATED(("by TypedData"))
      |     ^
/opt/homebrew/Cellar/ruby/4.0.3/include/ruby-4.0.0/ruby/internal/attr/deprecated.h:36:53: note: expanded from macro 'RBIMPL_ATTR_DEPRECATED'
   36 | # define RBIMPL_ATTR_DEPRECATED(msg) __attribute__((__deprecated__ msg))
      |                                                     ^
StructLayout.c:578:5: warning: 'rb_data_object_get_warning' is deprecated: by TypedData [-Wdeprecated-declarations]
  578 |     Data_Get_Struct(self, StructLayout, layout);
      |     ^
/opt/homebrew/Cellar/ruby/4.0.3/include/ruby-4.0.0/ruby/internal/core/rdata.h:278:34: note: expanded from macro 'Data_Get_Struct'
  278 |     ((sval) = RBIMPL_CAST((type*)rb_data_object_get(obj)))
      |                                  ^
/opt/homebrew/Cellar/ruby/4.0.3/include/ruby-4.0.0/ruby/internal/core/rdata.h:370:31: note: expanded from macro 'rb_data_object_get'
  370 | #define rb_data_object_get    RUBY_MACRO_SELECT(rb_data_object_get_2, RUBY_UNTYPED_DATA_WARNING)
      |                               ^
/opt/homebrew/Cellar/ruby/4.0.3/include/ruby-4.0.0/ruby/internal/core/rdata.h:50:35: note: expanded from macro 'RUBY_MACRO_SELECT'
   50 | #define RUBY_MACRO_SELECT(x, y)   RBIMPL_MACRO_SELECT(x, y)
      |                                   ^
/opt/homebrew/Cellar/ruby/4.0.3/include/ruby-4.0.0/ruby/internal/core/rdata.h:49:35: note: expanded from macro 'RBIMPL_MACRO_SELECT'
   49 | #define RBIMPL_MACRO_SELECT(x, y) x ## y
      |                                   ^
<scratch space>:120:1: note: expanded from here
  120 | rb_data_object_get_1
      | ^
/opt/homebrew/Cellar/ruby/4.0.3/include/ruby-4.0.0/ruby/internal/core/rdata.h:368:31: note: expanded from macro 'rb_data_object_get_1'
  368 | #define rb_data_object_get_1  rb_data_object_get_warning
      |                               ^
/opt/homebrew/Cellar/ruby/4.0.3/include/ruby-4.0.0/ruby/internal/core/rdata.h:317:1: note: 'rb_data_object_get_warning' has been explicitly marked deprecated here
  317 | RBIMPL_ATTRSET_UNTYPED_DATA_FUNC()
      | ^
/opt/homebrew/Cellar/ruby/4.0.3/include/ruby-4.0.0/ruby/internal/core/rdata.h:47:5: note: expanded from macro 'RBIMPL_ATTRSET_UNTYPED_DATA_FUNC'
   47 |     RBIMPL_ATTR_DEPRECATED(("by TypedData"))
      |     ^
/opt/homebrew/Cellar/ruby/4.0.3/include/ruby-4.0.0/ruby/internal/attr/deprecated.h:36:53: note: expanded from macro 'RBIMPL_ATTR_DEPRECATED'
   36 | # define RBIMPL_ATTR_DEPRECATED(msg) __attribute__((__deprecated__ msg))
      |                                                     ^
StructLayout.c:593:5: warning: 'rb_data_object_get_warning' is deprecated: by TypedData [-Wdeprecated-declarations]
  593 |     Data_Get_Struct(self, StructLayout, layout);
      |     ^
/opt/homebrew/Cellar/ruby/4.0.3/include/ruby-4.0.0/ruby/internal/core/rdata.h:278:34: note: expanded from macro 'Data_Get_Struct'
  278 |     ((sval) = RBIMPL_CAST((type*)rb_data_object_get(obj)))
      |                                  ^
/opt/homebrew/Cellar/ruby/4.0.3/include/ruby-4.0.0/ruby/internal/core/rdata.h:370:31: note: expanded from macro 'rb_data_object_get'
  370 | #define rb_data_object_get    RUBY_MACRO_SELECT(rb_data_object_get_2, RUBY_UNTYPED_DATA_WARNING)
      |                               ^
/opt/homebrew/Cellar/ruby/4.0.3/include/ruby-4.0.0/ruby/internal/core/rdata.h:50:35: note: expanded from macro 'RUBY_MACRO_SELECT'
   50 | #define RUBY_MACRO_SELECT(x, y)   RBIMPL_MACRO_SELECT(x, y)
      |                                   ^
/opt/homebrew/Cellar/ruby/4.0.3/include/ruby-4.0.0/ruby/internal/core/rdata.h:49:35: note: expanded from macro 'RBIMPL_MACRO_SELECT'
   49 | #define RBIMPL_MACRO_SELECT(x, y) x ## y
      |                                   ^
<scratch space>:121:1: note: expanded from here
  121 | rb_data_object_get_1
      | ^
/opt/homebrew/Cellar/ruby/4.0.3/include/ruby-4.0.0/ruby/internal/core/rdata.h:368:31: note: expanded from macro 'rb_data_object_get_1'
  368 | #define rb_data_object_get_1  rb_data_object_get_warning
      |                               ^
/opt/homebrew/Cellar/ruby/4.0.3/include/ruby-4.0.0/ruby/internal/core/rdata.h:317:1: note: 'rb_data_object_get_warning' has been explicitly marked deprecated here
  317 | RBIMPL_ATTRSET_UNTYPED_DATA_FUNC()
      | ^
/opt/homebrew/Cellar/ruby/4.0.3/include/ruby-4.0.0/ruby/internal/core/rdata.h:47:5: note: expanded from macro 'RBIMPL_ATTRSET_UNTYPED_DATA_FUNC'
   47 |     RBIMPL_ATTR_DEPRECATED(("by TypedData"))
      |     ^
/opt/homebrew/Cellar/ruby/4.0.3/include/ruby-4.0.0/ruby/internal/attr/deprecated.h:36:53: note: expanded from macro 'RBIMPL_ATTR_DEPRECATED'
   36 | # define RBIMPL_ATTR_DEPRECATED(msg) __attribute__((__deprecated__ msg))
      |                                                     ^
  317 | RBIMPL_ATTRSET_UNTYPED_DATA_FUNC()
      | ^
/opt/homebrew/Cellar/ruby/4.0.3/include/ruby-4.0.0/ruby/internal/core/rdata.h:47:5: note: expanded from macro 'RBIMPL_ATTRSET_UNTYPED_DATA_FUNC'
   47 |     RBIMPL_ATTR_DEPRECATED(("by TypedData"))
      |     ^
/opt/homebrew/Cellar/ruby/4.0.3/include/ruby-4.0.0/ruby/internal/attr/deprecated.h:36:53: note: expanded from macro 'RBIMPL_ATTR_DEPRECATED'
   36 | # define RBIMPL_ATTR_DEPRECATED(msg) __attribute__((__deprecated__ msg))
      |                                                     ^
Type.c:86:9: warning: 'rb_data_object_get_warning' is deprecated: by TypedData [-Wdeprecated-declarations]
   86 |         Data_Get_Struct(value, Type, other);
      |         ^
/opt/homebrew/Cellar/ruby/4.0.3/include/ruby-4.0.0/ruby/internal/core/rdata.h:278:34: note: expanded from macro 'Data_Get_Struct'
  278 |     ((sval) = RBIMPL_CAST((type*)rb_data_object_get(obj)))
      |                                  ^
/opt/homebrew/Cellar/ruby/4.0.3/include/ruby-4.0.0/ruby/internal/core/rdata.h:370:31: note: expanded from macro 'rb_data_object_get'
  370 | #define rb_data_object_get    RUBY_MACRO_SELECT(rb_data_object_get_2, RUBY_UNTYPED_DATA_WARNING)
      |                               ^
/opt/homebrew/Cellar/ruby/4.0.3/include/ruby-4.0.0/ruby/internal/core/rdata.h:50:35: note: expanded from macro 'RUBY_MACRO_SELECT'
   50 | #define RUBY_MACRO_SELECT(x, y)   RBIMPL_MACRO_SELECT(x, y)
      |                                   ^
/opt/homebrew/Cellar/ruby/4.0.3/include/ruby-4.0.0/ruby/internal/core/rdata.h:49:35: note: expanded from macro 'RBIMPL_MACRO_SELECT'
   49 | #define RBIMPL_MACRO_SELECT(x, y) x ## y
      |                                   ^
<scratch space>:83:1: note: expanded from here
   83 | rb_data_object_get_1
      | ^
/opt/homebrew/Cellar/ruby/4.0.3/include/ruby-4.0.0/ruby/internal/core/rdata.h:368:31: note: expanded from macro 'rb_data_object_get_1'
  368 | #define rb_data_object_get_1  rb_data_object_get_warning
      |                               ^
/opt/homebrew/Cellar/ruby/4.0.3/include/ruby-4.0.0/ruby/internal/core/rdata.h:317:1: note: 'rb_data_object_get_warning' has been explicitly marked deprecated here
  317 | RBIMPL_ATTRSET_UNTYPED_DATA_FUNC()
      | ^
/opt/homebrew/Cellar/ruby/4.0.3/include/ruby-4.0.0/ruby/internal/core/rdata.h:47:5: note: expanded from macro 'RBIMPL_ATTRSET_UNTYPED_DATA_FUNC'
   47 |     RBIMPL_ATTR_DEPRECATED(("by TypedData"))
      |     ^
/opt/homebrew/Cellar/ruby/4.0.3/include/ruby-4.0.0/ruby/internal/attr/deprecated.h:36:53: note: expanded from macro 'RBIMPL_ATTR_DEPRECATED'
   36 | # define RBIMPL_ATTR_DEPRECATED(msg) __attribute__((__deprecated__ msg))
      |                                                     ^
Type.c:106:5: warning: 'rb_data_object_get_warning' is deprecated: by TypedData [-Wdeprecated-declarations]
  106 |     Data_Get_Struct(self, Type, type);
      |     ^
/opt/homebrew/Cellar/ruby/4.0.3/include/ruby-4.0.0/ruby/internal/core/rdata.h:278:34: note: expanded from macro 'Data_Get_Struct'
  278 |     ((sval) = RBIMPL_CAST((type*)rb_data_object_get(obj)))
      |                                  ^
/opt/homebrew/Cellar/ruby/4.0.3/include/ruby-4.0.0/ruby/internal/core/rdata.h:370:31: note: expanded from macro 'rb_data_object_get'
  370 | #define rb_data_object_get    RUBY_MACRO_SELECT(rb_data_object_get_2, RUBY_UNTYPED_DATA_WARNING)
      |                               ^
/opt/homebrew/Cellar/ruby/4.0.3/include/ruby-4.0.0/ruby/internal/core/rdata.h:50:35: note: expanded from macro 'RUBY_MACRO_SELECT'
   50 | #define RUBY_MACRO_SELECT(x, y)   RBIMPL_MACRO_SELECT(x, y)
      |                                   ^
/opt/homebrew/Cellar/ruby/4.0.3/include/ruby-4.0.0/ruby/internal/core/rdata.h:49:35: note: expanded from macro 'RBIMPL_MACRO_SELECT'
   49 | #define RBIMPL_MACRO_SELECT(x, y) x ## y
      |                                   ^
<scratch space>:84:1: note: expanded from here
   84 | rb_data_object_get_1
      | ^
/opt/homebrew/Cellar/ruby/4.0.3/include/ruby-4.0.0/ruby/internal/core/rdata.h:368:31: note: expanded from macro 'rb_data_object_get_1'
  368 | #define rb_data_object_get_1  rb_data_object_get_warning
      |                               ^
/opt/homebrew/Cellar/ruby/4.0.3/include/ruby-4.0.0/ruby/internal/core/rdata.h:317:1: note: 'rb_data_object_get_warning' has been explicitly marked deprecated here
  317 | RBIMPL_ATTRSET_UNTYPED_DATA_FUNC()
      | ^
/opt/homebrew/Cellar/ruby/4.0.3/include/ruby-4.0.0/ruby/internal/core/rdata.h:47:5: note: expanded from macro 'RBIMPL_ATTRSET_UNTYPED_DATA_FUNC'
   47 |     RBIMPL_ATTR_DEPRECATED(("by TypedData"))
      |     ^
/opt/homebrew/Cellar/ruby/4.0.3/include/ruby-4.0.0/ruby/internal/attr/deprecated.h:36:53: note: expanded from macro 'RBIMPL_ATTR_DEPRECATED'
   36 | # define RBIMPL_ATTR_DEPRECATED(msg) __attribute__((__deprecated__ msg))
      |                                                     ^
Type.c:121:5: warning: 'rb_data_object_get_warning' is deprecated: by TypedData [-Wdeprecated-declarations]
  121 |     Data_Get_Struct(self, Type, type);
      |     ^
/opt/homebrew/Cellar/ruby/4.0.3/include/ruby-4.0.0/ruby/internal/core/rdata.h:278:34: note: expanded from macro 'Data_Get_Struct'
  278 |     ((sval) = RBIMPL_CAST((type*)rb_data_object_get(obj)))
      |                                  ^
/opt/homebrew/Cellar/ruby/4.0.3/include/ruby-4.0.0/ruby/internal/core/rdata.h:370:31: note: expanded from macro 'rb_data_object_get'
  370 | #define rb_data_object_get    RUBY_MACRO_SELECT(rb_data_object_get_2, RUBY_UNTYPED_DATA_WARNING)
      |                               ^
/opt/homebrew/Cellar/ruby/4.0.3/include/ruby-4.0.0/ruby/internal/core/rdata.h:50:35: note: expanded from macro 'RUBY_MACRO_SELECT'
   50 | #define RUBY_MACRO_SELECT(x, y)   RBIMPL_MACRO_SELECT(x, y)
      |                                   ^
/opt/homebrew/Cellar/ruby/4.0.3/include/ruby-4.0.0/ruby/internal/core/rdata.h:49:35: note: expanded from macro 'RBIMPL_MACRO_SELECT'
   49 | #define RBIMPL_MACRO_SELECT(x, y) x ## y
      |                                   ^
<scratch space>:85:1: note: expanded from here
   85 | rb_data_object_get_1
      | ^
/opt/homebrew/Cellar/ruby/4.0.3/include/ruby-4.0.0/ruby/internal/core/rdata.h:368:31: note: expanded from macro 'rb_data_object_get_1'
  368 | #define rb_data_object_get_1  rb_data_object_get_warning
      |                               ^
/opt/homebrew/Cellar/ruby/4.0.3/include/ruby-4.0.0/ruby/internal/core/rdata.h:317:1: note: 'rb_data_object_get_warning' has been explicitly marked deprecated here
  317 | RBIMPL_ATTRSET_UNTYPED_DATA_FUNC()
      | ^
/opt/homebrew/Cellar/ruby/4.0.3/include/ruby-4.0.0/ruby/internal/core/rdata.h:47:5: note: expanded from macro 'RBIMPL_ATTRSET_UNTYPED_DATA_FUNC'
   47 |     RBIMPL_ATTR_DEPRECATED(("by TypedData"))
      |     ^
/opt/homebrew/Cellar/ruby/4.0.3/include/ruby-4.0.0/ruby/internal/attr/deprecated.h:36:53: note: expanded from macro 'RBIMPL_ATTR_DEPRECATED'
   36 | # define RBIMPL_ATTR_DEPRECATED(msg) __attribute__((__deprecated__ msg))
      |                                                     ^
Type.c:137:5: warning: 'rb_data_object_get_warning' is deprecated: by TypedData [-Wdeprecated-declarations]
  137 |     Data_Get_Struct(self, Type, type);
      |     ^
/opt/homebrew/Cellar/ruby/4.0.3/include/ruby-4.0.0/ruby/internal/core/rdata.h:278:34: note: expanded from macro 'Data_Get_Struct'
  278 |     ((sval) = RBIMPL_CAST((type*)rb_data_object_g/opt/homebrew/Cellar/ruby/4.0.3/include/ruby-4.0.0/ruby/internal/core/rdata.h:370:31: note: expanded from macro 'rb_data_object_get'
  370 | #define rb_data_object_get    RUBY_MACRO_SELECT(rb_data_object_get_2, RUBY_UNTYPED_DATA_WARNING)
      |                               ^
/opt/homebrew/Cellar/ruby/4.0.3/include/ruby-4.0.0/ruby/internal/core/rdata.h:50:35: note: expanded from macro 'RUBY_MACRO_SELECT'
   et(obj)))
      |                                  ^
/opt/homebrew/Cellar/ruby/4.0.3/include/ruby-4.0.0/ruby/internal/core/rdata.h:370:31: note: expanded from macro 'rb_data_object_get'
  370 | #define rb_data_object_get    RUBY_MACRO_SELECT(rb_data_50ob | j#edcetf_igneet _R2U,B YR_UMBAYC_RUON_TSYEPLEEDC_TD(AxT,A _yW)A R N IRNBGI)M
P      L| _                              ^M
ACR/opt/homebrew/Cellar/ruby/4.0.3/include/ruby-4.0.0/ruby/internal/core/rdata.hO:_50S:E35L:E Cnote: Texpanded from macro 'RUBY_MACRO_SELECT'(
x, y)   
50       | | #                                  ^d
efine R/opt/homebrew/Cellar/ruby/4.0.3/include/ruby-4.0.0/ruby/internal/core/rdata.hU:B49Y:_35M:A Cnote: Rexpanded from macro 'RBIMPL_MACRO_SELECT'O
_SELEC   T49( | x#,d eyf)i n e  RRBBIIMMPPLL__MMAACCRROO__SSEELLEECCTT((xx,,  yy))
       x|                                    ^#
# /opt/homebrew/Cellar/ruby/4.0.3/include/ruby-4.0.0/ruby/internal/core/rdata.hy:
49      :| 35                                  ^:
 note: expanded from macro 'RBIMPL_MACRO_SELECT'
   49 | #<scratch space>d:e115f:i1n:e  note: Rexpanded from hereB
IMPL_MAC  R115O | _rSbE_LdEaCtTa(_xo,b jye)c tx_ g#e#t _y1

            | |                                   ^^

<scratch space>/opt/homebrew/Cellar/ruby/4.0.3/include/ruby-4.0.0/ruby/internal/core/rdata.h::86368::131::  note: note: expanded from hereexpanded from macro 'rb_data_object_get_1'

  368 | #d   e86f | irnbe_ drabt_ad_aotbaj_eocbtj_egcett__g1e
t      _| 1^ 
 rb_data_object_get_warning
      |                               ^
/opt/homebrew/Cellar/ruby/4.0.3/include/ruby-4.0.0/ruby/internal/core/rdata.h:317:1: note: 'rb_data_object_get_warning' has been explicitly marked deprecated here
  317 | RBIMPL_ATTRSET_UNTYPED_DATA_FUNC()
      | ^
/opt/homebrew/Cellar/ruby/4.0.3/include/ruby-4.0.0/ruby/internal/core/rdata.h:47:5: note: expanded from macro 'RBIMPL_ATTRSET_UNTYPED_DATA_FUNC'
   47 |     RBIMPL_ATTR_DEPRECATED(("by TypedData"))
      |     ^
/opt/homebrew/Cellar/ruby/4.0.3/include/ruby-4.0.0/ruby/internal/attr/deprecated.h:36:53: note: expanded from macro 'RBIMPL_ATTR_DEPRECATED'
   36 | # define RBIMPL_ATTR_DEPRECATED(msg) __attribute__((__deprecated__ msg))
      |                                                     ^
Struct.c:529:5: warning: 'rb_data_object_get_warning' is deprecated: by TypedData [-Wdeprecated-declarations]
  529 |     Data_Get_Struct(rbField, StructField, array->field);
      |     ^
/opt/homebrew/Cellar/ruby/4.0.3/include/ruby-4.0.0/ruby/internal/core/rdata.h:278:34: note: expanded from macro 'Data_Get_Struct'
  278 |     ((sval) = RBIMPL_CAST((type*)rb_data_object_get(obj)))
      |                                  ^
/opt/homebrew/Cellar/ruby/4.0.3/include/ruby-4.0.0/ruby/internal/core/rdata.h:370:31: note: expanded from macro 'rb_data_object_get'
  370 | #define rb_data_object_get    RUBY_MACRO_SELECT(rb_data_object_get_2, RUBY_UNTYPED_DATA_WARNING)
      |                               ^
/opt/homebrew/Cellar/ruby/4.0.3/include/ruby-4.0.0/ruby/internal/core/rdata.h:50:35: note: expanded from macro 'RUBY_MACRO_SELECT'
   50 | #define RUBY_MACRO_SELECT(x, y)   RBIMPL_MACRO_SELECT(x, y)
      |                                   ^
/opt/homebrew/Cellar/ruby/4.0.3/include/ruby-4.0.0/ruby/internal/core/rdata.h:49:35: note: expanded from macro 'RBIMPL_MACRO_SELECT'
   49 | #define RBIMPL_MACRO_SELECT(x, y) x ## y
      |                                   ^
<scratch space>:116:1: note: expanded from here
  116 | rb_data_object_get_1
      | ^
/opt/homebrew/Cellar/ruby/4.0.3/include/ruby-4.0.0/ruby/internal/core/rdata.h:368:31: note: expanded from macro 'rb_data_object_get_1'
  368 | #define rb_data_object_get_1  rb_data_object_get_warning
      |                               ^
/opt/homebrew/Cellar/ruby/4.0.3/include/ruby-4.0.0/ruby/internal/core/rdata.h:317:1: note: 'rb_data_object_get_warning' has been explicitly marked deprecated here
  317 | RBIMPL_ATTRSET_UNTYPED_DATA_FUNC()
      | ^
/opt/homebrew/Cellar/ruby/4.0.3/include/ruby-4.0.0/ruby/internal/core/rdata.h:47:5: note: expanded from macro 'RBIMPL_ATTRSET_UNTYPED_DATA_FUNC'
   47 |     RBIMPL_ATTR_DEPRECATED(("by TypedData"))
      |     ^
/opt/homebrew/Cellar/ruby/4.0.3/include/ruby-4.0.0/ruby/internal/attr/deprecated.h:36:53: note: expanded from macro 'RBIMPL_ATTR_DEPRECATED'
   36 | # define RBIMPL_ATTR_DEPRECATED(msg) __attribute__((__deprecated__ msg))
      |                                                     ^
Struct.c:530:5: warning: 'rb_data_object_get_warning' is deprecated: by TypedData [-Wdeprecated-declarations]
  530 |     Data_Get_Struct(array->field->rbType, ArrayType, array->arrayType);
      |     ^
/opt/homebrew/Cellar/ruby/4.0.3/include/ruby-4.0.0/ruby/internal/core/rdata.h:278:34: note: expanded from macro 'Data_Get_Struct'
  278 |     ((sval) = RBIMPL_CAST((type*)rb_data_object_get(obj)))
      |                                  ^
/opt/homebrew/Cellar/ruby/4.0.3/include/ruby-4.0.0/ruby/internal/core/rdata.h:370:31: note: expanded from macro 'rb_data_object_get'
  370 | #define rb_data_object_get    RUBY_MACRO_SELECT(rb_data_object_get_2, RUBY_UNTYPED_DATA_WARNING)
      |                               ^
/opt/homebrew/Cellar/ruby/4.0.3/include/ruby-4.0.0/ruby/internal/core/rdata.h:50:35: note: expanded from macro 'RUBY_MACRO_SELECT'
   50 | #define RUBY_MACRO_SELECT(x, y)   RBIMPL_MACRO_SELECT(x, y)
      |                                   ^
/opt/homebrew/Cellar/ruby/4.0.3/include/ruby-4.0.0/ruby/internal/core/rdata.h:49:35: note: expanded from macro 'RBIMPL_MACRO_SELECT'
   49 | #define RBIMPL_MACRO_SELECT(x, y) x ## y
      |                                   ^
<scratch space>:117:1: note: expanded from here
  117 | rb_data_object_get_1
      | ^
/opt/homebrew/Cellar/ruby/4.0.3/include/ruby-4.0.0/ruby/internal/core/rdata.h:368:31: note: expanded from macro 'rb_data_object_get_1'
  368 | #define rb_data_object_get_1  rb_data_object_get_warning
      |                               ^
/opt/homebrew/Cellar/ruby/4.0.3/include/ruby-4.0.0/ruby/internal/core/rdata.h:317:1: note: 'rb_data_object_get_warning' has been explicitly marked deprecated here
  317 | RBIMPL_ATTRSET_UNTYPED_DATA_FUNC()
      | ^
/opt/homebrew/Cellar/ruby/4.0.3/include/ruby-4.0.0/ruby/internal/core/rdata.h:47:5: note: expanded from macro 'RBIMPL_ATTRSET_UNTYPED_DATA_FUNC'
   47 |     RBIMPL_ATTR_DEPRECATED(("by TypedData"))
      |     ^
/opt/homebrew/Cellar/ruby/4.0.3/include/ruby-4.0.0/ruby/internal/attr/deprecated.h:36:53: note: expanded from macro 'RBIMPL_ATTR_DEPRECATED'
   36 | # define RBIMPL_ATTR_DEPRECATED(msg) __attribute__((__deprecated__ msg))
      |                                                     ^
Struct.c:531:5: warning: 'rb_data_object_get_warning' is deprecated: by TypedData [-Wdeprecated-declarations]
  531 |     Data_Get_Struct(array->arrayType->rbComponentType, Type, array->componentType);
      |     ^
/opt/homebrew/Cellar/ruby/4.0.3/include/ruby-4.0.0/ruby/internal/core/rdata.h:278:34: note: expanded from macro 'Data_Get_Struct'
  278 |     ((sval) = RBIMPL_CAST((type*)rb_data_object_get(obj)))
      |                                  ^
/opt/homebrew/Cellar/ruby/4.0.3/include/ruby-4.0.0/ruby/internal/core/rdata.h:370:31: note: expanded from macro 'rb_data_object_get'
  370 | #define rb_data_object_get    RUBY_MACRO_SELECT(rb_data_object_get_2, RUBY_UNTYPED_DATA_WARNING)
      |                               ^
/opt/homebrew/Cellar/ruby/4.0.3/include/ruby-4.0.0/ruby/internal/core/rdata.h:50:35: note: expanded from macro 'RUBY_MACRO_SELECT'
   50 | #define RUBY_MACRO_SELECT(x, y)   RBIMPL_MACRO_SELECT(x, y)
      |                                   ^
/opt/homebrew/Cellar/ruby/4.0.3/include/ruby-4.0.0/ruby/internal/core/rdata.h:49:35: note: expanded from macro 'RBIMPL_MACRO_SELECT'
   49 | #define RBIMPL_MACRO_SELECT(x, y) x ## y
      |                                   ^
<scratch space>:118:1: note: expanded from here
  118 | rb_data_object_get_1
      | ^
/opt/homebrew/Cellar/ruby/4.0.3/include/ruby-4.0.0/ruby/internal/core/rdata.h:368:31: note: expanded from macro 'rb_data_object_get_1'
  368 | #define rb_data_object_get_1  rb_data_object_get_warning
      |                               ^
/opt/homebrew/Cellar/ruby/4.0.3/include/ruby-4.0.0/ruby/internal/core/rdata.h:317:1: note: 'rb_data_object_get_warning' has been explicitly marked deprecated here
  317 | RBIMPL_ATTRSET_UNTYPED_DATA_FUNC()
      | ^
/opt/homebrew/Cellar/ruby/4.0.3/include/ruby-4.0.0/ruby/internal/core/rdata.h:47:5: note: expanded from macro 'RBIMPL_ATTRSET_UNTYPED_DATA_FUNC'
   47 |     RBIMPL_ATTR_DEPRECATED(("by TypedData"))
      |     ^
/opt/homebrew/Cellar/ruby/4.0.3/include/ruby-4.0.0/ruby/internal/attr/deprecated.h:36:53: note: expanded from macro 'RBIMPL_ATTR_DEPRECATED'
   36 | # define RBIMPL_ATTR_DEPRECATED(msg) __attribute__((__deprecated__ msg))
      |                                                     ^
Struct.c:553:5: warning: 'rb_data_object_get_warning' is deprecated: by TypedData [-Wdeprecated-declarations]
  553 |     Data_Get_Struct(self, InlineArray, array);
      |     ^
/opt/homebrew/Cellar/ruby/4.0.3/include/ruby-4.0.0/ruby/internal/core/rdata.h:278:34: note: expanded from macro 'Data_Get_Struct'
  278 |     ((sval) = RBIMPL_CAST((type*)rb_data_object_get(obj)))
      |                                  ^
/opt/homebrew/Cellar/ruby/4.0.3/include/ruby-4.0.0/ruby/internal/core/rdata.h:370:31: note: expanded from macro 'rb_data_object_get'
  370 | #define rb_data_object_get    RUBY_MACRO_SELECT(rb_data_object_get_2, RUBY_UNTYPED_DATA_WARNING)
      |                               ^
/opt/homebrew/Cellar/ruby/4.0.3/include/ruby-4.0.0/ruby/internal/core/rdata.h:50:35: note: expanded from macro 'RUBY_MACRO_SELECT'
   50 | #define RUBY_MACRO_SELECT(x, y)   RBIMPL_MACRO_SELECT(x, y)
      |                                   ^
/opt/homebrew/Cellar/ruby/4.0.3/include/ruby-4.0.0/ruby/internal/core/rdata.h:49:35: note: expanded from macro 'RBIMPL_MACRO_SELECT'
   49 | #define RBIMPL_MACRO_SELECT(x, y) x ## y
      |                                   ^
<scratch space>:119:1: note: expanded from here
  119 | rb_data_object_get_1
      | ^
/opt/homebrew/Cellar/ruby/4.0.3/include/ruby-4.0.0/ruby/internal/core/rdata.h:368:31: note: expanded from macro 'rb_data_object_get_1'
  368 | #define rb_data_object_get_1  rb_data_object_get_warning
      |                               ^
/opt/homebrew/Cellar/ruby/4.0.3/include/ruby-4.0.0/ruby/internal/core/rdata.h:317:1: note: 'rb_data_object_get_warning' has been explicitly marked deprecated here
  317 | RBIMPL_ATTRSET_UNTYPED_DATA_FUNC()
      | ^
/opt/homebrew/Cellar/ruby/4.0.3/include/ruby-4.0.0/ruby/internal/core/rdata.h:47:5: note: expanded from macro 'RBIMPL_ATTRSET_UNTYPED_DATA_FUNC'
   47 |     RBIMPL_ATTR_DEPRECATED(("by TypedData"))
      |     ^
/opt/homebrew/Cellar/ruby/4.0.3/include/ruby-4.0.0/ruby/internal/attr/deprecated.h:36:53: note: expanded from macro 'RBIMPL_ATTR_DEPRECATED'
   36 | # define RBIMPL_ATTR_DEPRECATED(msg) __attribute__((__deprecated__ msg))
      |                                                     ^
Struct.c:578:5: warning: 'rb_data_object_get_warning' is deprecated: by TypedData [-Wdeprecated-declarations]
  578 |     Data_Get_Struct(self, InlineArray, array);
      |     ^
/opt/homebrew/Cellar/ruby/4.0.3/include/ruby-4.0.0/ruby/internal/core/rdata.h:278:34: note: expanded from macro 'Data_Get_Struct'
  278 |     ((sval) = RBIMPL_CAST((type*)rb_data_object_get(obj)))
      |                                  ^
/opt/homebrew/Cellar/ruby/4.0.3/include/ruby-4.0.0/ruby/internal/core/rdata.h:370:31: note: expanded from macro 'rb_data_object_get'
  370 | #define rb_data_object_get    RUBY_MACRO_SELECT(rb_data_object_get_2, RUBY_UNTYPED_DATA_WARNING)
      |                               ^
/opt/homebrew/Cellar/ruby/4.0.3/include/ruby-4.0.0/ruby/internal/core/rdata.h:50:35: note: expanded from macro 'RUBY_MACRO_SELECT'
   50 | #define RUBY_MACRO_SELECT(x, y)   RBIMPL_MACRO_SELECT(x, y)
      |                                   ^
/opt/homebrew/Cellar/ruby/4.0.3/include/ruby-4.0.0/ruby/internal/core/rdata.h:49:35: note: expanded from macro 'RBIMPL_MACRO_SELECT'
   49 | #define RBIMPL_MACRO_SELECT(x, y) x ## y
      |                                   ^
<scratch space>:120:1: note: expanded from here
  120 | rb_data_object_get_1
      | ^
/opt/homebrew/Cellar/ruby/4.0.3/include/ruby-4.0.0/ruby/internal/core/rdata.h:368:31: note: expanded from macro 'rb_data_object_get_1'
  368 | #define rb_data_object_get_1  rb_data_object_get_warning
      |                               ^
/opt/homebrew/Cellar/ruby/4.0.3/include/ruby-4.0.0/ruby/internal/core/rdata.h:368:31: note: expanded from macro 'rb_data_object_get_1'
  368 | #define rb_data_object_get_1  rb_data_object_get_warning
      |                               ^
/opt/homebrew/Cellar/ruby/4.0.3/include/ruby-4.0.0/ruby/internal/core/rdata.h:317:1: note: 'rb_data_object_get_warning' has been explicitly marked deprecated here/opt/homebrew/Cellar/ruby/4.0.3/include/ruby-4.0.0/ruby/internal/core/rdata.h:317:1: note: 'rb_data_object_get_warning' has been explicitly marked deprecated here
  317 | RBIMPL_ATTRSET_UNTYPED_DATA_FUNC()
      | ^
/opt/homebrew/Cellar/ruby/4.0.3/include/ruby-4.0.0/ruby/internal/core/rdata.h:47:5: note: expanded from macro 'RBIMPL_ATTRSET_UNTYPED_DATA_FUNC'
   47 |     RBIMPL_ATTR_DEPRECATED(("by TypedData"))
      |     ^
/opt/homebrew/Cellar/ruby/4.0.3/include/ruby-4.0.0/ruby/internal/attr/deprecated.h:36:53: note: expanded from macro 'RBIMPL_ATTR_DEPRECATED'
   36 | # define RBIMPL_ATTR_DEPRECATED(msg) __attribute__((__deprecated__ msg))
      |                                                     ^
Struct.c:614:5: warning: 'rb_data_object_get_warning' is deprecated: by TypedData [-Wdeprecated-declarations]
  614 |     Data_Get_Struct(self, InlineArray, array);
      |     ^
/opt/homebrew/Cellar/ruby/4.0.3/include/ruby-4.0.0/ruby/internal/core/rdata.h:278:34: note: expanded from macro 'Data_Get_Struct'
  278 |     ((sval) = RBIMPL_CAST((type*)rb_data_object_get(obj)))
      |                                  ^
/opt/homebrew/Cellar/ruby/4.0.3/include/ruby-4.0.0/ruby/internal/core/rdata.h:370:31: note: expanded from macro 'rb_data_object_get'
  370 | #define rb_data_object_get    RUBY_MACRO_SELECT(rb_data_object_get_2, RUBY_UNTYPED_DATA_WARNING)
      |                               ^
/opt/homebrew/Cellar/ruby/4.0.3/include/ruby-4.0.0/ruby/internal/core/rdata.h:50:35: note: expanded from macro 'RUBY_MACRO_SELECT'
   50 | #define RUBY_MACRO_SELECT(x, y)   RBIMPL_MACRO_SELECT(x, y)
      |                                   ^
/opt/homebrew/Cellar/ruby/4.0.3/include/ruby-4.0.0/ruby/internal/core/rdata.h:49:35: note: expanded from macro 'RBIMPL_MACRO_SELECT'
   49 | #define RBIMPL_MACRO_SELECT(x, y) x ## y
      |                                   ^
<scratch space>:121:1: note: expanded from here
  121 | rb_data_object_get_1
      | ^
/opt/homebrew/Cellar/ruby/4.0.3/include/ruby-4.0.0/ruby/internal/core/rdata.h:368:31: note: expanded from macro 'rb_data_object_get_1'
  368 | #define rb_data_object_get_1  rb_data_object_get_warning
      |                               ^
/opt/homebrew/Cellar/ruby/4.0.3/include/ruby-4.0.0/ruby/internal/core/rdata.h:317:1: note: 'rb_data_object_get_warning' has been explicitly marked deprecated here
  317 | RBIMPL_ATTRSET_UNTYPED_DATA_FUNC()
      | ^
/opt/homebrew/Cellar/ruby/4.0.3/include/ruby-4.0.0/ruby/internal/core/rdata.h:47:5: note: expanded from macro 'RBIMPL_ATTRSET_UNTYPED_DATA_FUNC'
   47 |     RBIMPL_ATTR_DEPRECATED(("by TypedData"))
      |     ^
/opt/homebrew/Cellar/ruby/4.0.3/include/ruby-4.0.0/ruby/internal/attr/deprecated.h:36:53: note: expanded from macro 'RBIMPL_ATTR_DEPRECATED'
   36 | # define RBIMPL_ATTR_DEPRECATED(msg) __attribute__((__deprecated__ msg))
      |                                                     ^
Struct.c:636:9: warning: 'rb_data_object_get_warning' is deprecated: by TypedData [-Wdeprecated-declarations]
  636 |         Data_Get_Struct(rbValue, Struct, s);
      |         ^
/opt/homebrew/Cellar/ruby/4.0.3/include/ruby-4.0.0/ruby/internal/core/rdata.h:278:34: note: expanded from macro 'Data_Get_Struct'
  278 |     ((sval) = RBIMPL_CAST((type*)rb_data_object_get(obj)))
      |                                  ^
/opt/homebrew/Cellar/ruby/4.0.3/include/ruby-4.0.0/ruby/internal/core/rdata.h:370:31: note: expanded from macro 'rb_data_object_get'
  370 | #define rb_data_object_get    RUBY_MACRO_SELECT(rb_data_object_get_2, RUBY_UNTYPED_DATA_WARNING)
      |                               ^
/opt/homebrew/Cellar/ruby/4.0.3/include/ruby-4.0.0/ruby/internal/core/rdata.h:50:35: note: expanded from macro 'RUBY_MACRO_SELECT'
   50 | #define RUBY_MACRO_SELECT(x, y)   RBIMPL_MACRO_SELECT(x, y)
      |                                   ^
/opt/homebrew/Cellar/ruby/4.0.3/include/ruby-4.0.0/ruby/internal/core/rdata.h:49:35: note: expanded from macro 'RBIMPL_MACRO_SELECT'
   49 | #define RBIMPL_MACRO_SELECT(x, y) x ## y
      |                                   ^
<scratch space>:122:1: note: expanded from here
  122 | rb_data_object_get_1
      | ^
/opt/homebrew/Cellar/ruby/4.0.3/include/ruby-4.0.0/ruby/internal/core/rdata.h:368:31: note: expanded from macro 'rb_data_object_get_1'
  368 | #define rb_data_object_get_1  rb_data_object_get_warning
      |                               ^
/opt/homebrew/Cellar/ruby/4.0.3/include/ruby-4.0.0/ruby/internal/core/rdata.h:317:1: note: 'rb_data_object_get_warning' has been explicitly marked deprecated here
  317 | RBIMPL_ATTRSET_UNTYPED_DATA_FUNC()
      | ^
/opt/homebrew/Cellar/ruby/4.0.3/include/ruby-4.0.0/ruby/internal/core/rdata.h:47:5: note: expanded from macro 'RBIMPL_ATTRSET_UNTYPED_DATA_FUNC'
   47 |     RBIMPL_ATTR_DEPRECATED(("by TypedData"))
      |     ^
/opt/homebrew/Cellar/ruby/4.0.3/include/ruby-4.0.0/ruby/internal/attr/deprecated.h:36:53: note: expanded from macro 'RBIMPL_ATTR_DEPRECATED'
   36 | # define RBIMPL_ATTR_DEPRECATED(msg) __attribute__((__deprecated__ msg))
      |                                                     ^
Struct.c:644:9: warning: 'rb_data_object_get_warning' is deprecated: by TypedData [-Wdeprecated-declarations]
  644 |         Data_Get_Struc
t(array->field->rbType, ArrayType, arrayType);
      |         ^
/opt/homebrew/Cellar/ruby/4.0.3/include/ruby-4.0.0/ruby/internal/core/rdata.h:278:34: note: expanded from macro 'Data_Get_Struct'
  278 |     ((sval) = RBIMPL_CAST((type*)rb_data_object_get(obj)))
      |                                  ^
/opt/homebrew/Cellar/ruby/4.0.3/include/ruby-4.0.0/ruby/internal/core/rdata.h:370:31: note: expanded from macro 'rb_data_object_get'
  370 | #define rb_d  317 | RBIMPL_ATTRSET_UNata_object_get    RUBY_MACRO_SELECT(rb_data_object_get_2, RUBY_UNTYPED_DATA_WARNING)
      |                               ^
/opt/homebrew/Cellar/ruby/4.0.3/include/ruby-4.0.0/ruby/internal/core/rdata.h:50:35: note: expanded from macro 'RUBY_MACRO_SELECT'
   50 | #define RUBY_MACRO_SELECT(x, y)   RBIMPL_MACRO_SELECT(x, y)
      |                                   ^
/opt/homebrew/Cellar/ruby/4.0.3/include/ruby-4.0.0/ruby/internal/core/rdata.h:49:35: note: expanded from macro 'RBIMPL_MACRO_SELECT'
   49 | #define RBIMPL_MACRO_SELECT(x, y) x ## y
      |                                   ^
<scratch space>:123:1: note: expanded from here
  123 | rb_data_object_get_1
      | ^
/opt/homebrew/Cellar/ruby/4.0.3/include/ruby-4.0.0/ruby/internal/core/rdata.h:368:31: note: expanded from macro 'rb_data_object_get_1'
  368 | #define rb_data_object_get_1  rb_data_object_get_warning
      |                               ^
/opt/homebrew/Cellar/ruby/4.0.3/include/ruby-4.0.0/ruby/internal/core/rdata.h:317:1: note: 'rb_data_object_get_warning' has been explicitly marked deprecated here
  317 | RBIMPL_ATTRSET_UNTYPED_DATA_FUNC()
      | ^
/opt/homebrew/Cellar/ruby/4.0.3/include/ruby-4.0.0/ruby/internal/core/rdata.h:47:5: note: expanded from macro 'RBIMPL_ATTRSET_UNTYPED_DATA_FUNC'
   47 |     RBIMPL_ATTR_DEPRECATED(("by TypedData"))
      |     ^
/opt/homebrew/Cellar/ruby/4.0.3/include/ruby-4.0.0/ruby/internal/attr/deprecated.h:36:53: note: expanded from macro 'RBIMPL_ATTR_DEPRECATED'
   36 | # define RBIMPL_ATTR_DEPRECATED(msg) __attribute__((__deprecated__ msg))
      |                                                     ^
TYPED_DAStruct.c:664:5: warning: 'rb_data_object_get_warning' is deprecated: by TypedData [-Wdeprecated-declarations]
  664 | T    Data_Get_Struct(self, InlineArray, array);
      |     ^
/opt/homebrew/Cellar/ruby/4.0.3/include/ruby-4.0.0/ruby/internal/core/rdata.h:278:34: note: expanded from macro 'Data_Get_Struct'
  278 |     ((sval) = RBIMPL_CAST((type*)rb_data_object_get(obj)))
      |                                  ^
/opt/homebrew/Cellar/ruby/4.0.3/include/ruby-4.0.0/ruby/internal/core/rdata.h:370:31: note: expanded from macro 'rb_data_object_get'
  370 | #define rb_data_object_get    RUBY_MACRO_SELECT(rb_data_object_get_2, RUBY_UNTYPED_DATA_WARNING)
      |                               ^
/opt/homebrew/Cellar/ruby/4.0.3/include/ruby-4.0.0/ruby/internal/core/rdata.h:50:35: note: expanded from macro 'RUBY_MACRO_SELECT'
   50 | #define RUBY_MACRO_SELECT(x, y)   RBIMPL_MACRO_SELECT(x, y)
      |                                   ^
/opt/homebrew/Cellar/ruby/4.0.3/include/ruby-4.0.0/ruby/internal/core/rdata.h:49:35: note: expanded from macro 'RBIMPL_MACRO_SELECT'
   49 | #define RBIMPL_MACRO_SELECT(x, y) x ## y
      |                                   ^
<scratch space>:124:1: note: expanded from here
  124 | rb_data_object_get_1
      | ^
/opt/homebrew/Cellar/ruby/4.0.3/include/ruby-4.0.0/ruby/internal/core/rdata.h:368:31: note: expanded from macro 'rb_data_object_get_1'
  368 | #define rb_data_object_get_1  rb_data_object_get_warning
      |                               ^
/opt/homebrew/Cellar/ruby/4.0.3/include/ruby-4.0.0/ruby/internal/core/rdata.h:317:1: note: 'rb_data_object_get_warning' has been explicitly marked deprecated here
  317 | RBIMPL_ATTRSET_UNTYPED_DATA_FUNC()
      | ^
/opt/homebrew/Cellar/ruby/4.0.3/include/ruby-4.0.0/ruby/internal/core/rdata.h:47:5: note: expanded from macro 'RBIMPL_ATTRSET_UNTYPED_DATA_FUNC'
   47 |     RBIMPL_ATTR_DEPRECATED(("by TypedData"))
      |     ^
/opt/homebrew/Cellar/ruby/4.0.3/include/ruby-4.0.0/ruby/internal/attr/deprecated.h:36:53: note: expanded from macro 'RBIMPL_ATTR_DEPRECATED'
   36 | # define RBIMPL_ATTR_DEPRECATED(msg) __attribute__((__deprecated__ msg))
      |                                                     ^
Struct.c:685:5: warning: 'rb_data_object_get_warning' is deprecated: by TypedData [-Wdeprecated-declarations]
  685 |     Data_Get_Struct(self, InlineArray, array);
      |     ^
/opt/homebrew/Cellar/ruby/4.0.3/include/ruby-4.0.0/ruby/internal/core/rdata.h:278:34: note: expanded from macro 'Data_Get_Struct'
  278 |     ((sval) = RBIMPL_CAST((type*)rb_data_object_get(obj)))
      |                                  ^
/opt/homebrew/Cellar/ruby/4.0.3/include/ruby-4.0.0/ruby/internal/core/rdata.h:370:31: note: expanded from macro 'rb_data_object_get'
  370 | #define rb_data_object_get    RUBY_MACRO_SELECT(rb_data_object_get_2, RUBY_UNTYPED_DATA_WARNING)
      |                               ^
/opt/homebrew/Cellar/ruby/4.0.3/include/ruby-4.0.0/ruby/internal/core/rdata.h:50:35: note: expanded from macro 'RUBY_MACRO_SELECT'
   50 | #define RUBY_MACRO_SELECT(x, y)   RBIMPL_MACRO_SELECT(x, y)
      |                                   ^
/opt/homebrew/Cellar/ruby/4.0.3/include/ruby-4.0.0/ruby/internal/core/rdata.h:49:35: note: expanded from macro 'RBIMPL_MACRO_SELECT'
   49 | #define RBIMPL_MACRO_SELECT(x, y) x ## y
      |                                   ^
<scratch space>:125:1: note: expanded from here
  125 | rb_data_object_get_1
      | ^
/opt/homebrew/Cellar/ruby/4.0.3/include/ruby-4.0.0/ruby/internal/core/rdata.h:368:31: note: expanded from macro 'rb_data_object_get_1'
  368 | #define rb_data_object_get_1  rb_data_object_get_warning
      |                               ^
/opt/homebrew/Cellar/ruby/4.0.3/include/ruby-4.0.0/ruby/internal/core/rdata.h:317:1: note: 'rb_data_object_get_warning' has been explicitly marked deprecated here
  317 | RBIMPL_ATTRSET_UNTYPED_DATA_FUNC()
      | ^
/opt/homebrew/Cellar/ruby/4.0.3/include/ruby-4.0.0/ruby/internal/core/rdata.h:47:5: note: expanded from macro 'RBIMPL_ATTRSET_UNTYPED_DATA_FUNC'
   47 |     RBIMPL_ATTR_DEPRECATED(("by TypedData"))
      |     ^
/opt/homebrew/Cellar/ruby/4.0.3/include/ruby-4.0.0/ruby/internal/attr/deprecated.h:36:53: note: expanded from macro 'RBIMPL_ATTR_DEPRECATED'
   36 | # define RBIMPL_ATTR_DEPRECATED(msg) __attribute__((__deprecated__ msg))
      |                                                     ^
Struct.c:708:5: warning: 'rb_data_object_get_warning' is deprecated: by TypedData [-Wdeprecated-declarations]
  708 |     Data_Get_Struct(self, InlineArray, array);
      |     ^
/opt/homebrew/Cellar/ruby/4.0.3/include/ruby-4.0.0/ruby/internal/core/rdata.h:278:34: note: expanded from macro 'Data_Get_Struct'
  278 |     ((sval) = RBIMPL_CAST((type*)rb_data_object_get(obj)))
      |                                  ^
/opt/homebrew/Cellar/ruby/4.0.3/include/ruby-4.0.0/ruby/internal/core/rdata.h:370:31: note: expanded from macro 'rb_data_object_get'
  370 | #define rb_data_object_get    RUBY_MACRO_SELECT(rb_data_object_get_2, RUBY_UNTYPED_DATA_WARNING)
      |                               ^
/opt/homebrew/Cellar/ruby/4.0.3/include/ruby-4.0.0/ruby/internal/core/rdata.h:50:35: note: expanded from macro 'RUBY_MACRO_SELECT'
   50 | #define RUBY_MACRO_SELECT(x, y)   RBIMPL_MACRO_SELECT(x, y)
      |                                   ^
/opt/homebrew/Cellar/ruby/4.0.3/include/ruby-4.0.0/ruby/internal/core/rdata.h:49:35: note: expanded from macro 'RBIMPL_MACRO_SELECT'
   49 | #define RBIMPL_MACRO_SELECT(x, y) x ## y
      |                                   ^
<scratch space>:126:1: note: expanded from here
  126 | rb_data_object_get_1
      | ^
/opt/homebrew/Cellar/ruby/4.0.3/include/ruby-4.0.0/ruby/internal/core/rdata.h:368:31: note: expanded from macro 'rb_data_object_get_1'
  368 | #define rb_data_object_get_1  rb_data_object_get_warning
      |                               ^
/opt/homebrew/Cellar/ruby/4.0.3/include/ruby-4.0.0/ruby/internal/core/rdata.h:317:1: note: 'rb_data_object_get_warning' has been explicitly marked deprecated here
  317 | RBIMPL_ATTRSET_UNTYPED_DATA_FUNC()
      | ^
/opt/homebrew/Cellar/ruby/4.0.3/include/ruby-4.0.0/ruby/internal/core/rdata.h:47:5: note: expanded from macro 'RBIMPL_ATTRSET_UNTYPED_DATA_FUNC'
   47 |     RBIMPL_ATTR_DEPRECATED(("by TypedData"))
      |     ^
/opt/homebrew/Cellar/ruby/4.0.3/include/ruby-4.0.0/ruby/internal/attr/deprecated.h:36:53: note: expanded from macro 'RBIMPL_ATTR_DEPRECATED'
   36 | # define RBIMPL_ATTR_DEPRECATED(msg) __attribute__((__deprecated__ msg))
      |                                                     ^
Struct.c:731:5: warning: 'rb_data_object_get_warning' is deprecated: by TypedData [-Wdeprecated-declarations]
  731 |     DatAa__GFeUtN_CS(t)r
u      c| t^(
self, InlineArray, array);
      |     ^
/opt/homebrew/Cellar/ruby/4.0.3/include/ruby-4.0.0/ruby/internal/core/rdata.h:47:5: note: expanded from macro 'RBIMPL_ATTRSET_UNTYPED_DATA_FUNC'
   47 |     RBIMPL_ATTR_DEPRECATED(("by TypedData"))
      |     ^
/opt/homebrew/Cellar/ruby/4.0.3/include/ruby-4.0.0/ruby/internal/attr/deprecated.h:36:53: note: expanded from macro 'RBIMPL_ATTR_DEPRECATED'
   36 | # define RBIMPL_ATTR_DEPRECATED(msg) __a/opt/homebrew/Cellar/ruby/4.0.3/include/ruby-4.0.0/ruby/internal/core/rdata.h:278:34: note: expanded from macro 'Data_Get_Struct'
  278 |     ((sval) = RBIMPL_CAST((type*)rb_data_object_get(obj)))
      |                                  ^
/opt/homebrew/Cellar/ruby/4.0.3/include/ruby-4.0.0/ruby/internal/core/rdata.h:370:31: note: expanded from macro 'rb_data_object_get'
  370 | #define rb_data_object_get    RUBY_MACRO_SELECT(rb_data_object_get_2, RUBY_UNTYPED_DATA_WARNING)
      |                               ^
/opt/homebrew/Cellar/ruby/4.0.3/include/ruby-4.0.0/ruby/internal/core/rdata.h:50:35: note: expanded from macro 'RUBY_MACRO_SELECT'
   50 | #define RUBY_MACRO_SELECT(x, y)   RBIMPL_MACRO_SELECT(x, y)
      |                                   ^
/opt/homebrew/Cellar/ruby/4.0.3/include/ruby-4.0.0/ruby/internal/core/rdata.h:49:35: note: expanded from macro 'RBIMPL_MACRO_SELECT'
   49 | #define RBIMPL_MACRO_SELECT(ttribute__((__deprecated__ msg))
      |                                                     ^
x, y) x ## y
      |                                   ^
<scratch space>:127:1: note: expanded from here
  127 | rb_data_object_get_1
      | ^
/opt/homebrew/Cellar/ruby/4.0.3/include/ruby-4.0.0/ruby/internal/core/rdata.h:368:31: note: expanded from macro 'rb_data_object_get_1'
  368 | #define rb_data_object_get_1  rb_data_object_get_warning
      |                               ^
/opt/homebrew/Cellar/ruby/4.0.3/include/ruby-4.0.0/ruby/internal/core/rdata.h:317:1: note: 'rb_data_object_get_warning' has been explicitly marked deprecated here
  317 | RBIMPL_ATTRSET_UNTYPED_DATA_FUNC()
      | ^
/opt/homebrew/Cellar/ruby/4.0.3/include/ruby-4.0.0/ruby/internal/core/rdata.h:47:5: note: expanded from macro 'RBIMPL_ATTRSET_UNTYPED_DATA_FUNC'
   47 |     RBIMPL_ATTR_DEPRECATED(("by TypedData"))
      |     ^
/opt/homebrew/Cellar/ruby/4.0.3/include/ruby-4.0.0/ruby/internal/attr/deprecated.h:36:53: note: expanded from macro 'RBIMPL_ATTR_DEPRECATED'
   36 | # define RBIMPL_ATTR_DEPRECATED(msg) __attribute__((__deprecated__ msg))
      |                                                     ^
Type.c:178:5: warning: 'rb_data_object_get_warning' is deprecated: by TypedData [-Wdeprecated-declarations]
  178 |     Data_Get_Struct(self, BuiltinType, type);
      |     ^
/opt/homebrew/Cellar/ruby/4.0.3/include/ruby-4.0.0/ruby/internal/core/rdata.h:278:34: note: expanded from macro 'Data_Get_Struct'
  278 |     ((sval) = RBIMPL_CAST((type*)rb_data_object_get(obj)))
      |                                  ^
/opt/homebrew/Cellar/ruby/4.0.3/include/ruby-4.0.0/ruby/internal/core/rdata.h:370:31: note: expanded from macro 'rb_data_object_get'
  370 | #define rb_data_object_get    RUBY_MACRO_SELECT(rb_data_object_get_2, RUBY_UNTYPED_DATA_WARNING)
      |                               ^
/opt/homebrew/Cellar/ruby/4.0.3/include/ruby-4.0.0/ruby/internal/core/rdata.h:50:35: note: expanded from macro 'RUBY_MACRO_SELECT'
   50 | #define RUBY_MACRO_SELECT(x, y)   RBIMPL_MACRO_SELECT(x, y)
      |                                   ^
/opt/homebrew/Cellar/ruby/4.0.3/include/ruby-4.0.0/ruby/internal/core/rdata.h:49:35: note: expanded from macro 'RBIMPL_MACRO_SELECT'
   49 | #define RBIMPL_MACRO_SELECT(x, y) x ## y
      |                                   ^
<scratch space>:87:1: note: expanded from here
   87 | rb_data_object_get_1
      | ^
/opt/homebrew/Cellar/ruby/4.0.3/include/ruby-4.0.0/ruby/internal/core/rdata.h:368:31: note: expanded from macro 'rb_data_object_get_1'
  368 | #define rb_data_object_get_1  rb_data_object_get_warning
      |                               ^
/opt/homebrew/Cellar/ruby/4.0.3/include/ruby-4.0.0/ruby/internal/core/rdata.h:317:1: note: 'rb_data_object_get_warning' has been explicitly marked deprecated here
  317 | RBIMPL_ATTRSET_UNTYPED_DATA_FUNC()
      | ^
/opt/homebrew/Cellar/ruby/4.0.3/include/ruby-4.0.0/ruby/internal/core/rdata.h:47:5: note: expanded from macro 'RBIMPL_ATTRSET_UNTYPED_DATA_FUNC'
   47 |     RBIMPL_ATTR_DEPRECATED(("by TypedData"))
      |     ^
/opt/homebrew/Cellar/ruby/4.0.3/include/ruby-4.0.0/ruby/internal/attr/deprecated.h:36:53: note: expanded from macro 'RBIMPL_ATTR_DEPRECATED'
   36 | # define RBIMPL_ATTR_DEPRECATED(msg) __attribute__((__deprecated__ msg))
      |                                                     ^
Type.c:201:17: warning: 'rb_data_object_get_warning' is deprecated: by TypedData [-Wdeprecated-declarations]
  201 |                 Data_Get_Struct(nType, Type, type);
      |                 ^
/opt/homebrew/Cellar/ruby/4.0.3/include/ruby-4.0.0/ruby/internal/core/rdata.h:278:34: note: expanded from macro 'Data_Get_Struct'
  278 |     ((sval) = RBIMPL_CAST((type*)rb_data_object_get(obj)))
      |                                  ^
/opt/homebrew/Cellar/ruby/4.0.3/include/ruby-4.0.0/ruby/internal/core/rdata.h:370:31: note: expanded from macro 'rb_data_object_get'
  370 | #define rb_data_object_get    RUBY_MACRO_SELECT(rb_data_object_get_2, RUBY_UNTYPED_DATA_WARNING)
      |                               ^
/opt/homebrew/Cellar/ruby/4.0.3/include/ruby-4.0.0/ruby/internal/core/rdata.h:50:35: note: expanded from macro 'RUBY_MACRO_SELECT'
   50 | #define RUBY_MACRO_SELECT(x, y)   RBIMPL_MACRO_SELECT(x, y)
      |                                   ^
/opt/homebrew/Cellar/ruby/4.0.3/include/ruby-4.0.0/ruby/internal/core/rdata.h:49:35: note: expanded from macro 'RBIMPL_MACRO_SELECT'
   49 | #define RBIMPL_MACRO_SELECT(x, y) x ## y
      |                                   ^
<scratch space>:88:1: note: expanded from here
   88 | rb_data_object_get_1
      | ^
/opt/homebrew/Cellar/ruby/4.0.3/include/ruby-4.0.0/ruby/internal/core/rdata.h:368:31: note: expanded from macro 'rb_data_object_get_1'
  368 | #define rb_data_object_get_1  rb_data_object_get_warning
      |                               ^
/opt/homebrew/Cellar/ruby/4.0.3/include/ruby-4.0.0/ruby/internal/core/rdata.h:317:1: note: 'rb_data_object_get_warning' has been explicitly marked deprecated here
  317 | RBIMPL_ATTRSET_UNTYPED_DATA_FUNC()
      | ^
/opt/homebrew/Cellar/ruby/4.0.3/include/ruby-4.0.0/ruby/internal/core/rdata.h:47:5: note: expanded from macro 'RBIMPL_ATTRSET_UNTYPED_DATA_FUNC'
   47 |     RBIMPL_ATTR_DEPRECATED(("by TypedData"))
      |     ^
/opt/homebrew/Cellar/ruby/4.0.3/include/ruby-4.0.0/ruby/internal/attr/deprecated.h:36:53: note: expanded from macro 'RBIMPL_ATTR_DEPRECATED'
   36 | # define RBIMPL_ATTR_DEPRECATED(msg) __attribute__((__deprecated__ msg))
      |                                                     ^
15 warnings generated.
Types.c:100:13: warning: 'rb_data_object_get_warning' is deprecated: by TypedData [-Wdeprecated-declarations]
  100 |             Data_Get_Struct(rbMemory, AbstractMemory, mem);
      |             ^
/opt/homebrew/Cellar/ruby/4.0.3/include/ruby-4.0.0/ruby/internal/core/rdata.h:278:34: note: expanded from macro 'Data_Get_Struct'
  278 |     ((sval) = RBIMPL_CAST((type*)rb_data_object_get(obj)))
      |                                  ^
/opt/homebrew/Cellar/ruby/4.0.3/include/ruby-4.0.0/ruby/internal/core/rdata.h:370:31: note: expanded from macro 'rb_data_object_get'
  370 | #define rb_data_object_get    RUBY_MACRO_SELECT(rb_data_object_get_2, RUBY_UNTYPED_DATA_WARNING)
      |                               ^
/opt/homebrew/Cellar/ruby/4.0.3/include/ruby-4.0.0/ruby/internal/core/rdata.h:50:35: note: expanded from macro 'RUBY_MACRO_SELECT'
   50 | #define RUBY_MACRO_SELECT(x, y)   RBIMPL_MACRO_SELECT(x, y)
      |                                   ^
/opt/homebrew/Cellar/ruby/4.0.3/include/ruby-4.0.0/ruby/internal/core/rdata.h:49:35: note: expanded from macro 'RBIMPL_MACRO_SELECT'
   49 | #define RBIMPL_MACRO_SELECT(x, y) x ## y
      |                                   ^
<scratch space>:100:1: note: expanded from here
  100 | rb_data_object_get_1
      | ^
/opt/homebrew/Cellar/ruby/4.0.3/include/ruby-4.0.0/ruby/internal/core/rdata.h:368:31: note: expanded from macro 'rb_data_object_get_1'
  368 | #define rb_data_object_get_1  rb_data_object_get_warning
      |                               ^
/opt/homebrew/Cellar/ruby/4.0.3/include/ruby-4.0.0/ruby/internal/core/rdata.h:317:1: note: 'rb_data_object_get_warning' has been explicitly marked deprecated here
  317 | RBIMPL_ATTRSET_UNTYPED_DATA_FUNC()
      | ^
/opt/homebrew/Cellar/ruby/4.0.3/include/ruby-4.0.0/ruby/internal/core/rdata.h:47:5: note: expanded from macro 'RBIMPL_ATTRSET_UNTYPED_DATA_FUNC'
   47 |     RBIMPL_ATTR_DEPRECATED(("by TypedData"))
      |     ^
/opt/homebrew/Cellar/ruby/4.0.3/include/ruby-4.0.0/ruby/internal/attr/deprecated.h:36:53: note: expanded from macro 'RBIMPL_ATTR_DEPRECATED'
   36 | # define RBIMPL_ATTR_DEPRECATED(msg) __attribute__((__deprecated__ msg))
      |                                                     ^
Variadic.c:111:5: warning: 'rb_data_object_get_warning' is deprecated: by TypedData [-Wdeprecated-declarations]
  111 |     Data_Get_Struct(self, VariadicInvoker, invoker);
      |     ^
/opt/homebrew/Cellar/ruby/4.0.3/include/ruby-4.0.0/ruby/internal/core/rdata.h:278:34: note: expanded from macro 'Data_Get_Struct'
  278 |     ((sval) = RBIMPL_CAST((type*)rb_data_object_get(obj)))
      |                                  ^
/opt/homebrew/Cellar/ruby/4.0.3/include/ruby-4.0.0/ruby/internal/core/rdata.h:370:31: note: expanded from macro 'rb_data_object_get'
  370 | #define rb_data_object_get    RUBY_MACRO_SELECT(rb_data_object_get_2, RUBY_UNTYPED_DATA_WARNING)
      |                               ^
/opt/homebrew/Cellar/ruby/4.0.3/include/ruby-4.0.0/ruby/internal/core/rdata.h:50:35: note: expanded from macro 'RUBY_MACRO_SELECT'
   50 | #define RUBY_MACRO_SELECT(x, y)   RBIMPL_MACRO_SELECT(x, y)
      |                                   ^
/opt/homebrew/Cellar/ruby/4.0.3/include/ruby-4.0.0/ruby/internal/core/rdata.h:49:35: note: expanded from macro 'RBIMPL_MACRO_SELECT'
   49 | #define RBIMPL_MACRO_SELECT(x, y) x ## y
      |                                   ^
<scratch space>:100:1: note: expanded from here
  100 | rb_data_object_get_1
      | ^
/opt/homebrew/Cellar/ruby/4.0.3/include/ruby-4.0.0/ruby/internal/core/rdata.h:368:31: note: expanded from macro 'rb_data_object_get_1'
  368 | #define rb_data_object_get_1  rb_data_object_get_warning
      |                               ^
/opt/homebrew/Cellar/ruby/4.0.3/include/ruby-4.0.0/ruby/internal/core/rdata.h:317:1: note: 'rb_data_object_get_warning' has been explicitly marked deprecated here
  317 | RBIMPL_ATTRSET_UNTYPED_DATA_FUNC()
      | ^
/opt/homebrew/Cellar/ruby/4.0.3/include/ruby-4.0.0/ruby/internal/core/rdata.h:47:5: note: expanded from macro 'RBIMPL_ATTRSET_UNTYPED_DATA_FUNC'
   47 |     RBIMPL_ATTR_DEPRECATED(("by TypedData"))
      |     ^
/opt/homebrew/Cellar/ruby/4.0.3/include/ruby-4.0.0/ruby/internal/attr/deprecated.h:36:53: note: expanded from macro 'RBIMPL_ATTR_DEPRECATED'
   36 | # define RBIMPL_ATTR_DEPRECATED(msg) __attribute__((__deprecated__ msg))
      |                                                     ^
Variadic.c:131:5: warning: 'rb_data_object_get_warning' is deprecated: by TypedData [-Wdeprecated-declarations]
  131 |     Data_Get_Struct(rbReturnType, Type, invoker->returnType);
      |     ^
/opt/homebrew/Cellar/ruby/4.0.3/include/ruby-4.0.0/ruby/internal/core/rdata.h:278:34: note: expanded from macro 'Data_Get_Struct'
  278 |     ((sval) = RBIMPL_CAST((type*)rb_data_object_get(obj)))
      |                                  ^
/opt/homebrew/Cellar/ruby/4.0.3/include/ruby-4.0.0/ruby/internal/core/rdata.h:370:31: note: expanded from macro 'rb_data_object_get'
  370 | #define rb_data_object_get    RUBY_MACRO_SELECT(rb_data_object_get_2, RUBY_UNTYPED_DATA_WARNING)
      |                               ^
/opt/homebrew/Cellar/ruby/4.0.3/include/ruby-4.0.0/ruby/internal/core/rdata.h:50:35: note: expanded from macro 'RUBY_MACRO_SELECT'
   50 | #define RUBY_MACRO_SELECT(x, y)   RBIMPL_MACRO_SELECT(x, y)
      |                                   ^
/opt/homebrew/Cellar/ruby/4.0.3/include/ruby-4.0.0/ruby/internal/core/rdata.h:49:35: note: expanded from macro 'RBIMPL_MACRO_SELECT'
   49 | #define RBIMPL_MACRO_SELECT(x, y) x ## y
      |                                   ^
<scratch space>:101:1: note: expanded from here
  101 | rb_data_object_get_1
      | ^
/opt/homebrew/Cellar/ruby/4.0.3/include/ruby-4.0.0/ruby/internal/core/rdata.h:368:31: note: expanded from macro 'rb_data_object_get_1'
  368 | #define rb_data_object_get_1  rb_data_object_get_warning
      |                               ^
/opt/homebrew/Cellar/ruby/4.0.3/include/ruby-4.0.0/ruby/internal/core/rdata.h:317:1: note: 'rb_data_object_get_warning' has been explicitly marked deprecated here
  317 | RBIMPL_ATTRSET_UNTYPED_DATA_FUNC()
      | ^
/opt/homebrew/Cellar/ruby/4.0.3/include/ruby-4.0.0/ruby/internal/core/rdata.h:47:5: note: expanded from macro 'RBIMPL_ATTRSET_UNTYPED_DATA_FUNC'
   47 |     RBIMPL_ATTR_DEPRECATED(("by TypedData"))
      |     ^
/opt/homebrew/Cellar/ruby/4.0.3/include/ruby-4.0.0/ruby/internal/attr/deprecated.h:36:53: note: expanded from macro 'RBIMPL_ATTR_DEPRECATED'
   36 | # define RBIMPL_ATTR_DEPRECATED(msg) __attribute__((__deprecated__ msg))
      |                                                     ^
Variadic.c:145:9: warning: 'rb_data_object_get_warning' is deprecated: by TypedData [-Wdeprecated-declarations]
  145 |         Data_Get_Struct(rbType, Type, type);
      |         ^
/opt/homebrew/Cellar/ruby/4.0.3/include/ruby-4.0.0/ruby/internal/core/rdata.h:278:34: note: expanded from macro 'Data_Get_Struct'
  278 |     ((sval) = RBIMPL_CAST((type*)rb_data_object_get(obj)))
      |                                  ^
/opt/homebrew/Cellar/ruby/4.0.3/include/ruby-4.0.0/ruby/internal/core/rdata.h:370:31: note: expanded from macro 'rb_data_object_get'
  370 | #define rb_data_object_get    RUBY_MACRO_SELECT(rb_data_object_get_2, RUBY_UNTYPED_DATA_WARNING)
      |                               ^
/opt/homebrew/Cellar/ruby/4.0.3/include/ruby-4.0.0/ruby/internal/core/rdata.h:50:35: note: expanded from macro 'RUBY_MACRO_SELECT'
   50 | #define RUBY_MACRO_SELECT(x, y)   RBIMPL_MACRO_SELECT(x, y)
      1 warning generated.
|                                   ^
/opt/homebrew/Cellar/ruby/4.0.3/include/ruby-4.0.0/ruby/internal/core/rdata.h:49:35: note: expanded from macro 'RBIMPL_MACRO_SELECT'
   49 | #define RBIMPL_MACRO_SELECT(x, 7 warnings generated.
y) x ## y
      |                                   ^
<scratch space>:102:1: note: expanded from here
  102 | rb_data_object_get_1
      | ^
/opt/homebrew/Cellar/ruby/4.0.3/include/ruby-4.0.0/ruby/internal/core/rdata.h:368:31: note: expanded from macro 'rb_data_object_get_1'
  368 | #define rb_data_object_get_1  rb_data_object_get_warning
      |                               ^
/opt/homebrew/Cellar/ruby/4.0.3/include/ruby-4.0.0/ruby/internal/core/rdata.h:317:1: note: 'rb_data_object_get_warning' has been explicitly marked deprecated here
  317 | RBIMPL_ATTRSET_UNTYPED_DATA_FUNC()
      | ^
/opt/homebrew/Cellar/ruby/4.0.3/include/ruby-4.0.0/ruby/internal/core/rdata.h:47:5: note: expanded from macro 'RBIMPL_ATTRSET_UNTYPED_DATA_FUNC'
   47 |     RBIMPL_ATTR_DEPRECATED(("by TypedData"))
      |     ^
/opt/homebrew/Cellar/ruby/4.0.3/include/ruby-4.0.0/ruby/internal/attr/deprecated.h:36:53: note: expanded from macro 'RBIMPL_ATTR_DEPRECATED'
   36 | # define RBIMPL_ATTR_DEPRECATED(msg) __attribute__((__deprecated__ msg))
      |                                                     ^
Variadic.c:179:5: warning: 'rb_data_object_get_warning' is deprecated: by TypedData [-Wdeprecated-declarations]
  179 |     Data_Get_Struct(self, VariadicInvoker, invoker);
      |     ^
/opt/homebrew/Cellar/ruby/4.0.3/include/ruby-4.0.0/ruby/internal/core/rdata.h:278:34: note: expanded from macro 'Data_Get_Struct'
  278 |     ((sval) = RBIMPL_CAST((type*)rb_data_object_get(obj)))
      |                                  ^
/opt/homebrew/Cellar/ruby/4.0.3/include/ruby-4.0.0/ruby/internal/core/rdata.h:370:31: note: expanded from macro 'rb_data_object_get'
  370 | #define rb_data_object_get    RUBY_MACRO_SELECT(rb_data_object_get_2, RUBY_UNTYPED_DATA_WARNING)
      |                               ^
/opt/homebrew/Cellar/ruby/4.0.3/include/ruby-4.0.0/ruby/internal/core/rdata.h:50:35: note: expanded from macro 'RUBY_MACRO_SELECT'
   50 | #define RUBY_MACRO_SELECT(x, y)   RBIMPL_MACRO_SELECT(x, y)
      |                                   ^
/opt/homebrew/Cellar/ruby/4.0.3/include/ruby-4.0.0/ruby/internal/core/rdata.h:49:35: note: expanded from macro 'RBIMPL_MACRO_SELECT'
   49 | #define RBIMPL_MACRO_SELECT(x, y) x ## y
      |                                   ^
<scratch space>:103:1: note: expanded from here
  103 | rb_data_object_get_1
      | ^
/opt/homebrew/Cellar/ruby/4.0.3/include/ruby-4.0.0/ruby/internal/core/rdata.h:368:31: note: expanded from macro 'rb_data_object_get_1'
  368 | #define rb_data_object_get_1  rb_data_object_get_warning
      |                               ^
/opt/homebrew/Cellar/ruby/4.0.3/include/ruby-4.0.0/ruby/internal/core/rdata.h:317:1: note: 'rb_data_object_get_warning' has been explicitly marked deprecated here
  317 | RBIMPL_ATTRSET_UNTYPED_DATA_FUNC()
      | ^
/opt/homebrew/Cellar/ruby/4.0.3/include/ruby-4.0.0/ruby/internal/core/rdata.h:47:5: note: expanded from macro 'RBIMPL_ATTRSET_UNTYPED_DATA_FUNC'
   47 |     RBIMPL_ATTR_DEPRECATED(("by TypedData"))
      |     ^
/opt/homebrew/Cellar/ruby/4.0.3/include/ruby-4.0.0/ruby/internal/attr/deprecated.h:36:53: note: expanded from macro 'RBIMPL_ATTR_DEPRECATED'
   36 | # define RBIMPL_ATTR_DEPRECATED(msg) __attribute__((__deprecated__ msg))
      |                                                     ^
Variadic.c:195:9: warning: 'rb_data_object_get_warning' is deprecated: by TypedData [-Wdeprecated-declarations]
  195 |         Data_Get_Struct(rbType, Type, paramTypes[i]);
      |         ^
/opt/homebrew/Cellar/ruby/4.0.3/include/ruby-4.0.0/ruby/internal/core/rdata.h:278:34: note: expanded from macro 'Data_Get_Struct'
  278 |     ((sval) = RBIMPL_CAST((type*)rb_data_object_get(obj)))
      |                                  ^
/opt/homebrew/Cellar/ruby/4.0.3/include/ruby-4.0.0/ruby/internal/core/rdata.h:370:31: note: expanded from macro 'rb_data_object_get'
  370 | #define rb_data_object_get    RUBY_MACRO_SELECT(rb_data_object_get_2, RUBY_UNTYPED_DATA_WARNING)
      |                               ^
/opt/homebrew/Cellar/ruby/4.0.3/include/ruby-4.0.0/ruby/internal/core/rdata.h:50:35: note: expanded from macro 'RUBY_MACRO_SELECT'
   50 | #define RUBY_MACRO_SELECT(x, y)   RBIMPL_MACRO_SELECT(x, y)
      |                                   ^
/opt/homebrew/Cellar/ruby/4.0.3/include/ruby-4.0.0/ruby/internal/core/rdata.h:49:35: note: expanded from macro 'RBIMPL_MACRO_SELECT'
   49 | #define RBIMPL_MACRO_SELECT(x, y) x ## y
      |                                   ^
<scratch space>:104:1: note: expanded from here
  104 | rb_data_object_get_1
      | ^
/opt/homebrew/Cellar/ruby/4.0.3/include/ruby-4.0.0/ruby/internal/core/rdata.h:368:31: note: expanded from macro 'rb_data_object_get_1'
  368 | #define rb_data_object_get_1  rb_data_object_get_warning
      |                               ^
/opt/homebrew/Cellar/ruby/4.0.3/include/ruby-4.0.0/ruby/internal/core/rdata.h:317:1: note: 'rb_data_object_get_warning' has been explicitly marked deprecated here
  317 | RBIMPL_ATTRSET_UNTYPED_DATA_FUNC()
      | ^
/opt/homebrew/Cellar/ruby/4.0.3/include/ruby-4.0.0/ruby/internal/core/rdata.h:47:5: note: expanded from macro 'RBIMPL_ATTRSET_UNTYPED_DATA_FUNC'
   47 |     RBIMPL_ATTR_DEPRECATED(("by TypedData"))
      |     ^
/opt/homebrew/Cellar/ruby/4.0.3/include/ruby-4.0.0/ruby/internal/attr/deprecated.h:36:53: note: expanded from macro 'RBIMPL_ATTR_DEPRECATED'
   36 | # define RBIMPL_ATTR_DEPRECATED(msg) __attribute__((__deprecated__ msg))
      |                                                     ^
Variadic.c:202:17: warning: 'rb_data_object_get_warning' is deprecated: by TypedData [-Wdeprecated-declarations]
22 warnings generated.
  202 |                 Data_Get_Struct(rbType, Type, paramTypes[i]);
      |                 ^
/opt/homebrew/Cellar/ruby/4.0.3/include/ruby-4.0.0/ruby/internal/core/rdata.h:278:34: note: expanded from macro 'Data_Get_Struct'
  278 |     ((sval) = RBIMPL_CAST((type*)rb_data_object_get(obj)))
      |                                  ^
/opt/homebrew/Cellar/ruby/4.0.3/include/ruby-4.0.0/ruby/internal/core/rdata.h:370:31: note: expanded from macro 'rb_data_object_get'
  370 | #define rb_data_object_get    RUBY_MACRO_SELECT(rb_data_object_get_2, RUBY_UNTYPED_DATA_WARNING)
      |                               ^
/opt/homebrew/Cellar/ruby/4.0.3/include/ruby-4.0.0/ruby/internal/core/rdata.h:50:35: note: expanded from macro 'RUBY_MACRO_SELECT'
   50 | #define RUBY_MACRO_SELECT(x, y)   RBIMPL_MACRO_SELECT(x, y)
      |                                   ^
/opt/homebrew/Cellar/ruby/4.0.3/include/ruby-4.0.0/ruby/internal/core/rdata.h:49:35: note: expanded from macro 'RBIMPL_MACRO_SELECT'
   49 | #define RBIMPL_MACRO_SELECT(x, y) x ## y
      |                                   ^
<scratch space>:105:1: note: expanded from here
  105 | rb_data_object_get_1
      | ^
/opt/homebrew/Cellar/ruby/4.0.3/include/ruby-4.0.0/ruby/internal/core/rdata.h:368:31: note: expanded from macro 'rb_data_object_get_1'
  368 | #define rb_data_object_get_1  rb_data_object_get_warning
      |                               ^
/opt/homebrew/Cellar/ruby/4.0.3/include/ruby-4.0.0/ruby/internal/core/rdata.h:317:1: note: 'rb_data_object_get_warning' has been explicitly marked deprecated here
  317 | RBIMPL_ATTRSET_UNTYPED_DATA_FUNC()
      | ^
/opt/homebrew/Cellar/ruby/4.0.3/include/ruby-4.0.0/ruby/internal/core/rdata.h:47:5: note: expanded from macro 'RBIMPL_ATTRSET_UNTYPED_DATA_FUNC'
   47 |     RBIMPL_ATTR_DEPRECATED(("by TypedData"))
      |     ^
/opt/homebrew/Cellar/ruby/4.0.3/include/ruby-4.0.0/ruby/internal/attr/deprecated.h:36:53: note: expanded from macro 'RBIMPL_ATTR_DEPRECATED'
   36 | # define RBIMPL_ATTR_DEPRECATED(msg) __attribute__((__deprecated__ msg))
      |                                                     ^
Variadic.c:208:17: warning: 'rb_data_object_get_warning' is deprecated: by TypedData [-Wdeprecated-declarations]
  208 |                 Data_Get_Struct(rbType, Type, paramTypes[i]);
      |                 ^
/opt/homebrew/Cellar/ruby/4.0.3/include/ruby-4.0.0/ruby/internal/core/rdata.h:278:34: note: expanded from macro 'Data_Get_Struct'
  278 |     ((sval) = RBIMPL_CAST((type*)rb_data_object_get(obj)))
      |                                  ^
/opt/homebrew/Cellar/ruby/4.0.3/include/ruby-4.0.0/ruby/internal/core/rdata.h:370:31: note: expanded from macro 'rb_data_object_get'
  370 | #define rb_data_object_get    RUBY_MACRO_SELECT(rb_data_object_get_2, RUBY_UNTYPED_DATA_WARNING)
      |                               ^
/opt/homebrew/Cellar/ruby/4.0.3/include/ruby-4.0.0/ruby/internal/core/rdata.h:50:35: note: expanded from macro 'RUBY_MACRO_SELECT'
   50 | #define RUBY_MACRO_SELECT(x, y)   RBIMPL_MACRO_SELECT(x, y)
      |                                   ^
/opt/homebrew/Cellar/ruby/4.0.3/include/ruby-4.0.0/ruby/internal/core/rdata.h:49:35: note: expanded from macro 'RBIMPL_MACRO_SELECT'
   49 | #define RBIMPL_MACRO_SELECT(x, y) x ## y
      |                                   ^
<scratch space>:106:1: note: expanded from here
  106 | rb_data_object_get_1
      | ^
/opt/homebrew/Cellar/ruby/4.0.3/include/ruby-4.0.0/ruby/internal/core/rdata.h:368:31: note: expanded from macro 'rb_data_object_get_1'
  368 | #define rb_data_object_get_1  rb_data_object_get_warning
      |                               ^
/opt/homebrew/Cellar/ruby/4.0.3/include/ruby-4.0.0/ruby/internal/core/rdata.h:317:1: note: 'rb_data_object_get_warning' has been explicitly marked deprecated here
  317 | RBIMPL_ATTRSET_UNTYPED_DATA_FUNC()
      | ^
/opt/homebrew/Cellar/ruby/4.0.3/include/ruby-4.0.0/ruby/internal/core/rdata.h:47:5: note: expanded from macro 'RBIMPL_ATTRSET_UNTYPED_DATA_FUNC'
   47 |     RBIMPL_ATTR_DEPRECATED(("by TypedData"))
      |     ^
/opt/homebrew/Cellar/ruby/4.0.3/include/ruby-4.0.0/ruby/internal/attr/deprecated.h:36:53: note: expanded from macro 'RBIMPL_ATTR_DEPRECATED'
   36 | # define RBIMPL_ATTR_DEPRECATED(msg) __attribute__((__deprecated__ msg))
      |                                                     ^
Variadic.c:213:17: warning: 'rb_data_object_get_warning' is deprecated: by TypedData [-Wdeprecated-declarations]
  213 |                 Data_Get_Struct(rbType, Type, paramTypes[i]);
      |                 ^
/opt/homebrew/Cellar/ruby/4.0.3/include/ruby-4.0.0/ruby/internal/core/rdata.h:278:34: note: expanded from macro 'Data_Get_Struct'
  278 |     ((sval) = RBIMPL_CAST((type*)rb_data_object_get(obj)))
      |                                  ^
/opt/homebrew/Cellar/ruby/4.0.3/include/ruby-4.0.0/ruby/internal/core/rdata.h:370:31: note: expanded from macro 'rb_data_object_get'
  370 | #define rb_data_object_get    RUBY_MACRO_SELECT(rb_data_object_get_2, RUBY_UNTYPED_DATA_WARNING)
      |                               ^
/opt/homebrew/Cellar/ruby/4.0.3/include/ruby-4.0.0/ruby/internal/core/rdata.h:50:35: note: expanded from macro 'RUBY_MACRO_SELECT'
   50 | #define RUBY_MACRO_SELECT(x, y)   RBIMPL_MACRO_SELECT(x, y)
      |                                   ^
/opt/homebrew/Cellar/ruby/4.0.3/include/ruby-4.0.0/ruby/internal/core/rdata.h:49:35: note: expanded from macro 'RBIMPL_MACRO_SELECT'
   49 | #define RBIMPL_MACRO_SELECT(x, y) x ## y
      |                                   ^
<scratch space>:107:1: note: expanded from here
  107 | rb_data_object_get_1
      | ^
/opt/homebrew/Cellar/ruby/4.0.3/include/ruby-4.0.0/ruby/internal/core/rdata.h:368:31: note: expanded from macro 'rb_data_object_get_1'
  368 | #define rb_data_object_get_1  rb_data_object_get_warning
      |                               ^
/opt/homebrew/Cellar/ruby/4.0.3/include/ruby-4.0.0/ruby/internal/core/rdata.h:317:1: note: 'rb_data_object_get_warning' has been explicitly marked deprecated here
  317 | RBIMPL_ATTRSET_UNTYPED_DATA_FUNC()
      | ^
/opt/homebrew/Cellar/ruby/4.0.3/include/ruby-4.0.0/ruby/internal/core/rdata.h:47:5: note: expanded from macro 'RBIMPL_ATTRSET_UNTYPED_DATA_FUNC'
   47 |     RBIMPL_ATTR_DEPRECATED(("by TypedData"))
      |     ^
/opt/homebrew/Cellar/ruby/4.0.3/include/ruby-4.0.0/ruby/internal/attr/deprecated.h:36:53: note: expanded from macro 'RBIMPL_ATTR_DEPRECATED'
   36 | # define RBIMPL_ATTR_DEPRECATED(msg) __attribute__((__deprecated__ msg))
      |                                                     ^
Struct.c:644:9: warning: call to 'rb_data_object_get_warning' declared with 'warning' attribute: untyped Data is unsafe; use TypedData instead [-Wattribute-warning]
  644 |         Data_Get_Struct(array->field->rbType, ArrayType, arrayType);
      |         ^
/opt/homebrew/Cellar/ruby/4.0.3/include/ruby-4.0.0/ruby/internal/core/rdata.h:278:34: note: expanded from macro 'Data_Get_Struct'
  278 |     ((sval) = RBIMPL_CAST((type*)rb_data_object_get(obj)))
      |                                  ^
/opt/homebrew/Cellar/ruby/4.0.3/include/ruby-4.0.0/ruby/internal/core/rdata.h:370:31: note: expanded from macro 'rb_data_object_get'
  370 | #define rb_data_object_get    RUBY_MACRO_SELECT(rb_data_object_get_2, RUBY_UNTYPED_DATA_WARNING)
      |                               ^
/opt/homebrew/Cellar/ruby/4.0.3/include/ruby-4.0.0/ruby/internal/core/rdata.h:50:35: note: expanded from macro 'RUBY_MACRO_SELECT'
   50 | #define RUBY_MACRO_SELECT(x, y)   RBIMPL_MACRO_SELECT(x, y)
      |                                   ^
/opt/homebrew/Cellar/ruby/4.0.3/include/ruby-4.0.0/ruby/internal/core/rdata.h:49:35: note: expanded from macro 'RBIMPL_MACRO_SELECT'
   49 | #define RBIMPL_MACRO_SELECT(x, y) x ## y
      |                                   ^
<scratch space>:123:1: note: expanded from here
  123 | rb_data_object_get_1
      | ^
/opt/homebrew/Cellar/ruby/4.0.3/include/ruby-4.0.0/ruby/internal/core/rdata.h:368:31: note: expanded from macro 'rb_data_object_get_1'
  368 | #define rb_data_object_get_1  rb_data_object_get_warning
      |                               ^
29 warnings generated.
8 warnings generated.
70 warnings generated.
linking shared-object ffi_c.bundle
ld: warning: ignoring duplicate libraries: '-lffi'

current directory: /Users/collinsmunyendo/rt2lab.github.io/vendor/bundle/ruby/4.0.0/gems/ffi-1.15.5/ext/ffi_c
make -j9 DESTDIR\= sitearchdir\=./.gem.20260508-30760-hv0g7v sitelibdir\=./.gem.20260508-30760-hv0g7v install
/usr/bin/install -c -m 0755 ffi_c.bundle ./.gem.20260508-30760-hv0g7v

current directory: /Users/collinsmunyendo/rt2lab.github.io/vendor/bundle/ruby/4.0.0/gems/ffi-1.15.5/ext/ffi_c
make DESTDIR\= sitearchdir\=./.gem.20260508-30760-hv0g7v sitelibdir\=./.gem.20260508-30760-hv0g7v clean
